<?xml version="1.0" encoding="utf-8" ?>
<kml xmlns="http://www.opengis.net/kml/2.2">
<Document id="root_doc">
<Schema name="SE_0001" id="SE_0001">
	<SimpleField name="fid" type="string"></SimpleField>
	<SimpleField name="id" type="string"></SimpleField>
	<SimpleField name="objectid" type="string"></SimpleField>
	<SimpleField name="region" type="string"></SimpleField>
	<SimpleField name="lregion" type="string"></SimpleField>
	<SimpleField name="cercle" type="string"></SimpleField>
	<SimpleField name="lcercle" type="string"></SimpleField>
	<SimpleField name="commune" type="string"></SimpleField>
	<SimpleField name="lcommune" type="string"></SimpleField>
	<SimpleField name="type_com" type="string"></SimpleField>
	<SimpleField name="num_se" type="string"></SimpleField>
	<SimpleField name="num_dd" type="string"></SimpleField>
	<SimpleField name="pop_se" type="string"></SimpleField>
	<SimpleField name="idzc" type="string"></SimpleField>
	<SimpleField name="iddd" type="string"></SimpleField>
	<SimpleField name="idse" type="string"></SimpleField>
	<SimpleField name="resultat_c" type="string"></SimpleField>
	<SimpleField name="statut_se" type="string"></SimpleField>
	<SimpleField name="mode_vie_c" type="string"></SimpleField>
	<SimpleField name="statut_col" type="string"></SimpleField>
	<SimpleField name="emprise" type="string"></SimpleField>
	<SimpleField name="affiche_in" type="string"></SimpleField>
	<SimpleField name="zone" type="string"></SimpleField>
	<SimpleField name="source" type="string"></SimpleField>
	<SimpleField name="date_modif" type="string"></SimpleField>
	<SimpleField name="observatio" type="string"></SimpleField>
	<SimpleField name="shape_leng" type="string"></SimpleField>
	<SimpleField name="shape_area" type="string"></SimpleField>
</Schema>
<Folder><name>SE_0001</name>
  <Placemark id="SE_0001.1">
	<name>88735.0</name>
	<description>4584.0</description>
	<Style><LineStyle><color>ff0000ff</color></LineStyle><PolyStyle><fill>0</fill></PolyStyle></Style>
	<ExtendedData><SchemaData schemaUrl="#SE_0001">
		<SimpleData name="fid">4593.0</SimpleData>
		<SimpleData name="id">01</SimpleData>
		<SimpleData name="objectid">Kayes</SimpleData>
		<SimpleData name="region">11</SimpleData>
		<SimpleData name="lregion">Kayes</SimpleData>
		<SimpleData name="cercle">1102</SimpleData>
		<SimpleData name="lcercle">Bangassi</SimpleData>
		<SimpleData name="commune">RU</SimpleData>
		<SimpleData name="lcommune">0001</SimpleData>
		<SimpleData name="type_com">001</SimpleData>
		<SimpleData name="num_se">970.0</SimpleData>
		<SimpleData name="num_dd">1122.0</SimpleData>
		<SimpleData name="pop_se">1102001.0</SimpleData>
		<SimpleData name="idzc">11020001.0</SimpleData>
		<SimpleData name="iddd">Accessible</SimpleData>
		<SimpleData name="idse">SE Sedentaire</SimpleData>
		<SimpleData name="resultat_c">Commune Sedentaire</SimpleData>
		<SimpleData name="statut_se">CAPI</SimpleData>
		<SimpleData name="mode_vie_c">Oui</SimpleData>
		<SimpleData name="statut_col">Non</SimpleData>
		<SimpleData name="emprise">CAPI</SimpleData>
		<SimpleData name="affiche_in">Carto RGPH5 2019-2020</SimpleData>
		<SimpleData name="date_modif">0.000424485</SimpleData>
	</SchemaData></ExtendedData>
      <Polygon><outerBoundaryIs><LinearRing><coordinates>-11.5023093689999,14.5190391130001 -11.5020325269999,14.515529438 -11.5021848129999,14.5112654440001 -11.504126453,14.507420235 -11.5074196269999,14.500929065 -11.5083158959999,14.4970948770001 -11.5083853589999,14.4968956930001 -11.508455,14.496696 -11.5085871709999,14.496245292 -11.508570058,14.496155087 -11.508558649,14.495925895 -11.508584319,14.4958255650001 -11.5086641789999,14.4957059060001 -11.5087421379999,14.4955945310001 -11.508831506,14.4954702700001 -11.508905662,14.4953690200001 -11.5089398879999,14.4952861790001 -11.508973163,14.495103928 -11.5090254519999,14.494897746 -11.5090482689999,14.4948103030001 -11.509034959,14.4947136540001 -11.508997881,14.494569142 -11.508989109,14.494504229 -11.508900949,14.494475364 -11.508759966,14.494426585 -11.5085380809999,14.4943444940001 -11.508465508,14.494307017 -11.5083376119999,14.4942249260001 -11.508217449,14.4941452140001 -11.508063379,14.494042302 -11.507893247,14.493937606 -11.507786767,14.4938935860001 -11.5076856389999,14.49383291 -11.50768326,14.493791269 -11.507680286,14.493758552 -11.507710029,14.493626492 -11.507736203,14.4935045440001 -11.507745588,14.4934289710001 -11.5080809,14.493509322 -11.5082293789999,14.4935226470001 -11.508301714,14.4935112260001 -11.5082940999999,14.4931400300001 -11.508235702,14.4930782490001 -11.5082253429999,14.493027479 -11.5082262939999,14.492919784 -11.5082424559999,14.4928203740001 -11.5082492449999,14.4928081950001 -11.50827478,14.492762385 -11.508331824,14.4927172820001 -11.5084478109999,14.4926583720001 -11.5084867909999,14.492621553 -11.5085033149999,14.4925255640001 -11.508505805,14.492511097 -11.5085105589999,14.4923279240001 -11.508527672,14.492194456 -11.5085333759999,14.49200484 -11.5085351549999,14.4919452570001 -11.50853813,14.4918455980001 -11.508548714,14.491768307 -11.5085496729999,14.4917613000001 -11.5085714049999,14.491602594 -11.5086693289999,14.4913402600001 -11.5086780679999,14.491243969 -11.5087296149999,14.4912157590001 -11.508790647,14.490898397 -11.5210080099999,14.493654937 -11.5210275479999,14.496081841 -11.519893301,14.509641577 -11.519875632,14.50985281 -11.518903881,14.5214699270001 -11.5181241499999,14.521408369 -11.5156810899999,14.5210423680001 -11.5071642349999,14.5197664340001 -11.5023093689999,14.5190391130001</coordinates></LinearRing></outerBoundaryIs></Polygon>
  </Placemark>
  <Placemark id="SE_0001.2">
	<name>88921.0</name>
	<description>4770.0</description>
	<Style><LineStyle><color>ff0000ff</color></LineStyle><PolyStyle><fill>0</fill></PolyStyle></Style>
	<ExtendedData><SchemaData schemaUrl="#SE_0001">
		<SimpleData name="fid">4779.0</SimpleData>
		<SimpleData name="id">01</SimpleData>
		<SimpleData name="objectid">Kayes</SimpleData>
		<SimpleData name="region">11</SimpleData>
		<SimpleData name="lregion">Kayes</SimpleData>
		<SimpleData name="cercle">1101</SimpleData>
		<SimpleData name="lcercle">Kayes commune</SimpleData>
		<SimpleData name="commune">UR</SimpleData>
		<SimpleData name="lcommune">0001</SimpleData>
		<SimpleData name="type_com">001</SimpleData>
		<SimpleData name="num_se">818.0</SimpleData>
		<SimpleData name="num_dd">1110.0</SimpleData>
		<SimpleData name="pop_se">1101001.0</SimpleData>
		<SimpleData name="idzc">11010001.0</SimpleData>
		<SimpleData name="iddd">Accessible</SimpleData>
		<SimpleData name="idse">SE Sedentaire</SimpleData>
		<SimpleData name="resultat_c">Commune Sedentaire</SimpleData>
		<SimpleData name="statut_se">CAPI</SimpleData>
		<SimpleData name="mode_vie_c">Non</SimpleData>
		<SimpleData name="statut_col">Oui</SimpleData>
		<SimpleData name="emprise">CAPI</SimpleData>
		<SimpleData name="affiche_in">Carto RGPH5 2019-2020</SimpleData>
		<SimpleData name="date_modif">4.10316e-05</SimpleData>
	</SchemaData></ExtendedData>
      <Polygon><outerBoundaryIs><LinearRing><coordinates>-11.451017034,14.4673521400001 -11.4510143869999,14.467351428 -11.451009815,14.467349702 -11.450829224,14.467281513 -11.449722166,14.466863496 -11.4491909249999,14.466662904 -11.448509854,14.466391302 -11.4481260499999,14.466238247 -11.448054267,14.46620962 -11.448028751,14.466199746 -11.447952605,14.4663924430001 -11.446019333,14.46568018 -11.4460304309999,14.4656486540001 -11.446182171,14.465217604 -11.4462222879999,14.465103205 -11.4462594669999,14.464997182 -11.446664701,14.465140638 -11.447005834,14.4643007060001 -11.447604419,14.462759668 -11.4477047999999,14.4625012390001 -11.448248764,14.4611797920001 -11.447993056,14.461091004 -11.448704387,14.4591870960001 -11.449165133,14.458124121 -11.4501631369999,14.4583468180001 -11.451186306,14.458477687 -11.451738763,14.458594427 -11.451614085,14.458969261 -11.4516025039999,14.4590040780001 -11.4515712039999,14.459098178 -11.4515522469999,14.45917552 -11.451462598,14.459541287 -11.4514544809999,14.4595744060001 -11.4514357479999,14.4596508340001 -11.4513537509999,14.4599853780001 -11.45133937,14.4600821350001 -11.4513090959999,14.46028582 -11.451288845,14.460422071 -11.451273713,14.460523879 -11.451239384,14.460754841 -11.451225286,14.460849694 -11.4512173589999,14.460903027 -11.451202934,14.461000079 -11.451193463,14.4610637980001 -11.451231929,14.461121497 -11.451357645,14.4613100720001 -11.4512843059999,14.461512489 -11.4512684159999,14.4615563450001 -11.4512833159999,14.461562975 -11.4513600679999,14.461597124 -11.4514701859999,14.461646117 -11.451478998,14.461650037 -11.452051162,14.461768867 -11.452240408,14.46180817 -11.452417855,14.461845022 -11.452574899,14.4619021300001 -11.452563708,14.462021496 -11.45255042,14.462163237 -11.452532069,14.462358986 -11.452452837,14.462708778 -11.4524932419999,14.46279028 -11.452508274,14.462820601 -11.452517792,14.4628872260001 -11.452408337,14.463201315 -11.452234517,14.463601893 -11.4520399969999,14.464050178 -11.452022411,14.464090707 -11.451856999,14.46447191 -11.451691388,14.464853573 -11.4515639689999,14.465147218 -11.451495698,14.4653045540001 -11.451470829,14.465361865 -11.453243528,14.466075704 -11.454146129,14.466415296 -11.4541475739999,14.46641584 -11.454445156,14.466527802 -11.4552522459999,14.466828596 -11.4551116279999,14.4672431390001 -11.455064755,14.467381318 -11.4548714159999,14.467951284 -11.4547371959999,14.4683526760001 -11.451017034,14.4673521400001</coordinates></LinearRing></outerBoundaryIs></Polygon>
  </Placemark>
  <Placemark id="SE_0001.3">
	<name>89040.0</name>
	<description>4889.0</description>
	<Style><LineStyle><color>ff0000ff</color></LineStyle><PolyStyle><fill>0</fill></PolyStyle></Style>
	<ExtendedData><SchemaData schemaUrl="#SE_0001">
		<SimpleData name="fid">4898.0</SimpleData>
		<SimpleData name="id">01</SimpleData>
		<SimpleData name="objectid">Kayes</SimpleData>
		<SimpleData name="region">11</SimpleData>
		<SimpleData name="lregion">Kayes</SimpleData>
		<SimpleData name="cercle">1117</SimpleData>
		<SimpleData name="lcercle">Liberte Dembaya</SimpleData>
		<SimpleData name="commune">RU</SimpleData>
		<SimpleData name="lcommune">0001</SimpleData>
		<SimpleData name="type_com">002</SimpleData>
		<SimpleData name="num_se">701.0</SimpleData>
		<SimpleData name="num_dd">1129.0</SimpleData>
		<SimpleData name="pop_se">1117002.0</SimpleData>
		<SimpleData name="idzc">11170001.0</SimpleData>
		<SimpleData name="iddd">Accessible</SimpleData>
		<SimpleData name="idse">SE Sedentaire</SimpleData>
		<SimpleData name="resultat_c">Commune Sedentaire</SimpleData>
		<SimpleData name="statut_se">CAPI</SimpleData>
		<SimpleData name="mode_vie_c">Oui</SimpleData>
		<SimpleData name="statut_col">Non</SimpleData>
		<SimpleData name="emprise">CAPI</SimpleData>
		<SimpleData name="affiche_in">Carto RGPH5 2019-2020</SimpleData>
		<SimpleData name="date_modif">4.93226e-05</SimpleData>
	</SchemaData></ExtendedData>
      <Polygon><outerBoundaryIs><LinearRing><coordinates>-11.478419672,14.4663113440001 -11.479177201,14.464172809 -11.479785783,14.4627284700001 -11.4805910759999,14.460817278 -11.4810141039999,14.46002817 -11.4810921509999,14.4599225220001 -11.4812316269999,14.45964464 -11.4815677249999,14.458975417 -11.4819008499999,14.4585381910001 -11.482177462,14.4578392240001 -11.4820763349999,14.457782712 -11.4817907999999,14.457702404 -11.481835415,14.457535842 -11.4820912069999,14.4567863120001 -11.48262563,14.4568769250001 -11.4838534319999,14.457212429 -11.484938466,14.457469411 -11.4865231869999,14.457840607 -11.4872404999999,14.458016442 -11.4869872849999,14.458799556 -11.486928575,14.4588976860001 -11.486766771,14.4594877920001 -11.4866851579999,14.459876815 -11.486624004,14.4601683180001 -11.4865668969999,14.460458612 -11.486428888,14.4605014430001 -11.485952996,14.460439577 -11.485505657,14.4610534780001 -11.4847680239999,14.4626048860001 -11.48413485,14.46392109 -11.483067263,14.4661403260001 -11.4823629439999,14.4678479350001 -11.482353458,14.467870933 -11.482254865,14.468109971 -11.4822139349999,14.468189157 -11.482211349,14.468194161 -11.4821298709999,14.4681537020001 -11.481943804,14.468061307 -11.481885812,14.4680325100001 -11.48174083,14.4679605170001 -11.481692951,14.4679367410001 -11.481656513,14.467918647 -11.4815987819999,14.467889981 -11.481570582,14.4678759780001 -11.481564551,14.4678729820001 -11.4814041719999,14.467793344 -11.481370426,14.4677765860001 -11.4812321919999,14.467707945 -11.4807710929999,14.467478978 -11.478722153,14.4664615470001 -11.478419672,14.4663113440001</coordinates></LinearRing></outerBoundaryIs></Polygon>
  </Placemark>
  <Placemark id="SE_0001.4">
	<name>89061.0</name>
	<description>4910.0</description>
	<Style><LineStyle><color>ff0000ff</color></LineStyle><PolyStyle><fill>0</fill></PolyStyle></Style>
	<ExtendedData><SchemaData schemaUrl="#SE_0001">
		<SimpleData name="fid">4919.0</SimpleData>
		<SimpleData name="id">01</SimpleData>
		<SimpleData name="objectid">Kayes</SimpleData>
		<SimpleData name="region">11</SimpleData>
		<SimpleData name="lregion">Kayes</SimpleData>
		<SimpleData name="cercle">1118</SimpleData>
		<SimpleData name="lcercle">Logo</SimpleData>
		<SimpleData name="commune">RU</SimpleData>
		<SimpleData name="lcommune">0001</SimpleData>
		<SimpleData name="type_com">001</SimpleData>
		<SimpleData name="num_se">963.0</SimpleData>
		<SimpleData name="num_dd">1117.0</SimpleData>
		<SimpleData name="pop_se">1118001.0</SimpleData>
		<SimpleData name="idzc">11180001.0</SimpleData>
		<SimpleData name="iddd">Accessible</SimpleData>
		<SimpleData name="idse">SE Sedentaire</SimpleData>
		<SimpleData name="resultat_c">Commune Sedentaire</SimpleData>
		<SimpleData name="statut_se">CAPI</SimpleData>
		<SimpleData name="mode_vie_c">Oui</SimpleData>
		<SimpleData name="statut_col">Non</SimpleData>
		<SimpleData name="emprise">CAPI</SimpleData>
		<SimpleData name="affiche_in">Carto RGPH5 2019-2020</SimpleData>
		<SimpleData name="date_modif">0.0010970497</SimpleData>
	</SchemaData></ExtendedData>
      <Polygon><outerBoundaryIs><LinearRing><coordinates>-11.25917,14.26931 -11.2591,14.2692000010001 -11.25884,14.26879 -11.25879,14.268530001 -11.25865,14.268240001 -11.25855,14.26805 -11.25838,14.2676700010001 -11.25826,14.267360001 -11.2581,14.2671 -11.25791,14.266840001 -11.25772,14.2665000010001 -11.25767,14.266190001 -11.25746,14.265740001 -11.25736,14.265360001 -11.25722,14.26503 -11.25703,14.26474 -11.25688,14.264410001 -11.25681,14.26415 -11.25665,14.26386 -11.2565,14.2634800010001 -11.25636,14.26298 -11.25612,14.262500001 -11.25603,14.262270001 -11.25586,14.262030001 -11.25581,14.26179 -11.2556,14.2615700010001 -11.25553,14.26127 -11.25536,14.260880001 -11.25527,14.26062 -11.25419,14.257910001 -11.25386,14.257500001 -11.25362,14.25703 -11.2562973399999,14.2542196640001 -11.257488752,14.252969068 -11.259468112,14.2506246020001 -11.2606565679999,14.2492169270001 -11.260870027,14.248964094 -11.261396216,14.2483408460001 -11.2614750139999,14.248247513 -11.2620051549999,14.2476195850001 -11.26290548,14.24655319 -11.2636533049999,14.245667424 -11.2637758719999,14.245522248 -11.2652987129999,14.243718508 -11.265400379,14.24359809 -11.266508228,14.242285893 -11.2674965919999,14.2411152170001 -11.26762823,14.2409592970001 -11.268507701,14.239917603 -11.268781614,14.239593165 -11.2692839979999,14.238998113 -11.2694102739999,14.2388485450001 -11.269613294,14.238608076 -11.269859116,14.238292019 -11.270035252,14.2380655580001 -11.2736107879999,14.233468439 -11.2746020339999,14.228214834 -11.2747529289999,14.22741509 -11.27488356,14.2261681640001 -11.2881691759999,14.2402751760001 -11.280111539,14.278294036 -11.268890413,14.280829334 -11.268515426,14.2810056110001 -11.2681906289999,14.2812590230001 -11.2679479239999,14.2813946530001 -11.2675624509999,14.281569543 -11.267148425,14.2817836940001 -11.266530955,14.2822940890001 -11.2665452319999,14.2824368560001 -11.265626847,14.282555197 -11.2655583179999,14.2825475830001 -11.264831155,14.28260469 -11.264440431,14.2826242260001 -11.263917442,14.282650376 -11.263803228,14.282650376 -11.26295,14.2827 -11.26295,14.28232 -11.26308,14.281930001 -11.26305,14.281770001 -11.26298,14.281550001 -11.26298,14.281390001 -11.26291,14.281100001 -11.26286,14.280960001 -11.26295,14.2808200010001 -11.26295,14.280600001 -11.262910824,14.280443297 -11.26288,14.28032 -11.26277,14.2802 -11.26272,14.2800100010001 -11.26274,14.279770001 -11.26291,14.27951 -11.26293,14.279360001 -11.26298,14.278930001 -11.26291,14.2787900010001 -11.26279,14.2784300010001 -11.26281,14.2782 -11.26267,14.278010001 -11.26255,14.277670001 -11.26243,14.277290001 -11.26229,14.276930001 -11.26215,14.2766300010001 -11.26205,14.2763400010001 -11.26189,14.27608 -11.26181,14.275740001 -11.26165,14.27539 -11.26143,14.27491 -11.26136,14.2746 -11.26122,14.2742900010001 -11.26103,14.2737 -11.26096,14.273460001 -11.26079,14.27293 -11.26062,14.2726700010001 -11.26043,14.272290001 -11.26034,14.27208 -11.25993,14.27115 -11.25964,14.2705300010001 -11.25938,14.269930001 -11.25931,14.26969 -11.25917,14.26931</coordinates></LinearRing></outerBoundaryIs></Polygon>
  </Placemark>
  <Placemark id="SE_0001.5">
	<name>89082.0</name>
	<description>4931.0</description>
	<Style><LineStyle><color>ff0000ff</color></LineStyle><PolyStyle><fill>0</fill></PolyStyle></Style>
	<ExtendedData><SchemaData schemaUrl="#SE_0001">
		<SimpleData name="fid">4941.0</SimpleData>
		<SimpleData name="id">01</SimpleData>
		<SimpleData name="objectid">Kayes</SimpleData>
		<SimpleData name="region">11</SimpleData>
		<SimpleData name="lregion">Kayes</SimpleData>
		<SimpleData name="cercle">1103</SimpleData>
		<SimpleData name="lcercle">Colimbine</SimpleData>
		<SimpleData name="commune">RU</SimpleData>
		<SimpleData name="lcommune">0001</SimpleData>
		<SimpleData name="type_com">001</SimpleData>
		<SimpleData name="num_se">725.0</SimpleData>
		<SimpleData name="num_dd">1119.0</SimpleData>
		<SimpleData name="pop_se">1103001.0</SimpleData>
		<SimpleData name="idzc">11030001.0</SimpleData>
		<SimpleData name="iddd">Accessible</SimpleData>
		<SimpleData name="idse">SE Sedentaire</SimpleData>
		<SimpleData name="resultat_c">Commune Sedentaire</SimpleData>
		<SimpleData name="statut_se">CAPI</SimpleData>
		<SimpleData name="mode_vie_c">Oui</SimpleData>
		<SimpleData name="statut_col">Non</SimpleData>
		<SimpleData name="emprise">CAPI</SimpleData>
		<SimpleData name="affiche_in">Carto RGPH5 2019-2020</SimpleData>
		<SimpleData name="date_modif">0.0008878787</SimpleData>
	</SchemaData></ExtendedData>
      <Polygon><outerBoundaryIs><LinearRing><coordinates>-11.244706729,14.524443304 -11.212916723,14.5118248750001 -11.212017287,14.5121722760001 -11.211969698,14.5121722760001 -11.211812653,14.511763009 -11.211779341,14.511553615 -11.211722234,14.511320428 -11.21156831,14.5111248330001 -11.2109387039999,14.511377532 -11.210704565,14.511406085 -11.2107006099999,14.511201472 -11.210814824,14.510608985 -11.2108683619999,14.51045908 -11.2107327319999,14.51023422 -11.210518581,14.5100272070001 -11.210518581,14.5096774260001 -11.210647072,14.5095168120001 -11.210907623,14.509316938 -11.211028975,14.5091777390001 -11.211432294,14.508703037 -11.2116178919999,14.508214058 -11.2118713039999,14.5077429240001 -11.2121175789999,14.507164715 -11.275525107,14.507241385 -11.275525649,14.507241387 -11.2716113399999,14.516118788 -11.2707200299999,14.518140224 -11.269886077,14.519311508 -11.2658847029999,14.524931425 -11.2627822379999,14.5292888290001 -11.261489264,14.531104806 -11.2591842419999,14.530189873 -11.2571921369999,14.529399144 -11.244706729,14.524443304</coordinates></LinearRing></outerBoundaryIs></Polygon>
  </Placemark>
  <Placemark id="SE_0001.6">
	<name>89101.0</name>
	<description>4950.0</description>
	<Style><LineStyle><color>ff0000ff</color></LineStyle><PolyStyle><fill>0</fill></PolyStyle></Style>
	<ExtendedData><SchemaData schemaUrl="#SE_0001">
		<SimpleData name="fid">4961.0</SimpleData>
		<SimpleData name="id">01</SimpleData>
		<SimpleData name="objectid">Kayes</SimpleData>
		<SimpleData name="region">11</SimpleData>
		<SimpleData name="lregion">Kayes</SimpleData>
		<SimpleData name="cercle">1104</SimpleData>
		<SimpleData name="lcercle">Diamou</SimpleData>
		<SimpleData name="commune">RU</SimpleData>
		<SimpleData name="lcommune">0001</SimpleData>
		<SimpleData name="type_com">001</SimpleData>
		<SimpleData name="num_se">720.0</SimpleData>
		<SimpleData name="num_dd">1116.0</SimpleData>
		<SimpleData name="pop_se">1104001.0</SimpleData>
		<SimpleData name="idzc">11040001.0</SimpleData>
		<SimpleData name="iddd">Accessible</SimpleData>
		<SimpleData name="idse">SE Sedentaire</SimpleData>
		<SimpleData name="resultat_c">Commune Sedentaire</SimpleData>
		<SimpleData name="statut_se">CAPI</SimpleData>
		<SimpleData name="mode_vie_c">Oui</SimpleData>
		<SimpleData name="statut_col">Non</SimpleData>
		<SimpleData name="emprise">CAPI</SimpleData>
		<SimpleData name="affiche_in">Carto RGPH5 2019-2020</SimpleData>
		<SimpleData name="date_modif">0.0174691968</SimpleData>
	</SchemaData></ExtendedData>
      <Polygon><outerBoundaryIs><LinearRing><coordinates>-11.2700065729999,14.089746351 -11.267924544,14.0894489180001 -11.2670208229999,14.0899760890001 -11.266983372,14.089383136 -11.266904849,14.088769235 -11.2668298959999,14.088751389 -11.266754943,14.0885515140001 -11.2664372849999,14.0877948460001 -11.266248118,14.087205929 -11.2661874419999,14.087091715 -11.265898337,14.08618871 -11.265759139,14.0857675450001 -11.265718917,14.085766945 -11.2657093309999,14.0858148790001 -11.2655951159999,14.0858969710001 -11.264631435,14.086350258 -11.264522273,14.0864417180001 -11.264522271,14.0864414530001 -11.2644918139999,14.086386249 -11.264461357,14.0862549030001 -11.264335721,14.0858570570001 -11.2642736179999,14.0857552160001 -11.264152265,14.085244822 -11.2641187149999,14.085148335 -11.2641187149999,14.0850977710001 -11.264142509,14.085056131 -11.264142509,14.084990695 -11.264050305,14.084657571 -11.2639878439999,14.084422599 -11.263999742,14.0843363440001 -11.264029485,14.0840448600001 -11.264055469,14.0839560800001 -11.263844363,14.0837833570001 -11.2639300229999,14.083369331 -11.264215559,14.0829196130001 -11.2643083579999,14.0827554300001 -11.2643083579999,14.0823199880001 -11.2640068809999,14.0822315670001 -11.2635783699999,14.082158008 -11.262233975,14.0822174950001 -11.2608717329999,14.082253187 -11.260360149,14.082247238 -11.259890206,14.082241289 -11.259782489,14.0822771950001 -11.2597117459999,14.0823007760001 -11.259645915,14.0823168110001 -11.259524364,14.0819440560001 -11.259428226,14.081358214 -11.2594111179999,14.081317691 -11.2592511129999,14.080938701 -11.25924595,14.080926473 -11.259157312,14.080716523 -11.258992985,14.080202475 -11.258925314,14.079990788 -11.2586127179999,14.079196484 -11.2586107249999,14.07919142 -11.258562447,14.0790687460001 -11.258348295,14.0783370620001 -11.2583007059999,14.077831427 -11.258333391,14.077658194 -11.2582274219999,14.0773204160001 -11.258216161,14.077284525 -11.258179507,14.077167688 -11.258277703,14.076698558 -11.258167209,14.0762825800001 -11.2581092679999,14.076064451 -11.2580507489999,14.075420745 -11.2579126369999,14.073901511 -11.257838732,14.0730885630001 -11.2578118349999,14.0727926910001 -11.2578106469999,14.0727852650001 -11.2576810199999,14.0719750960001 -11.2576218899999,14.071605538 -11.257379526,14.0700907560001 -11.256729316,14.069214387 -11.256726193,14.069210179 -11.250527362,14.0608552310001 -11.244166578,14.052282002 -11.2431097269999,14.050635281 -11.242572697,14.049798514 -11.2424986959999,14.049683209 -11.2574352469999,14.0490967850001 -11.3070020939999,14.0471507410001 -11.374663394,14.04449429 -11.386518221,14.0440288570001 -11.393991695,14.04373544 -11.4030200239999,14.0551576460001 -11.404776259,14.11060022 -11.4058801429999,14.145448732 -11.4065551469999,14.1667579190001 -11.406665796,14.170250996 -11.4067575199999,14.1731466270001 -11.406822274,14.175190862 -11.407544252,14.1824117300001 -11.4076399799999,14.18336915 -11.4081906649999,14.187844817 -11.409744291,14.200471839 -11.4099849799999,14.2024280250001 -11.409814538,14.204900987 -11.4098059799999,14.205025151 -11.409829224,14.205257729 -11.4011877249999,14.2037573600001 -11.3493145649999,14.194750959 -11.291748898,14.133944839 -11.2859192179999,14.1252895490001 -11.276939925,14.106155103 -11.2768374039999,14.105936636 -11.273427048,14.0986693290001 -11.2700065729999,14.089746351</coordinates></LinearRing></outerBoundaryIs></Polygon>
  </Placemark>
  <Placemark id="SE_0001.7">
	<name>89129.0</name>
	<description>4978.0</description>
	<Style><LineStyle><color>ff0000ff</color></LineStyle><PolyStyle><fill>0</fill></PolyStyle></Style>
	<ExtendedData><SchemaData schemaUrl="#SE_0001">
		<SimpleData name="fid">4990.0</SimpleData>
		<SimpleData name="id">01</SimpleData>
		<SimpleData name="objectid">Kayes</SimpleData>
		<SimpleData name="region">11</SimpleData>
		<SimpleData name="lregion">Kayes</SimpleData>
		<SimpleData name="cercle">1124</SimpleData>
		<SimpleData name="lcercle">Segala</SimpleData>
		<SimpleData name="commune">RU</SimpleData>
		<SimpleData name="lcommune">0001</SimpleData>
		<SimpleData name="type_com">001</SimpleData>
		<SimpleData name="num_se">853.0</SimpleData>
		<SimpleData name="num_dd">1118.0</SimpleData>
		<SimpleData name="pop_se">1124001.0</SimpleData>
		<SimpleData name="idzc">11240001.0</SimpleData>
		<SimpleData name="iddd">Accessible</SimpleData>
		<SimpleData name="idse">SE Sedentaire</SimpleData>
		<SimpleData name="resultat_c">Commune Sedentaire</SimpleData>
		<SimpleData name="statut_se">CAPI</SimpleData>
		<SimpleData name="mode_vie_c">Oui</SimpleData>
		<SimpleData name="statut_col">Non</SimpleData>
		<SimpleData name="emprise">CAPI</SimpleData>
		<SimpleData name="affiche_in">Carto RGPH5 2019-2020</SimpleData>
		<SimpleData name="date_modif">0.0006578725</SimpleData>
	</SchemaData></ExtendedData>
      <Polygon><outerBoundaryIs><LinearRing><coordinates>-11.0148939979999,14.702350322 -11.0151948939999,14.6990910850001 -11.015100095,14.698692173 -11.015437027,14.698640777 -11.015604541,14.6985570200001 -11.0158672339999,14.6985475020001 -11.016272694,14.698678848 -11.016565843,14.698730244 -11.016583931,14.698709423 -11.0166196229999,14.698541076 -11.016636908,14.698528977 -11.016685058,14.6984952720001 -11.0168926659999,14.698457795 -11.0170574439999,14.69836916 -11.017224601,14.6983376330001 -11.0172692159999,14.6983251400001 -11.01740782,14.698273982 -11.0175880639999,14.6982234180001 -11.017764739,14.698310269 -11.0179265419999,14.698351314 -11.018023505,14.6983649960001 -11.018498445,14.6982862360001 -11.0195409469999,14.698141535 -11.0329720739999,14.697482977 -11.040847576,14.697096823 -11.0418224269999,14.697081763 -11.0417441239999,14.7011720040001 -11.041422155,14.71799035 -11.040504154,14.718478711 -11.0387668339999,14.719402937 -11.032342091,14.722820794 -11.029410852,14.724380163 -11.0281018859999,14.725076512 -11.0232339739999,14.727666159 -11.0195910429999,14.7296041380001 -11.0148939979999,14.702350322</coordinates></LinearRing></outerBoundaryIs></Polygon>
  </Placemark>
  <Placemark id="SE_0001.8">
	<name>89166.0</name>
	<description>5015.0</description>
	<Style><LineStyle><color>ff0000ff</color></LineStyle><PolyStyle><fill>0</fill></PolyStyle></Style>
	<ExtendedData><SchemaData schemaUrl="#SE_0001">
		<SimpleData name="fid">5027.0</SimpleData>
		<SimpleData name="id">01</SimpleData>
		<SimpleData name="objectid">Kayes</SimpleData>
		<SimpleData name="region">11</SimpleData>
		<SimpleData name="lregion">Kayes</SimpleData>
		<SimpleData name="cercle">1109</SimpleData>
		<SimpleData name="lcercle">Goumera</SimpleData>
		<SimpleData name="commune">RU</SimpleData>
		<SimpleData name="lcommune">0001</SimpleData>
		<SimpleData name="type_com">001</SimpleData>
		<SimpleData name="num_se">788.0</SimpleData>
		<SimpleData name="num_dd">1124.0</SimpleData>
		<SimpleData name="pop_se">1109001.0</SimpleData>
		<SimpleData name="idzc">11090001.0</SimpleData>
		<SimpleData name="iddd">Accessible</SimpleData>
		<SimpleData name="idse">SE Sedentaire</SimpleData>
		<SimpleData name="resultat_c">Commune Sedentaire</SimpleData>
		<SimpleData name="statut_se">CAPI</SimpleData>
		<SimpleData name="mode_vie_c">Oui</SimpleData>
		<SimpleData name="statut_col">Non</SimpleData>
		<SimpleData name="emprise">CAPI</SimpleData>
		<SimpleData name="affiche_in">Carto RGPH5 2019-2020</SimpleData>
		<SimpleData name="date_modif">0.0015007861</SimpleData>
	</SchemaData></ExtendedData>
      <Polygon><outerBoundaryIs><LinearRing><coordinates>-11.2904711529999,14.561344224 -11.2920534949999,14.560927818 -11.293563126,14.560679523 -11.2937787559999,14.560644058 -11.293861885,14.560630385 -11.294385367,14.5606006420001 -11.294917176,14.5605328280001 -11.295531077,14.5605827960001 -11.2955790029999,14.5605917 -11.296184239,14.5607041490001 -11.29671876,14.560831292 -11.296919493,14.560879039 -11.297030317,14.5608975100001 -11.297669023,14.561003961 -11.2981365869999,14.561143159 -11.2982293859999,14.5609504230001 -11.2984863679999,14.560782671 -11.299039593,14.5607219950001 -11.2997340699999,14.560519965 -11.299824815,14.560493566 -11.3001638879999,14.5603222450001 -11.3006883209999,14.560124274 -11.30073598,14.560072167 -11.3009505539999,14.5598375660001 -11.3009738559999,14.559812089 -11.301215483,14.5592775440001 -11.3012588559999,14.559181591 -11.301285462,14.559134638 -11.3014530199999,14.5588389490001 -11.301473008,14.558711886 -11.301762826,14.558312136 -11.302129739,14.5577853230001 -11.3022014919999,14.557739113 -11.302350981,14.5576428410001 -11.3029234959999,14.556842349 -11.303863097,14.5555285940001 -11.3053091469999,14.5535067220001 -11.309368422,14.5478310290001 -11.3117437889999,14.544509782 -11.3123922799999,14.544509782 -11.313226163,14.544509782 -11.3140873899999,14.544509782 -11.316721075,14.544509782 -11.318496152,14.544509782 -11.3189208859999,14.544509782 -11.321955889,14.544509782 -11.323227968,14.544509782 -11.3246077979999,14.544509782 -11.3262043089999,14.544509782 -11.326876614,14.5448086230001 -11.330644868,14.5464836190001 -11.33332164,14.54767345 -11.3362506989999,14.548975421 -11.337363097,14.5494698840001 -11.3374100249999,14.549490744 -11.3374887709999,14.5495257470001 -11.339839511,14.550570656 -11.3399013709999,14.5505981530001 -11.3399059559999,14.5506001910001 -11.3399364819999,14.55061376 -11.3397786469999,14.550762992 -11.3397786089999,14.5507630270001 -11.3396690669999,14.550866598 -11.339685539,14.550848783 -11.3382890239999,14.552135542 -11.3381245219999,14.5522871160001 -11.33736794,14.552984237 -11.3361326899999,14.554122406 -11.3342350029999,14.555870951 -11.334227814,14.5558775760001 -11.3338428,14.556232331 -11.3300916429999,14.559688678 -11.328893041,14.5607930780001 -11.3288801469999,14.56080496 -11.328289739,14.561348966 -11.328135657,14.5614909380001 -11.3264126679999,14.563078515 -11.324724514,14.5646339940001 -11.3243589219999,14.564970853 -11.324071687,14.565235515 -11.323191423,14.566046597 -11.322090826,14.567060697 -11.322066976,14.567082672 -11.321593605,14.56751884 -11.32142435,14.567674793 -11.3206402879999,14.568421964 -11.3186962619999,14.570274521 -11.315874333,14.572963675 -11.31548729,14.573332507 -11.3148909609999,14.573900779 -11.314615846,14.574162949 -11.312207284,14.576458185 -11.3111384489999,14.577476731 -11.30995375,14.578605689 -11.309652607,14.578892663 -11.3023723859999,14.58583034 -11.3006377049999,14.587483402 -11.299880442,14.588205036 -11.2994134969999,14.58865001 -11.29824932,14.589759412 -11.2980667809999,14.589933361 -11.2955941549999,14.5922896480001 -11.2927276359999,14.595021294 -11.290405311,14.597234352 -11.28678603,14.600683341 -11.286176446,14.601264244 -11.285511465,14.601897937 -11.2835845,14.603734236 -11.283417232,14.603893633 -11.2793473359999,14.564192066 -11.287530546,14.562640457 -11.288706432,14.562417499 -11.289364704,14.5617725270001 -11.2904711529999,14.561344224</coordinates></LinearRing></outerBoundaryIs></Polygon>
  </Placemark>
  <Placemark id="SE_0001.9">
	<name>89174.0</name>
	<description>5023.0</description>
	<Style><LineStyle><color>ff0000ff</color></LineStyle><PolyStyle><fill>0</fill></PolyStyle></Style>
	<ExtendedData><SchemaData schemaUrl="#SE_0001">
		<SimpleData name="fid">5035.0</SimpleData>
		<SimpleData name="id">01</SimpleData>
		<SimpleData name="objectid">Kayes</SimpleData>
		<SimpleData name="region">11</SimpleData>
		<SimpleData name="lregion">Kayes</SimpleData>
		<SimpleData name="cercle">1108</SimpleData>
		<SimpleData name="lcercle">Gory gopela</SimpleData>
		<SimpleData name="commune">RU</SimpleData>
		<SimpleData name="lcommune">0001</SimpleData>
		<SimpleData name="type_com">002</SimpleData>
		<SimpleData name="num_se">700.0</SimpleData>
		<SimpleData name="num_dd">1124.0</SimpleData>
		<SimpleData name="pop_se">1108002.0</SimpleData>
		<SimpleData name="idzc">11080001.0</SimpleData>
		<SimpleData name="iddd">Accessible</SimpleData>
		<SimpleData name="idse">SE Sedentaire</SimpleData>
		<SimpleData name="resultat_c">Commune Sedentaire</SimpleData>
		<SimpleData name="statut_se">CAPI</SimpleData>
		<SimpleData name="mode_vie_c">Oui</SimpleData>
		<SimpleData name="statut_col">Non</SimpleData>
		<SimpleData name="emprise">CAPI</SimpleData>
		<SimpleData name="affiche_in">Carto RGPH5 2019-2020</SimpleData>
		<SimpleData name="date_modif">0.0013126116</SimpleData>
	</SchemaData></ExtendedData>
      <Polygon><outerBoundaryIs><LinearRing><coordinates>-11.335749049,14.617605285 -11.335729966,14.617580736 -11.335690084,14.617551856 -11.3356972789999,14.617463763 -11.3356865719999,14.6173102880001 -11.3356722949999,14.617127069 -11.335639472,14.6168595710001 -11.3356379909999,14.616847503 -11.335636773,14.616837574 -11.3356367659999,14.6168375140001 -11.335636237,14.6168158360001 -11.335636237,14.616807006 -11.335636237,14.61670071 -11.3356386159999,14.616450866 -11.33566717,14.6162129190001 -11.335695723,14.616110603 -11.335813507,14.615744165 -11.3358527679999,14.6155645170001 -11.335855147,14.615447923 -11.335848009,14.615340847 -11.3358182659999,14.615181423 -11.3357569949999,14.614743602 -11.335724577,14.614656639 -11.335457183,14.6139393440001 -11.334331714,14.6120856050001 -11.3341022,14.610868001 -11.334040022,14.610538139 -11.334664545,14.604185237 -11.335233924,14.5983932820001 -11.335319618,14.597521569 -11.3353786439999,14.596921132 -11.33542011,14.596499319 -11.3428143679999,14.584815576 -11.384669604,14.596814475 -11.3816099119999,14.617803926 -11.367884262,14.617713818 -11.366997043,14.6177079940001 -11.3669697249999,14.617828192 -11.366969572,14.617828865 -11.366960938,14.6178668520001 -11.36293896,14.617874795 -11.3619909679999,14.617876666 -11.3589393089999,14.617924256 -11.353365422,14.617965897 -11.3530689959999,14.617965532 -11.3523074519999,14.617964592 -11.343710759,14.617954 -11.3393503959999,14.617971846 -11.3386663009999,14.617861201 -11.338032234,14.6178133020001 -11.337705297,14.6178532770001 -11.3374069119999,14.61788754 -11.337059987,14.6179203770001 -11.3369143639999,14.617911812 -11.3368044329999,14.617851849 -11.336668803,14.617749056 -11.3364289539999,14.617583445 -11.33637857,14.617567697 -11.33623569,14.617523035 -11.3360101169999,14.617515897 -11.3358581159999,14.6175737 -11.3358365569999,14.617581898 -11.335752129,14.617604462 -11.335749049,14.617605285</coordinates></LinearRing></outerBoundaryIs></Polygon>
  </Placemark>
  <Placemark id="SE_0001.10">
	<name>89199.0</name>
	<description>5048.0</description>
	<Style><LineStyle><color>ff0000ff</color></LineStyle><PolyStyle><fill>0</fill></PolyStyle></Style>
	<ExtendedData><SchemaData schemaUrl="#SE_0001">
		<SimpleData name="fid">5060.0</SimpleData>
		<SimpleData name="id">01</SimpleData>
		<SimpleData name="objectid">Kayes</SimpleData>
		<SimpleData name="region">11</SimpleData>
		<SimpleData name="lregion">Kayes</SimpleData>
		<SimpleData name="cercle">1119</SimpleData>
		<SimpleData name="lcercle">Marena Diombougou</SimpleData>
		<SimpleData name="commune">RU</SimpleData>
		<SimpleData name="lcommune">0001</SimpleData>
		<SimpleData name="type_com">001</SimpleData>
		<SimpleData name="num_se">1010.0</SimpleData>
		<SimpleData name="num_dd">1121.0</SimpleData>
		<SimpleData name="pop_se">1119001.0</SimpleData>
		<SimpleData name="idzc">11190001.0</SimpleData>
		<SimpleData name="iddd">Accessible</SimpleData>
		<SimpleData name="idse">SE Sedentaire</SimpleData>
		<SimpleData name="resultat_c">Commune Sedentaire</SimpleData>
		<SimpleData name="statut_se">CAPI</SimpleData>
		<SimpleData name="mode_vie_c">Oui</SimpleData>
		<SimpleData name="statut_col">Non</SimpleData>
		<SimpleData name="emprise">CAPI</SimpleData>
		<SimpleData name="affiche_in">Carto RGPH5 2019-2020</SimpleData>
		<SimpleData name="date_modif">0.0001884217</SimpleData>
	</SchemaData></ExtendedData>
      <Polygon><outerBoundaryIs><LinearRing><coordinates>-11.032825481,14.5694011310001 -11.0372234389999,14.5691395480001 -11.038445687,14.5690668510001 -11.042973693,14.5687975330001 -11.0434906099999,14.568931981 -11.0439564279999,14.5691517120001 -11.0439976509999,14.569087656 -11.0440877679999,14.5689472070001 -11.044195035,14.568803029 -11.044246782,14.5687271250001 -11.044290915,14.568651185 -11.044359803,14.568573456 -11.0443789089999,14.5685583150001 -11.0444801309999,14.5684864460001 -11.0445490549999,14.568401103 -11.0446428999999,14.5682778030001 -11.044791983,14.568147144 -11.044833249,14.5681060100001 -11.04484265,14.568095698 -11.044886774,14.5680732970001 -11.04495603,14.568018888 -11.044988207,14.5680071400001 -11.04506164,14.568078863 -11.0451039459999,14.568142945 -11.0451361039999,14.5681850940001 -11.0451621399999,14.5682149580001 -11.0452022059999,14.568298425 -11.045225715,14.5683604000001 -11.0452526939999,14.5684438070001 -11.045284475,14.5685177180001 -11.045355199,14.5686608130001 -11.0453943389999,14.5686871680001 -11.045470366,14.5687125040001 -11.0455677909999,14.5687415080001 -11.045609299,14.568770253 -11.0456263679999,14.5688098680001 -11.0456406189999,14.568829889 -11.045635627,14.5688365570001 -11.045620125,14.5688566760001 -11.0456181079999,14.568859294 -11.04559625,14.5688876630001 -11.045524553,14.568980717 -11.0454173489999,14.569098922 -11.0454059269999,14.5691115160001 -11.045303798,14.569142491 -11.045172226,14.56929417 -11.045188023,14.569375101 -11.045189498,14.5693826580001 -11.045193146,14.569401344 -11.0451958809999,14.569527416 -11.045200994,14.569763063 -11.04516985,14.5699118750001 -11.0452010989999,14.570101188 -11.045251525,14.570136614 -11.0454465789999,14.570273645 -11.0456247399999,14.5703387140001 -11.0457787579999,14.5702216400001 -11.045987548,14.570136614 -11.046027565,14.570120318 -11.046053114,14.570157793 -11.046093055,14.570195777 -11.046243846,14.5703391760001 -11.046359969,14.5705443480001 -11.046396074,14.5706085640001 -11.046434548,14.570676991 -11.046528984,14.570837156 -11.0465431539999,14.570861189 -11.0466274579999,14.5709491440001 -11.046752221,14.571071498 -11.046758864,14.571080232 -11.0468105739999,14.571139666 -11.046858561,14.5711948220001 -11.0469742069999,14.571297197 -11.047069967,14.571377591 -11.047131995,14.57144512 -11.04716135,14.571465479 -11.04723583,14.5715681410001 -11.0474392259999,14.571836772 -11.047521951,14.571957318 -11.04755341,14.572012811 -11.047599557,14.572094217 -11.0476376149999,14.5721589180001 -11.0477083939999,14.572290116 -11.047736788,14.5723247510001 -11.047787946,14.5723249870001 -11.047811817,14.57230844 -11.04782592,14.5722790740001 -11.0478703219999,14.5722635000001 -11.0479095709999,14.572266062 -11.048043526,14.572371377 -11.0482887919999,14.572590233 -11.0483787769999,14.5726846380001 -11.048447187,14.572813447 -11.0485879149999,14.573041271 -11.048639344,14.5731213650001 -11.0495780549999,14.5745832850001 -11.0435379379999,14.582864876 -11.0403611579999,14.5854198120001 -11.037071731,14.5866045290001 -11.032825481,14.5694011310001</coordinates></LinearRing></outerBoundaryIs></Polygon>
  </Placemark>
  <Placemark id="SE_0001.11">
	<name>89219.0</name>
	<description>5068.0</description>
	<Style><LineStyle><color>ff0000ff</color></LineStyle><PolyStyle><fill>0</fill></PolyStyle></Style>
	<ExtendedData><SchemaData schemaUrl="#SE_0001">
		<SimpleData name="fid">5080.0</SimpleData>
		<SimpleData name="id">01</SimpleData>
		<SimpleData name="objectid">Kayes</SimpleData>
		<SimpleData name="region">11</SimpleData>
		<SimpleData name="lregion">Kayes</SimpleData>
		<SimpleData name="cercle">1125</SimpleData>
		<SimpleData name="lcercle">Sero Diamanou</SimpleData>
		<SimpleData name="commune">RU</SimpleData>
		<SimpleData name="lcommune">0001</SimpleData>
		<SimpleData name="type_com">001</SimpleData>
		<SimpleData name="num_se">1092.0</SimpleData>
		<SimpleData name="num_dd">1123.0</SimpleData>
		<SimpleData name="pop_se">1125001.0</SimpleData>
		<SimpleData name="idzc">11250001.0</SimpleData>
		<SimpleData name="iddd">Accessible</SimpleData>
		<SimpleData name="idse">SE Sedentaire</SimpleData>
		<SimpleData name="resultat_c">Commune Sedentaire</SimpleData>
		<SimpleData name="statut_se">CAPI</SimpleData>
		<SimpleData name="mode_vie_c">Non</SimpleData>
		<SimpleData name="statut_col">Non</SimpleData>
		<SimpleData name="emprise">CAPI</SimpleData>
		<SimpleData name="affiche_in">Carto RGPH5 2019-2020</SimpleData>
		<SimpleData name="date_modif">0.0085501411</SimpleData>
	</SchemaData></ExtendedData>
      <Polygon><outerBoundaryIs><LinearRing><coordinates>-11.0630427319999,14.9855855280001 -11.062376796,14.9850719500001 -11.0394354599999,14.9673793540001 -11.0367738899999,14.965326724 -11.035458444,14.964312238 -11.023940731,14.955429657 -11.019898769,14.952312454 -11.017577495,14.950522264 -11.051380277,14.913283059 -11.0624268449999,14.887981417 -11.083259405,14.890177599 -11.0958960039999,14.8980347040001 -11.1358474579999,14.916384594 -11.1500744379999,14.9279954470001 -11.15647201,14.9341610320001 -11.143836592,14.9527305990001 -11.140860932,14.9922549820001 -11.1395036979999,14.9991766570001 -11.134402871,15.0053799770001 -11.1245593749999,14.9983521390001 -11.115621114,14.9798604980001 -11.109545672,14.9717981150001 -11.1044354539999,14.970007547 -11.100385381,14.968588443 -11.083470033,14.9678867910001 -11.080062574,14.9695768120001 -11.0726439169999,14.978198553 -11.068933488,14.981053289 -11.0630427319999,14.9855855280001</coordinates></LinearRing></outerBoundaryIs></Polygon>
  </Placemark>
  <Placemark id="SE_0001.12">
	<name>89262.0</name>
	<description>5111.0</description>
	<Style><LineStyle><color>ff0000ff</color></LineStyle><PolyStyle><fill>0</fill></PolyStyle></Style>
	<ExtendedData><SchemaData schemaUrl="#SE_0001">
		<SimpleData name="fid">5123.0</SimpleData>
		<SimpleData name="id">01</SimpleData>
		<SimpleData name="objectid">Kayes</SimpleData>
		<SimpleData name="region">11</SimpleData>
		<SimpleData name="lregion">Kayes</SimpleData>
		<SimpleData name="cercle">1120</SimpleData>
		<SimpleData name="lcercle">Marintoumania</SimpleData>
		<SimpleData name="commune">RU</SimpleData>
		<SimpleData name="lcommune">0001</SimpleData>
		<SimpleData name="type_com">001</SimpleData>
		<SimpleData name="num_se">702.0</SimpleData>
		<SimpleData name="num_dd">1120.0</SimpleData>
		<SimpleData name="pop_se">1120001.0</SimpleData>
		<SimpleData name="idzc">11200001.0</SimpleData>
		<SimpleData name="iddd">Accessible</SimpleData>
		<SimpleData name="idse">SE Sedentaire</SimpleData>
		<SimpleData name="resultat_c">Commune Sedentaire</SimpleData>
		<SimpleData name="statut_se">CAPI</SimpleData>
		<SimpleData name="mode_vie_c">Oui</SimpleData>
		<SimpleData name="statut_col">Non</SimpleData>
		<SimpleData name="emprise">CAPI</SimpleData>
		<SimpleData name="affiche_in">Carto RGPH5 2019-2020</SimpleData>
		<SimpleData name="date_modif">0.0047736854</SimpleData>
	</SchemaData></ExtendedData>
      <Polygon><outerBoundaryIs><LinearRing><coordinates>-10.848924188,14.52075611 -10.848631,14.561861 -10.848707,14.562927001 -10.848916,14.563878 -10.849011,14.564735 -10.84905,14.565021 -10.849011,14.565439 -10.849126,14.565858 -10.8491903679999,14.566084135 -10.849202,14.566125001 -10.849195848,14.5661701130001 -10.849145,14.566543 -10.8490328239999,14.5676255270001 -10.8492987569999,14.5679422690001 -10.8493347529999,14.5679851420001 -10.849335934,14.567986548 -10.8495931859999,14.5681995030001 -10.8496503919999,14.568246393 -10.849543653,14.568353131 -10.849409808,14.5691056360001 -10.84946632,14.5691175330001 -10.8497864949999,14.5690945100001 -10.8497773559999,14.569177461 -10.849671708,14.569298814 -10.849659763,14.5693176950001 -10.849643702,14.569371828 -10.849641918,14.5694432110001 -10.849638612,14.5695559640001 -10.849650246,14.569639517 -10.8496613099999,14.5696957320001 -10.8496370399999,14.5698641980001 -10.8496327569999,14.5699884050001 -10.8496987149999,14.570188994 -10.8497089919999,14.5704952460001 -10.849716561,14.5707208040001 -10.8496512209999,14.57090321 -10.849852859,14.5714302270001 -10.849742431,14.5719934750001 -10.8489752199999,14.57348898 -10.848927568,14.573581867 -10.848921517,14.5735936620001 -10.848600657,14.5735766170001 -10.848424576,14.573567263 -10.8424744119999,14.573251182 -10.8406299449999,14.5717161910001 -10.8357415529999,14.5676480060001 -10.8077996809999,14.567975962 -10.764509693,14.5608027230001 -10.764590133,14.559703395 -10.7649211889999,14.555179047 -10.765821543,14.5428744320001 -10.773695151,14.532459621 -10.777375675,14.527591209 -10.795050762,14.504211496 -10.7966692439999,14.502070648 -10.803243456,14.493374611 -10.8035193119999,14.493009724 -10.8100966969999,14.486216971 -10.8295005869999,14.508572965 -10.8328161869999,14.508312754 -10.833741779,14.5082401110001 -10.8351813789999,14.508127131 -10.837695491,14.5079298210001 -10.837875061,14.50813494 -10.8431478369999,14.5141579130001 -10.8475598639999,14.5191976740001 -10.848924188,14.52075611</coordinates></LinearRing></outerBoundaryIs></Polygon>
  </Placemark>
  <Placemark id="SE_0001.13">
	<name>89263.0</name>
	<description>5112.0</description>
	<Style><LineStyle><color>ff0000ff</color></LineStyle><PolyStyle><fill>0</fill></PolyStyle></Style>
	<ExtendedData><SchemaData schemaUrl="#SE_0001">
		<SimpleData name="fid">5124.0</SimpleData>
		<SimpleData name="id">01</SimpleData>
		<SimpleData name="objectid">Kayes</SimpleData>
		<SimpleData name="region">11</SimpleData>
		<SimpleData name="lregion">Kayes</SimpleData>
		<SimpleData name="cercle">1115</SimpleData>
		<SimpleData name="lcercle">Kouniakary</SimpleData>
		<SimpleData name="commune">UR</SimpleData>
		<SimpleData name="lcommune">0001</SimpleData>
		<SimpleData name="type_com">001</SimpleData>
		<SimpleData name="num_se">529.0</SimpleData>
		<SimpleData name="num_dd">1120.0</SimpleData>
		<SimpleData name="pop_se">1115001.0</SimpleData>
		<SimpleData name="idzc">11150001.0</SimpleData>
		<SimpleData name="iddd">Accessible</SimpleData>
		<SimpleData name="idse">SE Sedentaire</SimpleData>
		<SimpleData name="resultat_c">Commune Sedentaire</SimpleData>
		<SimpleData name="statut_se">CAPI</SimpleData>
		<SimpleData name="mode_vie_c">Oui</SimpleData>
		<SimpleData name="statut_col">Non</SimpleData>
		<SimpleData name="emprise">CAPI</SimpleData>
		<SimpleData name="affiche_in">Carto RGPH5 2019-2020</SimpleData>
		<SimpleData name="date_modif">0.0012222918</SimpleData>
	</SchemaData></ExtendedData>
      <Polygon><outerBoundaryIs><LinearRing><coordinates>-10.8990005639999,14.6009400040001 -10.8984927839999,14.5999935720001 -10.8952421549999,14.59393485 -10.895170424,14.591294395 -10.895169704,14.5912678780001 -10.89533,14.59124 -10.8954355079999,14.591218898 -10.89573,14.591160001 -10.89608,14.5910900010001 -10.89634,14.591030001 -10.89664,14.59099 -10.89701,14.590980001 -10.89727,14.590980001 -10.89749,14.590980001 -10.8977,14.59097 -10.89791,14.5909100010001 -10.89808,14.5907500010001 -10.89819,14.5905700010001 -10.89834,14.590380001 -10.89847,14.590170001 -10.89853,14.590060001 -10.89871,14.58996 -10.89888,14.58991 -10.89908,14.58991 -10.8993,14.59007 -10.8995,14.590260001 -10.89971,14.590400001 -10.89994,14.59054 -10.90008,14.59061 -10.90034,14.59068 -10.90059,14.5907 -10.9008141759999,14.5907 -10.90083,14.5907 -10.90107,14.590620001 -10.90129,14.590510001 -10.90145,14.590380001 -10.90164,14.590130001 -10.90175,14.59 -10.90176,14.5898300010001 -10.90184,14.5896 -10.906950035,14.5877552650001 -10.9075972489999,14.583986198 -10.9069199209999,14.580982767 -10.907193438,14.580032552 -10.907996367,14.580309669 -10.9127353019999,14.579527421 -10.914833986,14.579227609 -10.9572289609999,14.579184518 -10.9565372759999,14.579786977 -10.953885951,14.582096285 -10.9504980899999,14.585047117 -10.9482170909999,14.58703387 -10.946106765,14.588871967 -10.942389481,14.592109727 -10.940348155,14.5938877250001 -10.933479108,14.5993421360001 -10.931582051,14.600848506 -10.928338697,14.603423913 -10.9181444819999,14.6115186960001 -10.917541045,14.61199786 -10.9086999049999,14.619018225 -10.904860608,14.6118623080001 -10.904702003,14.6115666920001 -10.900424764,14.603594512 -10.8997254609999,14.602291108 -10.8996095699999,14.602075105 -10.8990005639999,14.6009400040001</coordinates></LinearRing></outerBoundaryIs></Polygon>
  </Placemark>
  <Placemark id="SE_0001.14">
	<name>89313.0</name>
	<description>5162.0</description>
	<Style><LineStyle><color>ff0000ff</color></LineStyle><PolyStyle><fill>0</fill></PolyStyle></Style>
	<ExtendedData><SchemaData schemaUrl="#SE_0001">
		<SimpleData name="fid">5174.0</SimpleData>
		<SimpleData name="id">01</SimpleData>
		<SimpleData name="objectid">Kayes</SimpleData>
		<SimpleData name="region">11</SimpleData>
		<SimpleData name="lregion">Kayes</SimpleData>
		<SimpleData name="cercle">1116</SimpleData>
		<SimpleData name="lcercle">Koussane</SimpleData>
		<SimpleData name="commune">RU</SimpleData>
		<SimpleData name="lcommune">0001</SimpleData>
		<SimpleData name="type_com">001</SimpleData>
		<SimpleData name="num_se">731.0</SimpleData>
		<SimpleData name="num_dd">1126.0</SimpleData>
		<SimpleData name="pop_se">1116001.0</SimpleData>
		<SimpleData name="idzc">11160001.0</SimpleData>
		<SimpleData name="iddd">Accessible</SimpleData>
		<SimpleData name="idse">SE Sedentaire</SimpleData>
		<SimpleData name="resultat_c">Commune Sedentaire</SimpleData>
		<SimpleData name="statut_se">CAPI</SimpleData>
		<SimpleData name="mode_vie_c">Oui</SimpleData>
		<SimpleData name="statut_col">Non</SimpleData>
		<SimpleData name="emprise">CAPI</SimpleData>
		<SimpleData name="affiche_in">Carto RGPH5 2019-2020</SimpleData>
		<SimpleData name="date_modif">0.0003830618</SimpleData>
	</SchemaData></ExtendedData>
      <Polygon><outerBoundaryIs><LinearRing><coordinates>-11.287611925,14.8804792340001 -11.2871466669999,14.891569567 -11.2734724169999,14.890709267 -11.256513522,14.8915382710001 -11.2482329979999,14.8913669500001 -11.243507388,14.890300951 -11.2428095509999,14.8901547310001 -11.241467535,14.8896050750001 -11.2406323449999,14.889333817 -11.239829277,14.8890268660001 -11.239058331,14.8888150940001 -11.2389798089999,14.8887722640001 -11.238863215,14.8887579870001 -11.2387823139999,14.8887627460001 -11.238720448,14.8887913 -11.238703792,14.8888698220001 -11.238687135,14.8889554830001 -11.2386538229999,14.889024487 -11.238618131,14.8890839740001 -11.238515814,14.889117286 -11.238394462,14.8891363220001 -11.2381922069999,14.8891577370001 -11.2377615249999,14.889183911 -11.237621137,14.8892505360001 -11.237523579,14.889283848 -11.2373831909999,14.889350473 -11.237302289,14.889367129 -11.237238044,14.8893480940001 -11.237142548,14.889331618 -11.237110425,14.8892816490001 -11.2370592669999,14.8892495270001 -11.2369688479999,14.8891971790001 -11.2368903249999,14.889129364 -11.23678325,14.888993735 -11.236703538,14.888879521 -11.236616687,14.8887593580001 -11.2364358479999,14.88852974 -11.236357326,14.8884190950001 -11.236319255,14.8883715060001 -11.2362240759999,14.888279896 -11.236099155,14.8881454570001 -11.235975423,14.8879955510001 -11.2359623359999,14.8879265460001 -11.235995648,14.8878539730001 -11.236069411,14.887817091 -11.236193143,14.887800435 -11.2363561359999,14.8877956760001 -11.2365286469999,14.887809953 -11.2367332809999,14.887859921 -11.2369700369999,14.8879313050001 -11.237126189,14.8879640230001 -11.237227316,14.8879878180001 -11.237271931,14.888023509 -11.2374741859999,14.888068124 -11.237628851,14.888088945 -11.2377983869999,14.8881454570001 -11.2380065899999,14.888198995 -11.2380809479999,14.888190072 -11.238235613,14.8880710990001 -11.2382676359999,14.8880329030001 -11.2382345029999,14.8880171440001 -11.2380239199999,14.8878957920001 -11.2377633689999,14.887799424 -11.237417158,14.8876031180001 -11.23728367,14.887516982 -11.23710521,14.887331384 -11.237014791,14.887231446 -11.236900577,14.887117232 -11.236681666,14.886926875 -11.2364936889999,14.886753175 -11.2363961309999,14.8866508580001 -11.2364104079999,14.886610407 -11.2364794119999,14.8865842330001 -11.2366198,14.8865247460001 -11.2367911219999,14.8864557420001 -11.236883921,14.8864105320001 -11.2371290049999,14.886408153 -11.237336018,14.8864176710001 -11.237716732,14.886474778 -11.237876156,14.8864795370001 -11.238049856,14.8864866750001 -11.2381664499999,14.8864771570001 -11.238225937,14.8864390860001 -11.238237834,14.8863795990001 -11.238244972,14.885972711 -11.238223557,14.8857157300001 -11.238230696,14.885620551 -11.2382711459999,14.8855325110001 -11.238313977,14.8854587480001 -11.238337771,14.885368328 -11.238313977,14.885061378 -11.238266387,14.8847401510001 -11.2382354539999,14.8847234940001 -11.2380450979999,14.884704459 -11.237783357,14.884683044 -11.2375168569999,14.8846711460001 -11.2373050849999,14.884641403 -11.237171835,14.884614039 -11.237148041,14.8845807270001 -11.237153989,14.8845462250001 -11.237199199,14.8844831690001 -11.2373467259999,14.8843308830001 -11.237518047,14.8841536140001 -11.237609656,14.884101265 -11.2377214909999,14.8840631940001 -11.237876156,14.884021553 -11.2381700189999,14.8840286920001 -11.238390119,14.884009656 -11.2384960049999,14.883933513 -11.23856382,14.8838561810001 -11.238581666,14.8837550540001 -11.2391206139999,14.883627356 -11.241005147,14.8837225350001 -11.2433560549999,14.8842364980001 -11.24628755,14.884912265 -11.251436704,14.883989034 -11.269425429,14.883370374 -11.282988357,14.8816571620001 -11.287611925,14.8804792340001</coordinates></LinearRing></outerBoundaryIs></Polygon>
  </Placemark>
  <Placemark id="SE_0001.15">
	<name>89338.0</name>
	<description>5187.0</description>
	<Style><LineStyle><color>ff0000ff</color></LineStyle><PolyStyle><fill>0</fill></PolyStyle></Style>
	<ExtendedData><SchemaData schemaUrl="#SE_0001">
		<SimpleData name="fid">5199.0</SimpleData>
		<SimpleData name="id">01</SimpleData>
		<SimpleData name="objectid">Kayes</SimpleData>
		<SimpleData name="region">11</SimpleData>
		<SimpleData name="lregion">Kayes</SimpleData>
		<SimpleData name="cercle">1122</SimpleData>
		<SimpleData name="lcercle">Sahel</SimpleData>
		<SimpleData name="commune">RU</SimpleData>
		<SimpleData name="lcommune">0001</SimpleData>
		<SimpleData name="type_com">001</SimpleData>
		<SimpleData name="num_se">740.0</SimpleData>
		<SimpleData name="num_dd">1103.0</SimpleData>
		<SimpleData name="pop_se">1122001.0</SimpleData>
		<SimpleData name="idzc">11220001.0</SimpleData>
		<SimpleData name="iddd">Accessible</SimpleData>
		<SimpleData name="idse">SE Sedentaire</SimpleData>
		<SimpleData name="resultat_c">Commune Sedentaire</SimpleData>
		<SimpleData name="statut_se">CAPI</SimpleData>
		<SimpleData name="mode_vie_c">Oui</SimpleData>
		<SimpleData name="statut_col">Non</SimpleData>
		<SimpleData name="emprise">CAPI</SimpleData>
		<SimpleData name="affiche_in">Carto RGPH5 2019-2020</SimpleData>
		<SimpleData name="date_modif">0.0019677471</SimpleData>
	</SchemaData></ExtendedData>
      <Polygon><outerBoundaryIs><LinearRing><coordinates>-11.4711588649999,15.370360657 -11.471078915,15.3701284220001 -11.471002203,15.370176402 -11.4708537239999,15.370217805 -11.4707180949999,15.3702549240001 -11.4705453459999,15.3702849050001 -11.470335478,15.3703063200001 -11.470139886,15.3702991820001 -11.4700665899999,15.3702916 -11.469629539,15.3703174720001 -11.4694522689999,15.370398374 -11.469122119,15.3705560130001 -11.469020992,15.370576833 -11.468922839,15.370451912 -11.4687592509999,15.3700949930001 -11.468631355,15.369767817 -11.4683577169999,15.369107516 -11.468170335,15.3686851620001 -11.467920491,15.368375832 -11.467736083,15.3682821410001 -11.4675933149999,15.3681393730001 -11.4673286,15.3678419400001 -11.46633535,15.366609628 -11.4660169219999,15.3658342700001 -11.4651900599999,15.3650906890001 -11.463901004,15.36387139 -11.4578049469999,15.358271412 -11.46227228,15.3494606100001 -11.472597825,15.329095812 -11.4770041859999,15.323509175 -11.48791812,15.30804777 -11.4924318409999,15.306397164 -11.492404204,15.3064350720001 -11.4993790029999,15.319370441 -11.499951473,15.320432135 -11.500040347,15.3205969590001 -11.501475167,15.323257955 -11.504176566,15.328267935 -11.504926392,15.3296585530001 -11.50587639,15.331420404 -11.5110723939999,15.346017558 -11.5126183629999,15.3503606560001 -11.513188548,15.3519624780001 -11.4827140479999,15.366253876 -11.481044077,15.366698801 -11.4810650819999,15.368154272 -11.481015113,15.368475501 -11.480954437,15.3686896520001 -11.48085093,15.368907372 -11.480702095,15.369271252 -11.4806421329999,15.369388321 -11.480568607,15.369491828 -11.4805200659999,15.369552361 -11.480451538,15.369632311 -11.480301632,15.369815053 -11.480224537,15.369909281 -11.480152797,15.37004146 -11.479602546,15.3708891430001 -11.479265615,15.371365987 -11.479135696,15.371558722 -11.4789500979999,15.3718371190001 -11.478706084,15.3721251540001 -11.4784997849999,15.372379279 -11.4783348879999,15.3725805830001 -11.4781312069999,15.372865641 -11.477917341,15.373209569 -11.477661445,15.3736932510001 -11.476965634,15.3740755630001 -11.4765545779999,15.3741276980001 -11.4764778439999,15.374137429 -11.475861564,15.374187399 -11.475266699,15.374258782 -11.475193498,15.374276405 -11.475138208,15.374289715 -11.474955735,15.374097481 -11.4747893869999,15.3739222340001 -11.474485602,15.373588404 -11.47424806,15.373327369 -11.4740893909999,15.3732674880001 -11.4739399609999,15.373219899 -11.473490838,15.373074435 -11.472991151,15.3729941280001 -11.4724646949999,15.3729643840001 -11.472144616,15.3724088970001 -11.4719138089999,15.3719924910001 -11.471830527,15.3718568620001 -11.4717543849999,15.37177834 -11.4716092379999,15.371549912 -11.4715426129999,15.371361934 -11.471409363,15.371019292 -11.47133328,15.3707661170001 -11.4712840249999,15.370636199 -11.4711588649999,15.370360657</coordinates></LinearRing></outerBoundaryIs></Polygon>
  </Placemark>
  <Placemark id="SE_0001.16">
	<name>89347.0</name>
	<description>5196.0</description>
	<Style><LineStyle><color>ff0000ff</color></LineStyle><PolyStyle><fill>0</fill></PolyStyle></Style>
	<ExtendedData><SchemaData schemaUrl="#SE_0001">
		<SimpleData name="fid">5208.0</SimpleData>
		<SimpleData name="id">01</SimpleData>
		<SimpleData name="objectid">Kayes</SimpleData>
		<SimpleData name="region">11</SimpleData>
		<SimpleData name="lregion">Kayes</SimpleData>
		<SimpleData name="cercle">1112</SimpleData>
		<SimpleData name="lcercle">Karakoro</SimpleData>
		<SimpleData name="commune">RU</SimpleData>
		<SimpleData name="lcommune">0001</SimpleData>
		<SimpleData name="type_com">001</SimpleData>
		<SimpleData name="num_se">775.0</SimpleData>
		<SimpleData name="num_dd">1102.0</SimpleData>
		<SimpleData name="pop_se">1112001.0</SimpleData>
		<SimpleData name="idzc">11120001.0</SimpleData>
		<SimpleData name="iddd">Accessible</SimpleData>
		<SimpleData name="idse">SE Sedentaire</SimpleData>
		<SimpleData name="resultat_c">Commune Sedentaire</SimpleData>
		<SimpleData name="statut_se">CAPI</SimpleData>
		<SimpleData name="mode_vie_c">Oui</SimpleData>
		<SimpleData name="statut_col">Non</SimpleData>
		<SimpleData name="emprise">CAPI</SimpleData>
		<SimpleData name="affiche_in">Carto RGPH5 2019-2020</SimpleData>
		<SimpleData name="date_modif">0.0002606969</SimpleData>
	</SchemaData></ExtendedData>
      <Polygon><outerBoundaryIs><LinearRing><coordinates>-11.742009616,15.4024958750001 -11.7491653559999,15.3909554900001 -11.749872056,15.3737543660001 -11.7494971319999,15.3678107210001 -11.749468726,15.367360407 -11.7494675469999,15.367341719 -11.749419958,15.366413729 -11.749462797,15.3660790550001 -11.749474275,15.3659893810001 -11.749496101,15.3658188640001 -11.7494913419999,15.365238275 -11.749486583,15.364574405 -11.74945803,15.364355495 -11.749387452,15.3638355680001 -11.7493866459999,15.3638296340001 -11.749315144,15.36342617 -11.7493071719999,15.363381185 -11.749429119,15.363375236 -11.749794961,15.3634109280001 -11.750636696,15.363413903 -11.751172515,15.363389725 -11.7511727089999,15.3634034730001 -11.751246948,15.3634396410001 -11.7514696659999,15.363500555 -11.751490605,15.3635462400001 -11.7514982189999,15.363767054 -11.751460148,15.363974543 -11.7514546749999,15.364016303 -11.751482277,15.3640362900001 -11.751560323,15.364079121 -11.7516345619999,15.3641095780001 -11.751742114,15.3642399720001 -11.7517992209999,15.364308501 -11.7518506169999,15.36439892 -11.751832533,15.364492195 -11.75180398,15.3646368660001 -11.751816353,15.364653047 -11.7517868479999,15.3647539360001 -11.751730693,15.3649176430001 -11.7517026149999,15.3649887890001 -11.7516645429999,15.3650637420001 -11.751603867,15.3651125210001 -11.751524155,15.3652386320001 -11.751469428,15.365340949 -11.7513837669999,15.365549152 -11.751323091,15.36568835 -11.7513456959999,15.3659465220001 -11.751384957,15.3662629900001 -11.7514218379999,15.366541387 -11.751614575,15.3672571290001 -11.756585005,15.380901717 -11.755628182,15.384244687 -11.754754545,15.387297017 -11.7541736699999,15.3914676430001 -11.754278697,15.3929576240001 -11.754646339,15.398173233 -11.754781045,15.4000842680001 -11.754351657,15.401636577 -11.7536977949999,15.404000393 -11.7512001699999,15.407458392 -11.742009616,15.4024958750001</coordinates></LinearRing></outerBoundaryIs></Polygon>
  </Placemark>
  <Placemark id="SE_0001.17">
	<name>89380.0</name>
	<description>5229.0</description>
	<Style><LineStyle><color>ff0000ff</color></LineStyle><PolyStyle><fill>0</fill></PolyStyle></Style>
	<ExtendedData><SchemaData schemaUrl="#SE_0001">
		<SimpleData name="fid">5241.0</SimpleData>
		<SimpleData name="id">01</SimpleData>
		<SimpleData name="objectid">Kayes</SimpleData>
		<SimpleData name="region">11</SimpleData>
		<SimpleData name="lregion">Kayes</SimpleData>
		<SimpleData name="cercle">1105</SimpleData>
		<SimpleData name="lcercle">Djelebou</SimpleData>
		<SimpleData name="commune">RU</SimpleData>
		<SimpleData name="lcommune">0001</SimpleData>
		<SimpleData name="type_com">001</SimpleData>
		<SimpleData name="num_se">716.0</SimpleData>
		<SimpleData name="num_dd">1101.0</SimpleData>
		<SimpleData name="pop_se">1105001.0</SimpleData>
		<SimpleData name="idzc">11050001.0</SimpleData>
		<SimpleData name="iddd">Accessible</SimpleData>
		<SimpleData name="idse">SE Sedentaire</SimpleData>
		<SimpleData name="resultat_c">Commune Sedentaire</SimpleData>
		<SimpleData name="statut_se">CAPI</SimpleData>
		<SimpleData name="mode_vie_c">Oui</SimpleData>
		<SimpleData name="statut_col">Non</SimpleData>
		<SimpleData name="emprise">CAPI</SimpleData>
		<SimpleData name="affiche_in">Carto RGPH5 2019-2020</SimpleData>
		<SimpleData name="date_modif">1.88737e-05</SimpleData>
	</SchemaData></ExtendedData>
      <Polygon><outerBoundaryIs><LinearRing><coordinates>-11.5868109039999,14.9680528060001 -11.586810928,14.96805275 -11.586811886,14.968050444 -11.58681296,14.968047858 -11.5868136889999,14.968046101 -11.586813939,14.968045499 -11.586822857,14.968024031 -11.586825134,14.968018549 -11.5868331149999,14.967999336 -11.5868412469999,14.96797976 -11.586842777,14.9679760760001 -11.586842787,14.967976052 -11.5868482079999,14.967963013 -11.5868734219999,14.96794715 -11.586888336,14.967937766 -11.586908555,14.9679250470001 -11.5869159609999,14.967920388 -11.586935586,14.967908041 -11.586969897,14.967886455 -11.5869770539999,14.967881952 -11.5869773159999,14.967881493 -11.586996637,14.96784768 -11.586997534,14.967846111 -11.5870002939999,14.967841279 -11.5870122279999,14.967820396 -11.5870206559999,14.967805647 -11.5870314429999,14.96778677 -11.58703772,14.9677757860001 -11.5870473269999,14.967758974 -11.5870539339999,14.9677474100001 -11.58706339,14.967730863 -11.587065094,14.967727881 -11.587074636,14.9677111820001 -11.5870848599999,14.967693291 -11.5870853009999,14.967692518 -11.5870857849999,14.9676916720001 -11.587086509,14.967690405 -11.587086456,14.9676901400001 -11.5870861559999,14.96768869 -11.587071684,14.96761515 -11.5870650119999,14.9675812790001 -11.5870461439999,14.967485433 -11.587006575,14.967284422 -11.587005872,14.967278859 -11.5870029879999,14.967256015 -11.5870002189999,14.967234085 -11.586997852,14.96721533 -11.5869959259999,14.9672000850001 -11.586994671,14.967190139 -11.586993192,14.967178431 -11.586991988,14.967168896 -11.586992122,14.967155694 -11.586992251,14.9671429700001 -11.587062547,14.967090738 -11.58709334,14.9670678570001 -11.587244674,14.9669172390001 -11.5876715489999,14.9664982150001 -11.5878214549999,14.9663997060001 -11.587884226,14.9662413520001 -11.5878842729999,14.9662412340001 -11.587797162,14.966092428 -11.587764089,14.9660711220001 -11.5877390549999,14.966054996 -11.587739019,14.966054952 -11.587721518,14.966024227 -11.5873560329999,14.965945704 -11.587181856,14.965923575 -11.587159014,14.965913582 -11.587089143,14.965871517 -11.587089057,14.965871464 -11.587090485,14.965758679 -11.5870957139999,14.96553843 -11.58709572,14.965538162 -11.586949978,14.9654224600001 -11.586770923,14.965323718 -11.586762456,14.965326239 -11.5867623629999,14.965326266 -11.586762097,14.965326122 -11.586729357,14.965324611 -11.586727663,14.965324531 -11.586726616,14.965324482 -11.586707082,14.9653235800001 -11.5867028929999,14.9653233880001 -11.5866959919999,14.965323068 -11.586679569,14.96532231 -11.586674576,14.965322079 -11.586670349,14.965321885 -11.5866703139999,14.9653218830001 -11.5866701429999,14.965321875 -11.5866698469999,14.965321858 -11.586655515,14.965321198 -11.5866474979999,14.9653208280001 -11.5866380529999,14.965320392 -11.5866214989999,14.965319628 -11.5866145909999,14.96531931 -11.5866123719999,14.965319208 -11.586606189,14.9653189220001 -11.586585134,14.96531795 -11.586582816,14.965317843 -11.586581775,14.965317795 -11.586576723,14.9653175620001 -11.586571878,14.965317338 -11.5865718429999,14.965317337 -11.586565478,14.965317354 -11.586560332,14.9653173680001 -11.586558157,14.9653173740001 -11.586557227,14.965317376 -11.5865548539999,14.965317382 -11.586528514,14.965317451 -11.5864696259999,14.965317897 -11.5864621539999,14.965317935 -11.5863889349999,14.965318306 -11.586385048,14.965318327 -11.5863631779999,14.965318333 -11.5863631,14.965318333 -11.586358119,14.965318365 -11.5863472459999,14.9653184360001 -11.586318089,14.965318628 -11.586316102,14.965318401 -11.586290902,14.9653155240001 -11.5862844279999,14.965314785 -11.5862817029999,14.965314474 -11.586261989,14.9653122240001 -11.586236131,14.9653092730001 -11.586222789,14.965307749 -11.586187346,14.9653037030001 -11.586183247,14.9653032370001 -11.5861772019999,14.965302546 -11.586177042,14.9653025280001 -11.5861742499999,14.9653022090001 -11.58614725,14.965302928 -11.5861321809999,14.96530333 -11.586103517,14.9653040920001 -11.5861008529999,14.965304163 -11.5860853099999,14.9653045760001 -11.5860803799999,14.965304707 -11.5860601329999,14.965307625 -11.5860600149999,14.965307642 -11.586054991,14.965308366 -11.586054873,14.965308383 -11.586032014,14.965311677 -11.5860287539999,14.965312146 -11.586028636,14.965312163 -11.585998764,14.965316468 -11.585998645,14.965316484 -11.585993328,14.965317032 -11.585993209,14.9653170440001 -11.5859898959999,14.965317386 -11.58598001,14.9653184060001 -11.585974026,14.9653190240001 -11.585973907,14.965319036 -11.585969333,14.9653195080001 -11.585969215,14.96531952 -11.5859500359999,14.965321499 -11.5859499169999,14.9653215120001 -11.5859369529999,14.965322848 -11.5859192259999,14.9653246780001 -11.58590871,14.9653257620001 -11.585908591,14.9653257750001 -11.585888262,14.965327872 -11.5858780149999,14.9653289300001 -11.5858778959999,14.965328942 -11.585874546,14.965329287 -11.585874427,14.9653292990001 -11.585863848,14.9653303920001 -11.58586373,14.9653304060001 -11.585851722,14.9653300460001 -11.585847014,14.965329905 -11.5858468879999,14.9653299030001 -11.5858308269999,14.965329421 -11.5858293379999,14.965329377 -11.585829342,14.965329712 -11.585827707,14.965329663 -11.585827031,14.965329642 -11.5858230059999,14.965329346 -11.585815844,14.965329228 -11.5857875259999,14.9653234210001 -11.585782003,14.96531393 -11.585781961,14.9653138580001 -11.58577918,14.9653090780001 -11.5857786829999,14.9653082250001 -11.585777704,14.9653065410001 -11.58577317,14.965298752 -11.585771484,14.965296359 -11.5857579199999,14.9652770980001 -11.58574485,14.965258539 -11.5857389189999,14.965250117 -11.585726391,14.965232326 -11.585716867,14.965218802 -11.585714169,14.96521497 -11.585713235,14.965213643 -11.5857119299999,14.9652117910001 -11.585701786,14.965197388 -11.585701194,14.965195588 -11.5856957689999,14.965179113 -11.5856924189999,14.965168938 -11.585683624,14.965142229 -11.5856783259999,14.9651261400001 -11.585673915,14.9651127430001 -11.585665207,14.9650862980001 -11.5856593619999,14.965068547 -11.585640634,14.96501167 -11.58564003,14.965009373 -11.5856375279999,14.96499986 -11.585633543,14.9649847090001 -11.585632722,14.964981586 -11.585630496,14.9649731220001 -11.5856299709999,14.964971125 -11.585629578,14.9649696320001 -11.585627421,14.964961433 -11.5856215159999,14.964938977 -11.585623988,14.96493695 -11.5856462199999,14.9649187140001 -11.5856463399999,14.964918616 -11.5856510899999,14.964914719 -11.5856633499999,14.964904662 -11.585670213,14.9648990320001 -11.5856711019999,14.9648983020001 -11.5856908019999,14.964882141 -11.585731165,14.964849031 -11.5857618049999,14.964823896 -11.5858614169999,14.964779623 -11.58595752,14.964736912 -11.585965249,14.964733477 -11.585968409,14.964733037 -11.585988616,14.964730221 -11.586045573,14.964722287 -11.5861500459999,14.964707735 -11.586172002,14.9647046760001 -11.586204385,14.964700164 -11.58626844,14.964700164 -11.5863043219999,14.964700164 -11.5864530389999,14.9646311590001 -11.586500628,14.964583571 -11.5865211839999,14.964438656 -11.5865243919999,14.964416038 -11.586524423,14.9644158180001 -11.586519664,14.964394999 -11.5864619619999,14.9643414600001 -11.5864292439999,14.964287923 -11.586420916,14.9641969080001 -11.586412165,14.964185001 -11.5863982929999,14.964166124 -11.586357262,14.9641102890001 -11.586353381,14.964105009 -11.586326927,14.964069012 -11.586310559,14.9640347590001 -11.5862987379999,14.964010022 -11.5862723189999,14.963937399 -11.586262924,14.963893378 -11.5862458469999,14.963813369 -11.586244737,14.963809408 -11.5862332479999,14.963768402 -11.5862301609999,14.963736667 -11.5862301339999,14.963736388 -11.5862358689999,14.9637202930001 -11.586272758,14.963578786 -11.5862985159999,14.9634799790001 -11.5863713099999,14.963200736 -11.5864426439999,14.962927101 -11.586656306,14.962514614 -11.5866567959999,14.962513669 -11.586664119,14.9625061900001 -11.586675952,14.962494104 -11.5866798599999,14.962490114 -11.586680563,14.96248939 -11.5868029279999,14.962364426 -11.586895903,14.962269474 -11.587028667,14.962133884 -11.5870448869999,14.9621173200001 -11.587193596,14.961965446 -11.587193638,14.9619654050001 -11.5872103749999,14.9619483110001 -11.587210431,14.961948254 -11.5872152869999,14.961943294 -11.5872159689999,14.9619425970001 -11.5872879479999,14.961747879 -11.587288596,14.9616977220001 -11.5872888119999,14.961681126 -11.587285907,14.9613832910001 -11.5872784439999,14.960617681 -11.587277119,14.960481794 -11.5872771159999,14.960481282 -11.587271792,14.9597326430001 -11.587267933,14.9592815820001 -11.5872679139999,14.959279559 -11.587261607,14.958667894 -11.5872599489999,14.9584740290001 -11.587261026,14.9584740290001 -11.587307537,14.9584740290001 -11.5890626409999,14.958602576 -11.5890630129999,14.958621399 -11.589063202,14.9586309750001 -11.589063525,14.958647356 -11.589064234,14.958683358 -11.589064536,14.958698661 -11.5890657479999,14.958760096 -11.5890669149999,14.9588192850001 -11.5890690419999,14.9589271350001 -11.589071248,14.9590390280001 -11.589071723,14.9590631200001 -11.58907341,14.959148687 -11.5890745029999,14.959204103 -11.589075727,14.9592661940001 -11.5890773319999,14.959347586 -11.5890784649999,14.959405052 -11.589080211,14.9594935640001 -11.589081644,14.959566253 -11.589083553,14.959663101 -11.5890846139999,14.9597168780001 -11.5890853949999,14.9597565070001 -11.5890871849999,14.959847256 -11.5890917429999,14.960078448 -11.5890956129999,14.960274699 -11.589100119,14.960503182 -11.589103999,14.9607 -11.5891053579999,14.9607689260001 -11.5891484479999,14.9608551040001 -11.589247192,14.961052593 -11.589270647,14.961099505 -11.589307295,14.961172801 -11.589333688,14.9612255860001 -11.5893689759999,14.9612961620001 -11.588579469,14.9624165710001 -11.58830846,14.9628011660001 -11.5881418979999,14.96313429 -11.587654076,14.963504915 -11.5876512209999,14.963722874 -11.587679774,14.9639598680001 -11.5877254599999,14.9642187530001 -11.587771146,14.964280619 -11.5877768569999,14.9643577140001 -11.5877654349999,14.964451941 -11.587771146,14.964587094 -11.5878044579999,14.9647203440001 -11.587887263,14.9649392540001 -11.587876794,14.9651553090001 -11.587826349,14.9653085470001 -11.587850144,14.9655046140001 -11.587819687,14.9658225100001 -11.5878134869999,14.965917242 -11.5878962579999,14.9659322750001 -11.5881401529999,14.965920377 -11.588616424,14.9658261170001 -11.588715459,14.9657777510001 -11.5887984079999,14.9657372410001 -11.58893782,14.9656708540001 -11.589060343,14.96561251 -11.589398032,14.9654517050001 -11.5894057639999,14.9654161350001 -11.5894671309999,14.9654402890001 -11.5895264169999,14.9654636240001 -11.5896797309999,14.9656513250001 -11.5899083219999,14.9659311880001 -11.5901617329999,14.966395183 -11.5906400059999,14.9670340700001 -11.5907134309999,14.967139837 -11.5902900789999,14.9673580730001 -11.59002659,14.9674939 -11.5898974679999,14.9675604620001 -11.589664989,14.9676803040001 -11.5892652389999,14.9677838110001 -11.589055609,14.967723134 -11.5889080819999,14.9676003540001 -11.5886901229999,14.9674718630001 -11.5885701989999,14.96739001 -11.588503574,14.967392865 -11.588482158,14.9674009080001 -11.588378652,14.967410188 -11.588306911,14.9674637260001 -11.5882697919999,14.9675161930001 -11.5882055459999,14.9676775200001 -11.5881207859999,14.968004287 -11.588117417,14.9680172770001 -11.5880933299999,14.968229041 -11.5880603099999,14.9685193440001 -11.587810368,14.9689833420001 -11.587810368,14.9689834010001 -11.587766764,14.968971277 -11.5877212039999,14.968958608 -11.587683737,14.9689481890001 -11.587664672,14.9689428880001 -11.587637435,14.9689353140001 -11.5875968409999,14.968924025 -11.587578537,14.968918935 -11.58750649,14.968898901 -11.5874803359999,14.9688916280001 -11.5874772519999,14.9688907710001 -11.587400916,14.968869566 -11.587359406,14.968858036 -11.587340194,14.968852699 -11.5873401859999,14.9688526410001 -11.587331376,14.9688101790001 -11.587331364,14.968810122 -11.5873209009999,14.9687597080001 -11.587320889,14.968759651 -11.5873104839999,14.9687095190001 -11.587310472,14.968709462 -11.5873001209999,14.968659587 -11.587300109,14.968659529 -11.587288491,14.9686035510001 -11.5872884789999,14.968603494 -11.5872772009999,14.968548664 -11.5872771909999,14.9685486070001 -11.58727249,14.9685132320001 -11.587266347,14.9684670130001 -11.5872663389999,14.968466956 -11.5872590239999,14.9684119230001 -11.587259016,14.9684118660001 -11.587251578,14.968355898 -11.58725157,14.9683558410001 -11.5872423329999,14.968286338 -11.587242325,14.96828628 -11.5872374059999,14.968249266 -11.5872234999999,14.968229041 -11.587195524,14.9681883530001 -11.587159866,14.9681879670001 -11.5871110419999,14.9681874390001 -11.5870420329999,14.9681866930001 -11.5869613269999,14.9681858210001 -11.586909512,14.96818526 -11.5868935519999,14.9681580060001 -11.5868650789999,14.968109385 -11.5868532719999,14.968089223 -11.5868479929999,14.96808021 -11.586847205,14.9680787070001 -11.5868364799999,14.9680709030001 -11.586816069,14.96805605 -11.5868117479999,14.968052906 -11.5868109039999,14.9680528060001</coordinates></LinearRing></outerBoundaryIs></Polygon>
  </Placemark>
  <Placemark id="SE_0001.18">
	<name>89431.0</name>
	<description>5280.0</description>
	<Style><LineStyle><color>ff0000ff</color></LineStyle><PolyStyle><fill>0</fill></PolyStyle></Style>
	<ExtendedData><SchemaData schemaUrl="#SE_0001">
		<SimpleData name="fid">5292.0</SimpleData>
		<SimpleData name="id">01</SimpleData>
		<SimpleData name="objectid">Kayes</SimpleData>
		<SimpleData name="region">11</SimpleData>
		<SimpleData name="lregion">Kayes</SimpleData>
		<SimpleData name="cercle">1110</SimpleData>
		<SimpleData name="lcercle">Guidimakan Keri Kaffo</SimpleData>
		<SimpleData name="commune">RU</SimpleData>
		<SimpleData name="lcommune">0001</SimpleData>
		<SimpleData name="type_com">003</SimpleData>
		<SimpleData name="num_se">898.0</SimpleData>
		<SimpleData name="num_dd">1113.0</SimpleData>
		<SimpleData name="pop_se">1110003.0</SimpleData>
		<SimpleData name="idzc">11100001.0</SimpleData>
		<SimpleData name="iddd">Accessible</SimpleData>
		<SimpleData name="idse">SE Sedentaire</SimpleData>
		<SimpleData name="resultat_c">Commune Sedentaire</SimpleData>
		<SimpleData name="statut_se">CAPI</SimpleData>
		<SimpleData name="mode_vie_c">Oui</SimpleData>
		<SimpleData name="statut_col">Non</SimpleData>
		<SimpleData name="emprise">CAPI</SimpleData>
		<SimpleData name="affiche_in">Carto RGPH5 2019-2020</SimpleData>
		<SimpleData name="date_modif">0.0007533256</SimpleData>
	</SchemaData></ExtendedData>
      <Polygon><outerBoundaryIs><LinearRing><coordinates>-11.845193378,14.6158632560001 -11.8451921879999,14.6156514840001 -11.845166014,14.6154182970001 -11.845159381,14.6153776090001 -11.8451255919999,14.6151703250001 -11.845104148,14.615038773 -11.845078993,14.61487285 -11.845043576,14.61463923 -11.845042282,14.6146306950001 -11.845024436,14.6144917350001 -11.8450359239999,14.614373261 -11.845042437,14.6143061020001 -11.845047279,14.6142561680001 -11.8450602089999,14.6140919540001 -11.845075833,14.6138935380001 -11.845070122,14.613810733 -11.8451377649999,14.6129193090001 -11.845185355,14.612747988 -11.844937891,14.612629015 -11.8446943279999,14.612552722 -11.844661807,14.6125229690001 -11.844386265,14.612407327 -11.844051356,14.612248498 -11.843998637,14.6122125530001 -11.843997869,14.612212029 -11.8438943109999,14.612141422 -11.8436601719999,14.6120036510001 -11.843578081,14.611968673 -11.843541321,14.61195761 -11.843385487,14.6119107100001 -11.8433480909999,14.61189962 -11.843282506,14.6118801710001 -11.843178474,14.61184932 -11.843080034,14.611808093 -11.8430772949999,14.6118069450001 -11.8430114359999,14.611779363 -11.842647379,14.611695131 -11.842558652,14.6116996170001 -11.842543067,14.611700405 -11.842393252,14.6117079800001 -11.842297604,14.6117079800001 -11.842220503,14.6117079800001 -11.842172961,14.611690627 -11.842172831,14.61168846 -11.8421695399999,14.611602874 -11.842153073,14.6115058390001 -11.842154025,14.611425889 -11.842194951,14.6113392770001 -11.842242541,14.611270749 -11.842266335,14.6111888950001 -11.8423025029999,14.611075633 -11.842347237,14.610925251 -11.842410414,14.6105881720001 -11.842423058,14.6102861320001 -11.8424590619999,14.6094260400001 -11.8424630219999,14.609331447 -11.8430190469999,14.609427576 -11.84633,14.61 -11.846367884,14.610001337 -11.8490613,14.6100963060001 -11.8514686509999,14.610181186 -11.853295225,14.61024559 -11.854353083,14.6102828910001 -11.855724816,14.610331258 -11.85654,14.61036 -11.8634465,14.610662506 -11.863446465,14.610662765 -11.8711244949999,14.6109990640001 -11.8718099499999,14.611029086 -11.8720975479999,14.611041684 -11.872028111,14.611672335 -11.8717939599999,14.613798979 -11.8716180879999,14.6153963100001 -11.881316053,14.6170938020001 -11.878615676,14.627724399 -11.8785127199999,14.627864355 -11.873167011,14.6353643030001 -11.8721357639999,14.636811128 -11.8693174229999,14.6412789570001 -11.8677101659999,14.643826889 -11.866462155,14.6458053220001 -11.848612096,14.6222074560001 -11.8457388969999,14.6185633110001 -11.845760312,14.6181742690001 -11.845699635,14.617485415 -11.8455961289999,14.617000005 -11.845521176,14.616739454 -11.845399823,14.616439642 -11.84528204,14.616164815 -11.845214262,14.6159236710001 -11.845193378,14.6158632560001</coordinates></LinearRing></outerBoundaryIs></Polygon>
  </Placemark>
  <Placemark id="SE_0001.19">
	<name>89466.0</name>
	<description>5315.0</description>
	<Style><LineStyle><color>ff0000ff</color></LineStyle><PolyStyle><fill>0</fill></PolyStyle></Style>
	<ExtendedData><SchemaData schemaUrl="#SE_0001">
		<SimpleData name="fid">5327.0</SimpleData>
		<SimpleData name="id">01</SimpleData>
		<SimpleData name="objectid">Kayes</SimpleData>
		<SimpleData name="region">11</SimpleData>
		<SimpleData name="lregion">Kayes</SimpleData>
		<SimpleData name="cercle">1126</SimpleData>
		<SimpleData name="lcercle">Somankidy</SimpleData>
		<SimpleData name="commune">UR</SimpleData>
		<SimpleData name="lcommune">0001</SimpleData>
		<SimpleData name="type_com">001</SimpleData>
		<SimpleData name="num_se">812.0</SimpleData>
		<SimpleData name="num_dd">1122.0</SimpleData>
		<SimpleData name="pop_se">1126001.0</SimpleData>
		<SimpleData name="idzc">11260001.0</SimpleData>
		<SimpleData name="iddd">Accessible</SimpleData>
		<SimpleData name="idse">SE Sedentaire</SimpleData>
		<SimpleData name="resultat_c">Commune Sedentaire</SimpleData>
		<SimpleData name="statut_se">CAPI</SimpleData>
		<SimpleData name="mode_vie_c">Oui</SimpleData>
		<SimpleData name="statut_col">Non</SimpleData>
		<SimpleData name="emprise">CAPI</SimpleData>
		<SimpleData name="affiche_in">Carto RGPH5 2019-2020</SimpleData>
		<SimpleData name="date_modif">0.0009628483</SimpleData>
	</SchemaData></ExtendedData>
      <Polygon><outerBoundaryIs><LinearRing><coordinates>-11.584833803,14.5857213580001 -11.6063432619999,14.559326229 -11.608643475,14.554003371 -11.60906226,14.552631612 -11.609271652,14.552055782 -11.6100782899999,14.55285766 -11.6101996419999,14.5529837720001 -11.610311477,14.5530432580001 -11.6104566239999,14.5530456380001 -11.61064936,14.552986151 -11.6108349579999,14.5529457010001 -11.61091348,14.5529385620001 -11.6124077819999,14.553050397 -11.6125434109999,14.5530123250001 -11.612897951,14.5529100090001 -11.6131882449999,14.5528719370001 -11.613416673,14.552867178 -11.6135713379999,14.552874317 -11.613668896,14.5529004910001 -11.613930637,14.5530075660001 -11.614218552,14.5531527140001 -11.614392252,14.553197923 -11.6144208059999,14.5531503340001 -11.614408909,14.55307895 -11.61400678,14.5520843360001 -11.613259629,14.551132551 -11.613449986,14.5508731900001 -11.6136879319999,14.5507351810001 -11.613909222,14.5505019940001 -11.6139948819999,14.550318776 -11.614051989,14.550007066 -11.6140496099999,14.5498214680001 -11.6139758469999,14.549574004 -11.61387353,14.5494526520001 -11.613449986,14.5491932900001 -11.612950299,14.5488910990001 -11.613054995,14.548712639 -11.6130288209999,14.5486412560001 -11.612978853,14.54857701 -11.612931263,14.548517524 -11.6129598169999,14.5484532780001 -11.613326254,14.5479750060001 -11.6135047129999,14.547496735 -11.6136855519999,14.5475919130001 -11.6137004899999,14.54754969 -11.613829788,14.5469662580001 -11.6138830049999,14.546793182 -11.614482672,14.54579542 -11.6153797289999,14.5441726280001 -11.616269694,14.542823846 -11.6166874789999,14.543078397 -11.6281033459999,14.5500309610001 -11.6281038179999,14.550031249 -11.628104729,14.550031803 -11.63596605,14.554865836 -11.637815905,14.5561031550001 -11.63817,14.55634 -11.591696323,14.594377492 -11.5881324759999,14.589882184 -11.584833803,14.5857213580001</coordinates></LinearRing></outerBoundaryIs></Polygon>
  </Placemark>
  <Placemark id="SE_0001.20">
	<name>89494.0</name>
	<description>5343.0</description>
	<Style><LineStyle><color>ff0000ff</color></LineStyle><PolyStyle><fill>0</fill></PolyStyle></Style>
	<ExtendedData><SchemaData schemaUrl="#SE_0001">
		<SimpleData name="fid">5355.0</SimpleData>
		<SimpleData name="id">01</SimpleData>
		<SimpleData name="objectid">Kayes</SimpleData>
		<SimpleData name="region">11</SimpleData>
		<SimpleData name="lregion">Kayes</SimpleData>
		<SimpleData name="cercle">1113</SimpleData>
		<SimpleData name="lcercle">Kemene Tambo</SimpleData>
		<SimpleData name="commune">RU</SimpleData>
		<SimpleData name="lcommune">0001</SimpleData>
		<SimpleData name="type_com">001</SimpleData>
		<SimpleData name="num_se">704.0</SimpleData>
		<SimpleData name="num_dd">1114.0</SimpleData>
		<SimpleData name="pop_se">1113001.0</SimpleData>
		<SimpleData name="idzc">11130001.0</SimpleData>
		<SimpleData name="iddd">Accessible</SimpleData>
		<SimpleData name="idse">SE Sedentaire</SimpleData>
		<SimpleData name="resultat_c">Commune Sedentaire</SimpleData>
		<SimpleData name="statut_se">CAPI</SimpleData>
		<SimpleData name="mode_vie_c">Oui</SimpleData>
		<SimpleData name="statut_col">Non</SimpleData>
		<SimpleData name="emprise">CAPI</SimpleData>
		<SimpleData name="affiche_in">Carto RGPH5 2019-2020</SimpleData>
		<SimpleData name="date_modif">0.0001661384</SimpleData>
	</SchemaData></ExtendedData>
      <Polygon><outerBoundaryIs><LinearRing><coordinates>-11.792779964,14.594654512 -11.7927799019999,14.5946544880001 -11.792406614,14.594511627 -11.791899106,14.594317403 -11.791828881,14.5942905270001 -11.7914036669999,14.594127794 -11.7913996039999,14.59412624 -11.791234967,14.5940632320001 -11.79098884,14.593969037 -11.7905858509999,14.59381481 -11.790354545,14.593726288 -11.7899779049999,14.5935821460001 -11.7899765839999,14.59358164 -11.789766363,14.5935011870001 -11.789739465,14.593490893 -11.789248796,14.5933031120001 -11.7888584409999,14.59315372 -11.789112374,14.591858358 -11.790262298,14.588040801 -11.790390789,14.586363281 -11.791915785,14.586461216 -11.7919248969999,14.5862571070001 -11.791943932,14.5856075140001 -11.7918558919999,14.585376706 -11.7915822539999,14.5852363180001 -11.791375241,14.585122104 -11.79129196,14.584967439 -11.791358585,14.5844415780001 -11.7911682279999,14.5842988100001 -11.7908184469999,14.5842250470001 -11.7902592739999,14.58412273 -11.789954703,14.583977583 -11.7898119349999,14.5836801510001 -11.789588266,14.5832613650001 -11.7892860749999,14.58297821 -11.788983883,14.582735504 -11.7887102449999,14.582523732 -11.788657897,14.582207264 -11.788619825,14.581662368 -11.7885413029999,14.581383971 -11.788607928,14.580884284 -11.788657897,14.5804107710001 -11.78860079,14.579589857 -11.7885722359999,14.578412024 -11.7887221419999,14.577583971 -11.788857772,14.577055731 -11.78890774,14.5765631830001 -11.80113556,14.582113222 -11.800998133,14.5828848740001 -11.800997987,14.5828856960001 -11.800973342,14.583024075 -11.800943596,14.5831911 -11.80092107,14.583317585 -11.80085299,14.5836998560001 -11.799468481,14.5914738770001 -11.7989763959999,14.5942369320001 -11.798844152,14.594979483 -11.798656659,14.5960322560001 -11.798511386,14.5968479630001 -11.798156084,14.596711988 -11.797708697,14.596540771 -11.7960266439999,14.595897038 -11.795260921,14.5956039910001 -11.79444631,14.595292235 -11.7935927459999,14.594965571 -11.7931093989999,14.59478059 -11.793086354,14.59477177 -11.7928490209999,14.594680941 -11.792779964,14.594654512</coordinates></LinearRing></outerBoundaryIs></Polygon>
  </Placemark>
  <Placemark id="SE_0001.21">
	<name>89508.0</name>
	<description>5357.0</description>
	<Style><LineStyle><color>ff0000ff</color></LineStyle><PolyStyle><fill>0</fill></PolyStyle></Style>
	<ExtendedData><SchemaData schemaUrl="#SE_0001">
		<SimpleData name="fid">5369.0</SimpleData>
		<SimpleData name="id">01</SimpleData>
		<SimpleData name="objectid">Kayes</SimpleData>
		<SimpleData name="region">11</SimpleData>
		<SimpleData name="lregion">Kayes</SimpleData>
		<SimpleData name="cercle">1123</SimpleData>
		<SimpleData name="lcercle">Same Diomgoma</SimpleData>
		<SimpleData name="commune">RU</SimpleData>
		<SimpleData name="lcommune">0001</SimpleData>
		<SimpleData name="type_com">001</SimpleData>
		<SimpleData name="num_se">778.0</SimpleData>
		<SimpleData name="num_dd">1112.0</SimpleData>
		<SimpleData name="pop_se">1123001.0</SimpleData>
		<SimpleData name="idzc">11230001.0</SimpleData>
		<SimpleData name="iddd">Accessible</SimpleData>
		<SimpleData name="idse">SE Sedentaire</SimpleData>
		<SimpleData name="resultat_c">Commune Sedentaire</SimpleData>
		<SimpleData name="statut_se">CAPI</SimpleData>
		<SimpleData name="mode_vie_c">Oui</SimpleData>
		<SimpleData name="statut_col">Non</SimpleData>
		<SimpleData name="emprise">CAPI</SimpleData>
		<SimpleData name="affiche_in">Carto RGPH5 2019-2020</SimpleData>
		<SimpleData name="date_modif">8.94353e-05</SimpleData>
	</SchemaData></ExtendedData>
      <Polygon><outerBoundaryIs><LinearRing><coordinates>-11.55820267,14.488433958 -11.555619012,14.487214018 -11.5557233649999,14.4828752330001 -11.5558236979999,14.4787035890001 -11.5651709809999,14.4826611990001 -11.566113248,14.4831215450001 -11.566689078,14.4835070180001 -11.5664582699999,14.483904388 -11.566346435,14.48407095 -11.5662464979999,14.4842779630001 -11.566315502,14.484320794 -11.566627212,14.484449285 -11.5669924589999,14.484622985 -11.5674481259999,14.4848407060001 -11.567189954,14.485321357 -11.567151883,14.4853856030001 -11.567057894,14.4855771490001 -11.567012684,14.485703261 -11.566921075,14.486220793 -11.5663586759999,14.4887998450001 -11.5660718249999,14.490115288 -11.565884126,14.490081301 -11.56438464,14.4898097830001 -11.5614374109999,14.4896072760001 -11.55947893,14.489036578 -11.55820267,14.488433958</coordinates></LinearRing></outerBoundaryIs></Polygon>
  </Placemark>
  <Placemark id="SE_0001.22">
	<name>89528.0</name>
	<description>5377.0</description>
	<Style><LineStyle><color>ff0000ff</color></LineStyle><PolyStyle><fill>0</fill></PolyStyle></Style>
	<ExtendedData><SchemaData schemaUrl="#SE_0001">
		<SimpleData name="fid">5389.0</SimpleData>
		<SimpleData name="id">01</SimpleData>
		<SimpleData name="objectid">Kayes</SimpleData>
		<SimpleData name="region">11</SimpleData>
		<SimpleData name="lregion">Kayes</SimpleData>
		<SimpleData name="cercle">1106</SimpleData>
		<SimpleData name="lcercle">Faleme</SimpleData>
		<SimpleData name="commune">RU</SimpleData>
		<SimpleData name="lcommune">0001</SimpleData>
		<SimpleData name="type_com">001</SimpleData>
		<SimpleData name="num_se">965.0</SimpleData>
		<SimpleData name="num_dd">1112.0</SimpleData>
		<SimpleData name="pop_se">1106001.0</SimpleData>
		<SimpleData name="idzc">11060001.0</SimpleData>
		<SimpleData name="iddd">Accessible</SimpleData>
		<SimpleData name="idse">SE Sedentaire</SimpleData>
		<SimpleData name="resultat_c">Commune Sedentaire</SimpleData>
		<SimpleData name="statut_se">CAPI</SimpleData>
		<SimpleData name="mode_vie_c">Oui</SimpleData>
		<SimpleData name="statut_col">Non</SimpleData>
		<SimpleData name="emprise">CAPI</SimpleData>
		<SimpleData name="affiche_in">Carto RGPH5 2019-2020</SimpleData>
		<SimpleData name="date_modif">0.0017385261</SimpleData>
	</SchemaData></ExtendedData>
      <Polygon><outerBoundaryIs><LinearRing><coordinates>-11.981479927,14.3397345830001 -11.9815408809999,14.338900322 -11.9816534309999,14.3373598900001 -11.9818650129999,14.334464037 -11.9819063859999,14.333897774 -11.9821444419999,14.3306395860001 -11.982238445,14.329353005 -11.9825063599999,14.325686138 -11.982510872,14.325624389 -11.982517913,14.32552802 -11.982636014,14.323911611 -11.9826421299999,14.323827895 -11.982759454,14.3222221180001 -11.982769912,14.3220789920001 -11.9828899519999,14.3204360410001 -11.9829096889999,14.3201659060001 -11.983021676,14.318633177 -11.98303156,14.318497903 -11.9831615749999,14.316718425 -11.98316375,14.3166886610001 -11.983164818,14.316674047 -11.983169946,14.3166038530001 -11.983215561,14.315979542 -11.9832219799999,14.31589168 -11.983267976,14.315262154 -11.983269746,14.315237923 -11.983272745,14.3151968760001 -11.9832861159999,14.315013875 -11.9832900609999,14.314959883 -11.98330944,14.314694655 -11.983309489,14.314693978 -11.983327141,14.3144523870001 -11.9833285,14.314433783 -11.9833455739999,14.314200091 -11.983347172,14.31417823 -11.9833627699999,14.3139647420001 -11.9833628659999,14.313963432 -11.983363809,14.313950516 -11.983365948,14.313921248 -11.9833691549999,14.313877346 -11.983370059,14.313864973 -11.983375903,14.313784985 -11.9833759529999,14.313784308 -11.983376036,14.313783168 -11.9833763529999,14.313778837 -11.9833780669999,14.313755373 -11.983378235,14.313753079 -11.983379892,14.313730402 -11.9833802479999,14.313725526 -11.983381643,14.313706435 -11.9833820859999,14.3137003620001 -11.9833831629999,14.313685622 -11.9833833349999,14.3136832660001 -11.983384744,14.3136639910001 -11.9833848059999,14.3136631360001 -11.983385265,14.3136568530001 -11.983386546,14.3136393300001 -11.983387079,14.313632023 -11.9833874449999,14.3136270160001 -11.983388808,14.3136083680001 -11.9833892679999,14.313602067 -11.983390786,14.313581287 -11.983390974,14.313578724 -11.9833918799999,14.313566312 -11.983392243,14.313561351 -11.9833924439999,14.313558594 -11.9833926329999,14.3135560170001 -11.983392695,14.313555163 -11.9833929719999,14.313551369 -11.9833929939999,14.313551057 -11.9833931909999,14.313548344 -11.983395145,14.313521625 -11.9833954699999,14.31351712 -11.983395624,14.313515083 -11.9833961329999,14.31350797 -11.983396189,14.31350723 -11.983396537,14.313502472 -11.9833965469999,14.313502338 -11.9833966049999,14.3135015440001 -11.983396644,14.313501043 -11.9833966579999,14.313500866 -11.9833967769999,14.313499246 -11.983396806,14.313498843 -11.9833969269999,14.313497189 -11.9833970019999,14.3134961690001 -11.9833970569999,14.313495426 -11.9833971329999,14.313494377 -11.9833971469999,14.313494184 -11.98339728,14.313492373 -11.983397371,14.313491131 -11.983397489,14.3134895170001 -11.983397544,14.3134887620001 -11.983397662,14.313487121 -11.983397667,14.313487089 -11.9833976689999,14.3134870260001 -11.9833980619999,14.313481682 -11.9833981469999,14.313480526 -11.9833984379999,14.3134765630001 -11.9836856119999,14.313332975 -11.983948781,14.3132013920001 -11.999389648,14.305480958 -11.9996209719999,14.304515178 -12.0001697939999,14.3022238470001 -12.000280382,14.301762142 -12.0008380209999,14.2994340020001 -12.0021420319999,14.293989756 -12.002301073,14.293325759 -12.0023024069999,14.29332019 -12.0023281439999,14.293212738 -12.0023418219999,14.293155632 -12.0025535,14.2922718770001 -12.0027744,14.2913496210001 -12.0029564019999,14.290589762 -12.002982424,14.2904811180001 -12.0036554399999,14.2876712790001 -12.003655629,14.287670491 -12.003657306,14.2876634900001 -12.003664204,14.287634687 -12.0036900719999,14.287526691 -12.003699035,14.287489271 -12.0037182209999,14.2874091690001 -12.003720185,14.2874009650001 -12.003778347,14.28715814 -12.0039057549999,14.286626213 -12.004092407,14.2858469380001 -12.004272461,14.2850952160001 -12.0042918529999,14.285070934 -12.0054792019999,14.283584165 -12.005565953,14.2834755390001 -12.005613436,14.283416082 -12.0058621809999,14.2831046110001 -12.005917107,14.283035834 -12.0059532029999,14.282990634 -12.006260217,14.282606199 -12.00635986,14.282481429 -12.0066638939999,14.2821007250001 -12.0068394859999,14.2818808530001 -12.0071799099999,14.281454583 -12.007182343,14.2814515360001 -12.007244623,14.281373553 -12.0077134659999,14.280786479 -12.007794939,14.28068446 -12.007967729,14.280468097 -12.0082047139999,14.280171351 -12.0083878209999,14.279942068 -12.008816017,14.279405894 -12.008866688,14.2793424450001 -12.0094592739999,14.278600424 -12.0094831329999,14.2785705480001 -12.010057289,14.277851604 -12.0100972989999,14.2778015060001 -12.010600391,14.277171546 -12.010647615,14.277112414 -12.0107708799999,14.276958065 -12.0108969309999,14.276800226 -12.010938831,14.27674776 -12.011075105,14.276577123 -12.0110937879999,14.2765537290001 -12.011102066,14.276543363 -12.0111261019999,14.2765132660001 -12.011217694,14.276398575 -12.0112915039999,14.2763061520001 -12.0115077749999,14.2763457520001 -12.017736323,14.27748619 -12.024291992,14.278686523 -12.027218736,14.282476898 -12.016434589,14.288322346 -12.0163542089999,14.288555778 -12.0162495129999,14.288965046 -12.016185268,14.2892208380001 -12.0160888999999,14.289500424 -12.016011567,14.289813323 -12.0159782549999,14.2899120710001 -12.0159128189999,14.289920399 -12.015767672,14.2898704310001 -12.015528537,14.289809754 -12.015429615,14.289802224 -12.0153305539999,14.289777665 -12.0149664969999,14.289690815 -12.0146607359999,14.2896408460001 -12.0144070969999,14.28960089 -12.0144069479999,14.289685912 -12.014391243,14.289858661 -12.014375539,14.290107076 -12.0143741109999,14.2903340770001 -12.0143618569999,14.290634841 -12.01428155,14.290834121 -12.0143261649999,14.2912326800001 -12.0141197469999,14.291660983 -12.011355715,14.2954058 -12.013743532,14.2986691510001 -12.0146001379999,14.305950302 -12.029348338,14.3438040130001 -12.015883388,14.3424342920001 -11.981479927,14.3397345830001</coordinates></LinearRing></outerBoundaryIs></Polygon>
  </Placemark>
  <Placemark id="SE_0001.23">
	<name>89536.0</name>
	<description>5385.0</description>
	<Style><LineStyle><color>ff0000ff</color></LineStyle><PolyStyle><fill>0</fill></PolyStyle></Style>
	<ExtendedData><SchemaData schemaUrl="#SE_0001">
		<SimpleData name="fid">5397.0</SimpleData>
		<SimpleData name="id">01</SimpleData>
		<SimpleData name="objectid">Kayes</SimpleData>
		<SimpleData name="region">11</SimpleData>
		<SimpleData name="lregion">Kayes</SimpleData>
		<SimpleData name="cercle">1107</SimpleData>
		<SimpleData name="lcercle">Fegui</SimpleData>
		<SimpleData name="commune">RU</SimpleData>
		<SimpleData name="lcommune">0001</SimpleData>
		<SimpleData name="type_com">001</SimpleData>
		<SimpleData name="num_se">617.0</SimpleData>
		<SimpleData name="num_dd">1112.0</SimpleData>
		<SimpleData name="pop_se">1107001.0</SimpleData>
		<SimpleData name="idzc">11070001.0</SimpleData>
		<SimpleData name="iddd">Accessible</SimpleData>
		<SimpleData name="idse">SE Sedentaire</SimpleData>
		<SimpleData name="resultat_c">Commune Sedentaire</SimpleData>
		<SimpleData name="statut_se">CAPI</SimpleData>
		<SimpleData name="mode_vie_c">Oui</SimpleData>
		<SimpleData name="statut_col">Non</SimpleData>
		<SimpleData name="emprise">CAPI</SimpleData>
		<SimpleData name="affiche_in">Carto RGPH5 2019-2020</SimpleData>
		<SimpleData name="date_modif">0.0013776085</SimpleData>
	</SchemaData></ExtendedData>
      <Polygon><outerBoundaryIs><LinearRing><coordinates>-12.116991,14.6474890010001 -12.1014559119999,14.63870574 -12.0929721709999,14.6339091850001 -12.0897290509999,14.632075582 -12.0878496359999,14.631012995 -12.08597022,14.629950406 -12.081763941,14.627572252 -12.073970958,14.6231662320001 -12.0731137929999,14.6226816080001 -12.0678949959999,14.619731008 -12.0678949099999,14.619730965 -12.0682738099999,14.618974253 -12.075576483,14.6192081340001 -12.08350712,14.6194621270001 -12.1383594439999,14.6212188750001 -12.140666596,14.6206900440001 -12.1408901949999,14.62062703 -12.1409283359999,14.620616281 -12.141370916,14.6206424550001 -12.141875362,14.6206448350001 -12.1425701639999,14.6205901070001 -12.143005606,14.6206067630001 -12.143153132,14.6206519730001 -12.143238793,14.6207947410001 -12.14338394,14.6211302450001 -12.143512431,14.6213467760001 -12.1437575149999,14.621518097 -12.1441215729999,14.621653726 -12.144560511,14.6218036070001 -12.14474388,14.6218662210001 -12.144804478,14.621886913 -12.145113808,14.622003507 -12.145446933,14.6221962430001 -12.1454742519999,14.622213405 -12.1456325309999,14.622312837 -12.145919256,14.622271196 -12.14625476,14.622236694 -12.1463820609999,14.6222140890001 -12.146592643,14.6222795240001 -12.146716065,14.622315918 -12.1467782409999,14.622334252 -12.146855574,14.622375893 -12.1468838929999,14.622376778 -12.1470840019999,14.622383031 -12.147158955,14.6224158680001 -12.147166093,14.622538648 -12.147056162,14.6229326860001 -12.1470430859999,14.62297496 -12.147027027,14.6230268780001 -12.147021422,14.623044997 -12.146959556,14.6232710460001 -12.1469259319999,14.623405544 -12.14690007,14.623508992 -12.14681203,14.6238302190001 -12.1468205959999,14.6238701940001 -12.1470157109999,14.623903507 -12.147132781,14.623913976 -12.147281259,14.6239491920001 -12.147435448,14.623990119 -12.1475553729999,14.6238692420001 -12.1476553109999,14.6239054100001 -12.1479718149999,14.624071638 -12.1480141329999,14.624093863 -12.14868,14.62418 -12.14885,14.624940001 -12.148838575,14.6252142120001 -12.14883,14.62542 -12.14873,14.62627 -12.1483767949999,14.62720403 -12.14828,14.627460001 -12.14783798,14.6284913800001 -12.1478,14.628580001 -12.14735,14.629370001 -12.147349329,14.6293710150001 -12.14647,14.630700001 -12.1462409169999,14.631067086 -12.14564,14.632030001 -12.14504,14.63382 -12.14539,14.634570001 -12.14557,14.635180001 -12.14557,14.635367527 -12.14557,14.6355100010001 -12.14541,14.63593 -12.14527,14.63645 -12.14511,14.637050001 -12.1450786309999,14.637244491 -12.1450627859999,14.637342727 -12.14501,14.6376700010001 -12.14481,14.638110001 -12.14467,14.638290001 -12.144557392,14.640682924 -12.14393589,14.6424985040001 -12.143933906,14.6425042990001 -12.1169952619999,14.6474937420001 -12.116991,14.6474890010001</coordinates></LinearRing></outerBoundaryIs></Polygon>
  </Placemark>
  <Placemark id="SE_0001.24">
	<name>89551.0</name>
	<description>5400.0</description>
	<Style><LineStyle><color>ff0000ff</color></LineStyle><PolyStyle><fill>0</fill></PolyStyle></Style>
	<ExtendedData><SchemaData schemaUrl="#SE_0001">
		<SimpleData name="fid">5412.0</SimpleData>
		<SimpleData name="id">01</SimpleData>
		<SimpleData name="objectid">Kayes</SimpleData>
		<SimpleData name="region">11</SimpleData>
		<SimpleData name="lregion">Kayes</SimpleData>
		<SimpleData name="cercle">1127</SimpleData>
		<SimpleData name="lcercle">Sony</SimpleData>
		<SimpleData name="commune">RU</SimpleData>
		<SimpleData name="lcommune">0001</SimpleData>
		<SimpleData name="type_com">001</SimpleData>
		<SimpleData name="num_se">841.0</SimpleData>
		<SimpleData name="num_dd">1115.0</SimpleData>
		<SimpleData name="pop_se">1127001.0</SimpleData>
		<SimpleData name="idzc">11270001.0</SimpleData>
		<SimpleData name="iddd">Accessible</SimpleData>
		<SimpleData name="idse">SE Sedentaire</SimpleData>
		<SimpleData name="resultat_c">Commune Sedentaire</SimpleData>
		<SimpleData name="statut_se">CAPI</SimpleData>
		<SimpleData name="mode_vie_c">Oui</SimpleData>
		<SimpleData name="statut_col">Non</SimpleData>
		<SimpleData name="emprise">CAPI</SimpleData>
		<SimpleData name="affiche_in">Carto RGPH5 2019-2020</SimpleData>
		<SimpleData name="date_modif">0.0015459236</SimpleData>
	</SchemaData></ExtendedData>
      <Polygon><outerBoundaryIs><LinearRing><coordinates>-12.0569342859999,14.720618965 -12.0557745209999,14.720220747 -12.055976422,14.7190834800001 -12.0560912679999,14.7184365790001 -12.056166177,14.718310774 -12.0563159129999,14.7180593030001 -12.056409803,14.7179016220001 -12.0565579399999,14.717652835 -12.0565677989999,14.717636278 -12.056572559,14.7176282840001 -12.05657745,14.7176200690001 -12.056582024,14.7176123880001 -12.056998571,14.7178298220001 -12.0570130209999,14.7178356590001 -12.0571057519999,14.7177003580001 -12.05729481,14.717413288 -12.058032961,14.7168649770001 -12.0582062039999,14.7164985490001 -12.0595850789999,14.7133455960001 -12.0774872989999,14.686049747 -12.1014559119999,14.63870574 -12.116991,14.6474890010001 -12.1152980009999,14.650438981 -12.108708925,14.661920176 -12.0913782539999,14.692118162 -12.0735760549999,14.726929285 -12.072324845,14.726266734 -12.071972812,14.7260803230001 -12.071260906,14.7257033490001 -12.0686854579999,14.725120459 -12.0681643149999,14.72500251 -12.0648907249999,14.724261611 -12.064190906,14.724103224 -12.06218403,14.723083769 -12.0610803659999,14.722523128 -12.0598477409999,14.7218969780001 -12.05947824,14.721709279 -12.0581611559999,14.721040224 -12.0577418949999,14.7208962670001 -12.0569342859999,14.720618965</coordinates></LinearRing></outerBoundaryIs></Polygon>
  </Placemark>
  <Placemark id="SE_0001.25">
	<name>89558.0</name>
	<description>5407.0</description>
	<Style><LineStyle><color>ff0000ff</color></LineStyle><PolyStyle><fill>0</fill></PolyStyle></Style>
	<ExtendedData><SchemaData schemaUrl="#SE_0001">
		<SimpleData name="fid">5419.0</SimpleData>
		<SimpleData name="id">01</SimpleData>
		<SimpleData name="objectid">Kayes</SimpleData>
		<SimpleData name="region">11</SimpleData>
		<SimpleData name="lregion">Kayes</SimpleData>
		<SimpleData name="cercle">1128</SimpleData>
		<SimpleData name="lcercle">Tafacirga</SimpleData>
		<SimpleData name="commune">RU</SimpleData>
		<SimpleData name="lcommune">0001</SimpleData>
		<SimpleData name="type_com">001</SimpleData>
		<SimpleData name="num_se">863.0</SimpleData>
		<SimpleData name="num_dd">1115.0</SimpleData>
		<SimpleData name="pop_se">1128001.0</SimpleData>
		<SimpleData name="idzc">11280001.0</SimpleData>
		<SimpleData name="iddd">Accessible</SimpleData>
		<SimpleData name="idse">SE Sedentaire</SimpleData>
		<SimpleData name="resultat_c">Commune Sedentaire</SimpleData>
		<SimpleData name="statut_se">CAPI</SimpleData>
		<SimpleData name="mode_vie_c">Oui</SimpleData>
		<SimpleData name="statut_col">Non</SimpleData>
		<SimpleData name="emprise">CAPI</SimpleData>
		<SimpleData name="affiche_in">Carto RGPH5 2019-2020</SimpleData>
		<SimpleData name="date_modif">0.0009864942</SimpleData>
	</SchemaData></ExtendedData>
      <Polygon><outerBoundaryIs><LinearRing><coordinates>-12.19127155,14.761328206 -12.190684946,14.758377066 -12.190546937,14.758210504 -12.190521953,14.7577607870001 -12.1904826919999,14.7572432540001 -12.1904498549999,14.7571066720001 -12.190438715,14.7570058760001 -12.190468526,14.756988144 -12.1907195269999,14.7570322760001 -12.1907530189999,14.7570380440001 -12.1909808849999,14.756966001 -12.191018909,14.7569535970001 -12.1911059679999,14.757079951 -12.191262261,14.7571220570001 -12.191361232,14.757096989 -12.1915112259999,14.7570493320001 -12.191678967,14.756999111 -12.191699881,14.756987152 -12.191945716,14.7569894050001 -12.1922348209999,14.7569965430001 -12.192400193,14.756984646 -12.1924810949999,14.7568228420001 -12.1925548579999,14.756349329 -12.192671323,14.756150409 -12.1928572749999,14.755872961 -12.169743981,14.691922334 -12.172480445,14.6874924970001 -12.172941888,14.687668117 -12.173930269,14.68804428 -12.174018207,14.688077747 -12.1741398849999,14.6881930770001 -12.174609625,14.68863831 -12.1752561349999,14.689251089 -12.176121457,14.690071265 -12.1779076139999,14.691764232 -12.1785436,14.692367038 -12.178830779,14.692639232 -12.1797748719999,14.693534071 -12.1798,14.693575949 -12.17987,14.693765951 -12.180019516,14.693765951 -12.1804075599999,14.694133747 -12.18042,14.6941959500001 -12.18052,14.69442595 -12.18054,14.694545949 -12.18073,14.69469595 -12.180967709,14.694664673 -12.182008165,14.695650845 -12.182517634,14.696133732 -12.182871833,14.696148959 -12.183805327,14.696189093 -12.18402,14.696265951 -12.18435,14.6963059510001 -12.18466,14.69640595 -12.18502,14.69642595 -12.1853,14.696355951 -12.18554,14.696265951 -12.1859,14.69638595 -12.18633,14.69640595 -12.18669,14.69642595 -12.18699,14.696505949 -12.18726,14.69645595 -12.1873806949999,14.696342798 -12.187651516,14.696354441 -12.1887537329999,14.696233089 -12.192553408,14.695814754 -12.1946678219999,14.6955819630001 -12.1947798379999,14.69558993 -12.196919146,14.7309911580001 -12.197618634,14.739911228 -12.198192675,14.7472315590001 -12.1981963769999,14.747278765 -12.198197329,14.747290902 -12.198204795,14.74738611 -12.19822218,14.7476078130001 -12.198270635,14.7482257240001 -12.198279331,14.74833662 -12.198298656,14.748583065 -12.198332921,14.7490200190001 -12.1983361809999,14.749061587 -12.1983372899999,14.7490757300001 -12.198417498,14.7500985670001 -12.1986228279999,14.7527169840001 -12.198660843,14.753201763 -12.19931,14.76148 -12.1996091409999,14.7622036830001 -12.1996114629999,14.762209302 -12.199441018,14.762233539 -12.1994161269999,14.76223708 -12.1978714799999,14.762456737 -12.197612455,14.76246174 -12.196645406,14.762390897 -12.1954067349999,14.762300155 -12.1947237159999,14.762250119 -12.193838478,14.76218527 -12.191623555,14.761445736 -12.19138765,14.76136697 -12.19127155,14.761328206</coordinates></LinearRing></outerBoundaryIs></Polygon>
  </Placemark>
  <Placemark id="SE_0001.26">
	<name>89598.0</name>
	<description>5447.0</description>
	<Style><LineStyle><color>ff0000ff</color></LineStyle><PolyStyle><fill>0</fill></PolyStyle></Style>
	<ExtendedData><SchemaData schemaUrl="#SE_0001">
		<SimpleData name="fid">5459.0</SimpleData>
		<SimpleData name="id">01</SimpleData>
		<SimpleData name="objectid">Kayes</SimpleData>
		<SimpleData name="region">12</SimpleData>
		<SimpleData name="lregion">Bafoulabe</SimpleData>
		<SimpleData name="cercle">1201</SimpleData>
		<SimpleData name="lcercle">Bafoulabe</SimpleData>
		<SimpleData name="commune">RU</SimpleData>
		<SimpleData name="lcommune">0001</SimpleData>
		<SimpleData name="type_com">001</SimpleData>
		<SimpleData name="num_se">1178.0</SimpleData>
		<SimpleData name="num_dd">1201.0</SimpleData>
		<SimpleData name="pop_se">1201001.0</SimpleData>
		<SimpleData name="idzc">12010001.0</SimpleData>
		<SimpleData name="iddd">Accessible</SimpleData>
		<SimpleData name="idse">SE Sedentaire</SimpleData>
		<SimpleData name="resultat_c">Commune Sedentaire</SimpleData>
		<SimpleData name="statut_se">CAPI</SimpleData>
		<SimpleData name="mode_vie_c">Non</SimpleData>
		<SimpleData name="statut_col">Non</SimpleData>
		<SimpleData name="emprise">CAPI</SimpleData>
		<SimpleData name="affiche_in">Carto RGPH5 2019-2020</SimpleData>
		<SimpleData name="date_modif">0.0021945009</SimpleData>
	</SchemaData></ExtendedData>
      <Polygon><outerBoundaryIs><LinearRing><coordinates>-10.901537123,14.05146 -10.931926344,14.0467213430001 -10.93360229,14.0566384000001 -10.9344410489999,14.061601578 -10.938243577,14.084102247 -10.937542768,14.087606855 -10.9366126639999,14.092258121 -10.933243702,14.1091056220001 -10.929390209,14.112381436 -10.9220342259999,14.118634683 -10.9206071739999,14.1198478060001 -10.919805934,14.12052893 -10.9132450769999,14.126106248 -10.907668402,14.129006405 -10.902120313,14.058836 -10.901537123,14.05146</coordinates></LinearRing></outerBoundaryIs></Polygon>
  </Placemark>
  <Placemark id="SE_0001.27">
	<name>89602.0</name>
	<description>5451.0</description>
	<Style><LineStyle><color>ff0000ff</color></LineStyle><PolyStyle><fill>0</fill></PolyStyle></Style>
	<ExtendedData><SchemaData schemaUrl="#SE_0001">
		<SimpleData name="fid">5463.0</SimpleData>
		<SimpleData name="id">01</SimpleData>
		<SimpleData name="objectid">Kayes</SimpleData>
		<SimpleData name="region">12</SimpleData>
		<SimpleData name="lregion">Bafoulabe</SimpleData>
		<SimpleData name="cercle">1212</SimpleData>
		<SimpleData name="lcercle">Sidibela</SimpleData>
		<SimpleData name="commune">RU</SimpleData>
		<SimpleData name="lcommune">0001</SimpleData>
		<SimpleData name="type_com">001</SimpleData>
		<SimpleData name="num_se">784.0</SimpleData>
		<SimpleData name="num_dd">1206.0</SimpleData>
		<SimpleData name="pop_se">1212001.0</SimpleData>
		<SimpleData name="idzc">12120001.0</SimpleData>
		<SimpleData name="iddd">Accessible</SimpleData>
		<SimpleData name="idse">SE Sedentaire</SimpleData>
		<SimpleData name="resultat_c">Commune Sedentaire</SimpleData>
		<SimpleData name="statut_se">CAPI</SimpleData>
		<SimpleData name="mode_vie_c">Oui</SimpleData>
		<SimpleData name="statut_col">Non</SimpleData>
		<SimpleData name="emprise">CAPI</SimpleData>
		<SimpleData name="affiche_in">Carto RGPH5 2019-2020</SimpleData>
		<SimpleData name="date_modif">0.0032148407</SimpleData>
	</SchemaData></ExtendedData>
      <Polygon><outerBoundaryIs><LinearRing><coordinates>-10.696609606,14.238373343 -10.7148038719999,14.2341707790001 -10.770506081,14.221304522 -10.77703537,14.2337538420001 -10.7779396019999,14.235477932 -10.778067708,14.23572219 -10.778157989,14.235889408 -10.7784820979999,14.2364897210001 -10.778770472,14.237023843 -10.7791750219999,14.237773147 -10.7628938289999,14.25821454 -10.761987254,14.2590354540001 -10.761049747,14.259751672 -10.760578613,14.260232323 -10.760186716,14.260855028 -10.76001825,14.2610627550001 -10.7598283689999,14.2612283660001 -10.759774831,14.2613154540001 -10.7596891709999,14.261409681 -10.7595906609999,14.261490344 -10.7595111869999,14.261629305 -10.759485013,14.2618833120001 -10.759418388,14.2619160300001 -10.7593594969999,14.261911866 -10.7592797849999,14.26189164 -10.759232195,14.261936255 -10.7591608119999,14.2620861610001 -10.7591274989999,14.2621860990001 -10.7591060839999,14.26222298 -10.759059684,14.2622705700001 -10.7590043619999,14.26231102 -10.758937142,14.2623502820001 -10.7587711749999,14.2623978710001 -10.7586914629999,14.2624389170001 -10.758650417,14.262471039 -10.758587361,14.2626036940001 -10.758634951,14.262751221 -10.759070392,14.263077207 -10.759501074,14.2633365680001 -10.7597645999999,14.263674253 -10.760062032,14.2639145790001 -10.7601940919999,14.2640585360001 -10.7603273419999,14.2641620430001 -10.7604058639999,14.264226288 -10.760508181,14.2642833950001 -10.7606188259999,14.264364297 -10.760754456,14.264476132 -10.760887705,14.2645677410001 -10.7609935909999,14.2646379350001 -10.761192276,14.2646819550001 -10.76166524,14.2649625660001 -10.761938237,14.265124535 -10.762110005,14.2655003830001 -10.763033524,14.274407812 -10.743492244,14.2755351930001 -10.7057831719999,14.275938597 -10.705682016,14.275750132 -10.704987628,14.274456404 -10.703331595,14.271371017 -10.7012007009999,14.267400906 -10.69803803,14.261508474 -10.6978409289999,14.2585521280001 -10.6976706799999,14.2559985300001 -10.69713303,14.2479342230001 -10.69710184,14.247364507 -10.69705428,14.246495781 -10.696955493,14.24469133 -10.696609606,14.238373343</coordinates></LinearRing></outerBoundaryIs></Polygon>
  </Placemark>
  <Placemark id="SE_0001.28">
	<name>89639.0</name>
	<description>5488.0</description>
	<Style><LineStyle><color>ff0000ff</color></LineStyle><PolyStyle><fill>0</fill></PolyStyle></Style>
	<ExtendedData><SchemaData schemaUrl="#SE_0001">
		<SimpleData name="fid">5500.0</SimpleData>
		<SimpleData name="id">01</SimpleData>
		<SimpleData name="objectid">Kayes</SimpleData>
		<SimpleData name="region">12</SimpleData>
		<SimpleData name="lregion">Bafoulabe</SimpleData>
		<SimpleData name="cercle">1213</SimpleData>
		<SimpleData name="lcercle">Tomora</SimpleData>
		<SimpleData name="commune">RU</SimpleData>
		<SimpleData name="lcommune">0001</SimpleData>
		<SimpleData name="type_com">001</SimpleData>
		<SimpleData name="num_se">1131.0</SimpleData>
		<SimpleData name="num_dd">1205.0</SimpleData>
		<SimpleData name="pop_se">1213001.0</SimpleData>
		<SimpleData name="idzc">12130001.0</SimpleData>
		<SimpleData name="iddd">Accessible</SimpleData>
		<SimpleData name="idse">SE Sedentaire</SimpleData>
		<SimpleData name="resultat_c">Commune Sedentaire</SimpleData>
		<SimpleData name="statut_se">CAPI</SimpleData>
		<SimpleData name="mode_vie_c">Oui</SimpleData>
		<SimpleData name="statut_col">Non</SimpleData>
		<SimpleData name="emprise">CAPI</SimpleData>
		<SimpleData name="affiche_in">Carto RGPH5 2019-2020</SimpleData>
		<SimpleData name="date_modif">0.0003615234</SimpleData>
	</SchemaData></ExtendedData>
      <Polygon><outerBoundaryIs><LinearRing><coordinates>-10.465139338,14.250458173 -10.465383193,14.2503389620001 -10.4655081559999,14.2502552710001 -10.4655388099999,14.250234741 -10.4656258979999,14.2501562190001 -10.465643116,14.250117147 -10.4656630179999,14.250071986 -10.465673012,14.249837847 -10.4656858609999,14.249730771 -10.4656571749999,14.249589401 -10.465636355,14.2491610980001 -10.4656214829999,14.248848793 -10.4658415829999,14.248774435 -10.4660319399999,14.2487179230001 -10.4660378889999,14.248456182 -10.4659992229999,14.2481855190001 -10.465945685,14.247846446 -10.488636614,14.242213732 -10.4885636519999,14.243983057 -10.4885625709999,14.2440092750001 -10.4885624799999,14.244011471 -10.4885322539999,14.244744456 -10.4885316629999,14.244758801 -10.4884064139999,14.247796077 -10.4884051719999,14.247826199 -10.488260248,14.2513405990001 -10.4882595669999,14.251357129 -10.4881191539999,14.254762123 -10.4881171169999,14.25481153 -10.4879828429999,14.258067673 -10.488061316,14.261175214 -10.467618855,14.2615678660001 -10.466214534,14.2554204730001 -10.465991817,14.2550421390001 -10.4658576149999,14.25476517 -10.465794635,14.254647445 -10.465747528,14.2546717220001 -10.4655857249999,14.254770708 -10.4655594829999,14.2547884750001 -10.4655300269999,14.2547091710001 -10.4654919559999,14.2545901980001 -10.4654372279999,14.25444743 -10.4652801839999,14.254245176 -10.46489709,14.253571788 -10.464920885,14.2534932660001 -10.4649922689999,14.253376673 -10.465073171,14.253155383 -10.4651556329999,14.252881512 -10.4651612289999,14.2527472140001 -10.465185956,14.2525433820001 -10.4651867319999,14.2525369860001 -10.465231661,14.2521666260001 -10.465301079,14.2518178030001 -10.465307804,14.2517840080001 -10.4653287429999,14.251612687 -10.4653125479999,14.25152739 -10.4653001899999,14.2514623050001 -10.465252601,14.25134238 -10.465267829,14.2512224550001 -10.4653592,14.251009256 -10.4653542369999,14.250937284 -10.4653496829999,14.2508712470001 -10.4653311499999,14.2507748790001 -10.465321129,14.250722769 -10.465311678,14.2507091590001 -10.4652828069999,14.250667585 -10.465225951,14.250585712 -10.465202239,14.250550795 -10.465139338,14.250458173</coordinates></LinearRing></outerBoundaryIs></Polygon>
  </Placemark>
  <Placemark id="SE_0001.29">
	<name>89686.0</name>
	<description>5535.0</description>
	<Style><LineStyle><color>ff0000ff</color></LineStyle><PolyStyle><fill>0</fill></PolyStyle></Style>
	<ExtendedData><SchemaData schemaUrl="#SE_0001">
		<SimpleData name="fid">5547.0</SimpleData>
		<SimpleData name="id">01</SimpleData>
		<SimpleData name="objectid">Kayes</SimpleData>
		<SimpleData name="region">12</SimpleData>
		<SimpleData name="lregion">Bafoulabe</SimpleData>
		<SimpleData name="cercle">1203</SimpleData>
		<SimpleData name="lcercle">Diakon</SimpleData>
		<SimpleData name="commune">RU</SimpleData>
		<SimpleData name="lcommune">0001</SimpleData>
		<SimpleData name="type_com">001</SimpleData>
		<SimpleData name="num_se">962.0</SimpleData>
		<SimpleData name="num_dd">1208.0</SimpleData>
		<SimpleData name="pop_se">1203001.0</SimpleData>
		<SimpleData name="idzc">12030001.0</SimpleData>
		<SimpleData name="iddd">Accessible</SimpleData>
		<SimpleData name="idse">SE Sedentaire</SimpleData>
		<SimpleData name="resultat_c">Commune Sedentaire</SimpleData>
		<SimpleData name="statut_se">CAPI</SimpleData>
		<SimpleData name="mode_vie_c">Oui</SimpleData>
		<SimpleData name="statut_col">Non</SimpleData>
		<SimpleData name="emprise">CAPI</SimpleData>
		<SimpleData name="affiche_in">Carto RGPH5 2019-2020</SimpleData>
		<SimpleData name="date_modif">0.0010474086</SimpleData>
	</SchemaData></ExtendedData>
      <Polygon><outerBoundaryIs><LinearRing><coordinates>-10.213369922,14.4846807590001 -10.245245848,14.47585997 -10.245863318,14.475531604 -10.2464308199999,14.475253207 -10.2467984469999,14.475106871 -10.247044721,14.4749284110001 -10.247426624,14.474412068 -10.2477264359999,14.473905243 -10.247881101,14.473781511 -10.2482879889999,14.4738386180001 -10.248349855,14.4738862070001 -10.248433136,14.4742439190001 -10.248540432,14.474779863 -10.248622897,14.4747010900001 -10.2495687329999,14.475313801 -10.250074368,14.475646926 -10.250574055,14.475962204 -10.2512629089999,14.4764297680001 -10.258947619,14.4829937750001 -10.2589539649999,14.4830162690001 -10.2589757339999,14.4830177910001 -10.2667840029999,14.4896873380001 -10.267209006,14.4994653800001 -10.214422413,14.5009634090001 -10.21436497,14.500074727 -10.213369922,14.4846807590001</coordinates></LinearRing></outerBoundaryIs></Polygon>
  </Placemark>
  <Placemark id="SE_0001.30">
	<name>89731.0</name>
	<description>5580.0</description>
	<Style><LineStyle><color>ff0000ff</color></LineStyle><PolyStyle><fill>0</fill></PolyStyle></Style>
	<ExtendedData><SchemaData schemaUrl="#SE_0001">
		<SimpleData name="fid">5592.0</SimpleData>
		<SimpleData name="id">01</SimpleData>
		<SimpleData name="objectid">Kayes</SimpleData>
		<SimpleData name="region">12</SimpleData>
		<SimpleData name="lregion">Bafoulabe</SimpleData>
		<SimpleData name="cercle">1204</SimpleData>
		<SimpleData name="lcercle">Diallan</SimpleData>
		<SimpleData name="commune">RU</SimpleData>
		<SimpleData name="lcommune">0001</SimpleData>
		<SimpleData name="type_com">001</SimpleData>
		<SimpleData name="num_se">1007.0</SimpleData>
		<SimpleData name="num_dd">1210.0</SimpleData>
		<SimpleData name="pop_se">1204001.0</SimpleData>
		<SimpleData name="idzc">12040001.0</SimpleData>
		<SimpleData name="iddd">Accessible</SimpleData>
		<SimpleData name="idse">SE Sedentaire</SimpleData>
		<SimpleData name="resultat_c">Commune Sedentaire</SimpleData>
		<SimpleData name="statut_se">CAPI</SimpleData>
		<SimpleData name="mode_vie_c">Oui</SimpleData>
		<SimpleData name="statut_col">Non</SimpleData>
		<SimpleData name="emprise">CAPI</SimpleData>
		<SimpleData name="affiche_in">Carto RGPH5 2019-2020</SimpleData>
		<SimpleData name="date_modif">0.0002949237</SimpleData>
	</SchemaData></ExtendedData>
      <Polygon><outerBoundaryIs><LinearRing><coordinates>-10.1616595909999,14.207048323 -10.161629719,14.2069880010001 -10.161609255,14.206739966 -10.1616392359999,14.206460141 -10.1616335259999,14.2062160080001 -10.161582605,14.205971876 -10.1615017039999,14.205917148 -10.16132134,14.2059635470001 -10.161028191,14.2059521260001 -10.160912073,14.2059391180001 -10.160847352,14.205894384 -10.160820702,14.2058282350001 -10.1607892929999,14.205715449 -10.1607493179999,14.2055341340001 -10.160702205,14.205285718 -10.1606873329999,14.205139619 -10.160772994,14.2049668710001 -10.160772637,14.204709532 -10.160794052,14.2042633830001 -10.1609344399999,14.203992124 -10.161324672,14.203630446 -10.164268383,14.1961452840001 -10.1851559149999,14.195842665 -10.185366399,14.2088926590001 -10.163547653,14.2087488020001 -10.162619664,14.2087250070001 -10.1623269899999,14.2084686200001 -10.162119382,14.208114675 -10.1619996059999,14.2077264660001 -10.161931077,14.207456635 -10.1618297119999,14.2073195780001 -10.1617097869999,14.207149685 -10.1616595909999,14.207048323</coordinates></LinearRing></outerBoundaryIs></Polygon>
  </Placemark>
  <Placemark id="SE_0001.31">
	<name>89762.0</name>
	<description>5611.0</description>
	<Style><LineStyle><color>ff0000ff</color></LineStyle><PolyStyle><fill>0</fill></PolyStyle></Style>
	<ExtendedData><SchemaData schemaUrl="#SE_0001">
		<SimpleData name="fid">5623.0</SimpleData>
		<SimpleData name="id">01</SimpleData>
		<SimpleData name="objectid">Kayes</SimpleData>
		<SimpleData name="region">12</SimpleData>
		<SimpleData name="lregion">Bafoulabe</SimpleData>
		<SimpleData name="cercle">1207</SimpleData>
		<SimpleData name="lcercle">Kontela</SimpleData>
		<SimpleData name="commune">RU</SimpleData>
		<SimpleData name="lcommune">0001</SimpleData>
		<SimpleData name="type_com">001</SimpleData>
		<SimpleData name="num_se">736.0</SimpleData>
		<SimpleData name="num_dd">1209.0</SimpleData>
		<SimpleData name="pop_se">1207001.0</SimpleData>
		<SimpleData name="idzc">12070001.0</SimpleData>
		<SimpleData name="iddd">Accessible</SimpleData>
		<SimpleData name="idse">SE Sedentaire</SimpleData>
		<SimpleData name="resultat_c">Commune Sedentaire</SimpleData>
		<SimpleData name="statut_se">CAPI</SimpleData>
		<SimpleData name="mode_vie_c">Non</SimpleData>
		<SimpleData name="statut_col">Non</SimpleData>
		<SimpleData name="emprise">CAPI</SimpleData>
		<SimpleData name="affiche_in">Carto RGPH5 2019-2020</SimpleData>
		<SimpleData name="date_modif">0.0021878891</SimpleData>
	</SchemaData></ExtendedData>
      <Polygon><outerBoundaryIs><LinearRing><coordinates>-10.312380951,14.045016236 -10.312286442,14.039988351 -10.31192892,14.020968188 -10.3439082479999,14.020516034 -10.3839169849999,14.0238285560001 -10.379603099,14.0308599640001 -10.368568915,14.0481081360001 -10.3576747619999,14.0651374170001 -10.356439903,14.0671608980001 -10.312380951,14.045016236</coordinates></LinearRing></outerBoundaryIs></Polygon>
  </Placemark>
  <Placemark id="SE_0001.32">
	<name>89782.0</name>
	<description>5631.0</description>
	<Style><LineStyle><color>ff0000ff</color></LineStyle><PolyStyle><fill>0</fill></PolyStyle></Style>
	<ExtendedData><SchemaData schemaUrl="#SE_0001">
		<SimpleData name="fid">5643.0</SimpleData>
		<SimpleData name="id">01</SimpleData>
		<SimpleData name="objectid">Kayes</SimpleData>
		<SimpleData name="region">12</SimpleData>
		<SimpleData name="lregion">Bafoulabe</SimpleData>
		<SimpleData name="cercle">1211</SimpleData>
		<SimpleData name="lcercle">Oualia</SimpleData>
		<SimpleData name="commune">RU</SimpleData>
		<SimpleData name="lcommune">0001</SimpleData>
		<SimpleData name="type_com">001</SimpleData>
		<SimpleData name="num_se">1094.0</SimpleData>
		<SimpleData name="num_dd">1203.0</SimpleData>
		<SimpleData name="pop_se">1211001.0</SimpleData>
		<SimpleData name="idzc">12110001.0</SimpleData>
		<SimpleData name="iddd">Accessible</SimpleData>
		<SimpleData name="idse">SE Sedentaire</SimpleData>
		<SimpleData name="resultat_c">Commune Sedentaire</SimpleData>
		<SimpleData name="statut_se">CAPI</SimpleData>
		<SimpleData name="mode_vie_c">Oui</SimpleData>
		<SimpleData name="statut_col">Non</SimpleData>
		<SimpleData name="emprise">CAPI</SimpleData>
		<SimpleData name="affiche_in">Carto RGPH5 2019-2020</SimpleData>
		<SimpleData name="date_modif">0.0042512567</SimpleData>
	</SchemaData></ExtendedData>
      <Polygon><outerBoundaryIs><LinearRing><coordinates>-10.35212733,13.637540384 -10.341020267,13.567124114 -10.3475520009999,13.5141625850001 -10.348238754,13.5145688330001 -10.349351554,13.515227109 -10.381261712,13.534103541 -10.4064736199999,13.5474900290001 -10.380996492,13.5874894150001 -10.379421389,13.5899623450001 -10.3788570419999,13.5911399560001 -10.378873255,13.5914520590001 -10.378904631,13.5920560490001 -10.3792318069999,13.593269574 -10.3791485259999,13.593513468 -10.3790473989999,13.5947567370001 -10.378636942,13.594845967 -10.37849814,13.595081533 -10.3786504249999,13.5964330670001 -10.37866037,13.596577262 -10.3787265679999,13.5975371370001 -10.378914009,13.5989933770001 -10.379148275,13.600813397 -10.379131571,13.6015857740001 -10.3576063959999,13.6384349250001 -10.35212733,13.637540384</coordinates></LinearRing></outerBoundaryIs></Polygon>
  </Placemark>
  <Placemark id="SE_0001.33">
	<name>89816.0</name>
	<description>5665.0</description>
	<Style><LineStyle><color>ff0000ff</color></LineStyle><PolyStyle><fill>0</fill></PolyStyle></Style>
	<ExtendedData><SchemaData schemaUrl="#SE_0001">
		<SimpleData name="fid">5677.0</SimpleData>
		<SimpleData name="id">01</SimpleData>
		<SimpleData name="objectid">Kayes</SimpleData>
		<SimpleData name="region">12</SimpleData>
		<SimpleData name="lregion">Bafoulabe</SimpleData>
		<SimpleData name="cercle">1209</SimpleData>
		<SimpleData name="lcercle">Mahina</SimpleData>
		<SimpleData name="commune">RU</SimpleData>
		<SimpleData name="lcommune">0001</SimpleData>
		<SimpleData name="type_com">001</SimpleData>
		<SimpleData name="num_se">677.0</SimpleData>
		<SimpleData name="num_dd">1204.0</SimpleData>
		<SimpleData name="pop_se">1209001.0</SimpleData>
		<SimpleData name="idzc">12090001.0</SimpleData>
		<SimpleData name="iddd">Accessible</SimpleData>
		<SimpleData name="idse">SE Sedentaire</SimpleData>
		<SimpleData name="resultat_c">Commune Sedentaire</SimpleData>
		<SimpleData name="statut_se">CAPI</SimpleData>
		<SimpleData name="mode_vie_c">Non</SimpleData>
		<SimpleData name="statut_col">Oui</SimpleData>
		<SimpleData name="emprise">CAPI</SimpleData>
		<SimpleData name="affiche_in">Carto RGPH5 2019-2020</SimpleData>
		<SimpleData name="date_modif">2.07215e-05</SimpleData>
	</SchemaData></ExtendedData>
      <Polygon><outerBoundaryIs><LinearRing><coordinates>-10.84530899,13.7678810890001 -10.845077632,13.767803427 -10.845016974,13.7677830640001 -10.844843086,13.767724693 -10.8448106709999,13.767713811 -10.843712995,13.767345338 -10.843373963,13.7672315290001 -10.8427134799999,13.767024142 -10.8425026199999,13.76695 -10.843952966,13.7618622970001 -10.8454369689999,13.7622104220001 -10.8454531519999,13.7622137930001 -10.84560829,13.7622461130001 -10.845657059,13.7622585840001 -10.845711464,13.762272496 -10.8458255919999,13.7623016790001 -10.8459209509999,13.762326063 -10.846015322,13.7623438050001 -10.8461532379999,13.7623697330001 -10.8462778699999,13.7623931640001 -10.84637774,13.7624141370001 -10.8464206379999,13.7624231450001 -10.846706173,13.762475969 -10.8467762289999,13.762485731 -10.8468803499999,13.7625002400001 -10.8469046189999,13.762505818 -10.847004617,13.7625288030001 -10.8472187679999,13.762578026 -10.8473586219999,13.7626101710001 -10.8474467029999,13.762639532 -10.8474822219999,13.7626513710001 -10.847524506,13.762665466 -10.8475342259999,13.7626687060001 -10.847439999,13.7631055750001 -10.8473686149999,13.7634325130001 -10.8472915209999,13.763688067 -10.847280519,13.763730976 -10.84720586,13.764022143 -10.847165885,13.764232012 -10.8470673759999,13.764680302 -10.847059035,13.7647146300001 -10.846993136,13.7649858250001 -10.846961727,13.7651671400001 -10.846939837,13.7652449080001 -10.846853224,13.765552612 -10.846783268,13.765858135 -10.8467686769999,13.7659055550001 -10.8467147389999,13.7660808530001 -10.846617657,13.7665691180001 -10.84659233,13.7666696110001 -10.846529141,13.766920327 -10.8464101929999,13.767441057 -10.846400651,13.7674828310001 -10.846321267,13.767789314 -10.846287864,13.7679182730001 -10.84627216,13.768065323 -10.84530899,13.7678810890001</coordinates></LinearRing></outerBoundaryIs></Polygon>
  </Placemark>
  <Placemark id="SE_0001.34">
	<name>89851.0</name>
	<description>5700.0</description>
	<Style><LineStyle><color>ff0000ff</color></LineStyle><PolyStyle><fill>0</fill></PolyStyle></Style>
	<ExtendedData><SchemaData schemaUrl="#SE_0001">
		<SimpleData name="fid">5712.0</SimpleData>
		<SimpleData name="id">01</SimpleData>
		<SimpleData name="objectid">Kayes</SimpleData>
		<SimpleData name="region">12</SimpleData>
		<SimpleData name="lregion">Bafoulabe</SimpleData>
		<SimpleData name="cercle">1210</SimpleData>
		<SimpleData name="lcercle">Niambia</SimpleData>
		<SimpleData name="commune">RU</SimpleData>
		<SimpleData name="lcommune">0001</SimpleData>
		<SimpleData name="type_com">001</SimpleData>
		<SimpleData name="num_se">796.0</SimpleData>
		<SimpleData name="num_dd">1202.0</SimpleData>
		<SimpleData name="pop_se">1210001.0</SimpleData>
		<SimpleData name="idzc">12100001.0</SimpleData>
		<SimpleData name="iddd">Accessible</SimpleData>
		<SimpleData name="idse">SE Sedentaire</SimpleData>
		<SimpleData name="resultat_c">Commune Sedentaire</SimpleData>
		<SimpleData name="statut_se">CAPI</SimpleData>
		<SimpleData name="mode_vie_c">Non</SimpleData>
		<SimpleData name="statut_col">Non</SimpleData>
		<SimpleData name="emprise">CAPI</SimpleData>
		<SimpleData name="affiche_in">Carto RGPH5 2019-2020</SimpleData>
		<SimpleData name="date_modif">0.0022013487</SimpleData>
	</SchemaData></ExtendedData>
      <Polygon><outerBoundaryIs><LinearRing><coordinates>-11.1589497024938,13.4745112259142 -11.1608889447358,13.4743853010933 -11.1620368396707,13.4736384778826 -11.162105989968,13.4729746350287 -11.1592376231966,13.4719943071448 -11.1599005489999,13.466199212 -11.1599756099999,13.465543052 -11.160184021,13.463721187 -11.1606531109999,13.459620549 -11.161427155,13.452854098 -11.1774172949999,13.4492758060001 -11.185263123,13.447520056 -11.226546019,13.463926051 -11.2318048179999,13.4660533750001 -11.229629439,13.471048786 -11.2114709579999,13.490446988 -11.1578963279999,13.483719493 -11.158525695,13.4782177660001 -11.158757556,13.476190908 -11.1589459749999,13.474543811 -11.1589497024938,13.4745112259142</coordinates></LinearRing></outerBoundaryIs></Polygon>
  </Placemark>
  <Placemark id="SE_0001.35">
	<name>89863.0</name>
	<description>5712.0</description>
	<Style><LineStyle><color>ff0000ff</color></LineStyle><PolyStyle><fill>0</fill></PolyStyle></Style>
	<ExtendedData><SchemaData schemaUrl="#SE_0001">
		<SimpleData name="fid">5724.0</SimpleData>
		<SimpleData name="id">01</SimpleData>
		<SimpleData name="objectid">Kayes</SimpleData>
		<SimpleData name="region">12</SimpleData>
		<SimpleData name="lregion">Bafoulabe</SimpleData>
		<SimpleData name="cercle">1206</SimpleData>
		<SimpleData name="lcercle">Gounfan</SimpleData>
		<SimpleData name="commune">RU</SimpleData>
		<SimpleData name="lcommune">0001</SimpleData>
		<SimpleData name="type_com">001</SimpleData>
		<SimpleData name="num_se">862.0</SimpleData>
		<SimpleData name="num_dd">1202.0</SimpleData>
		<SimpleData name="pop_se">1206001.0</SimpleData>
		<SimpleData name="idzc">12060001.0</SimpleData>
		<SimpleData name="iddd">Accessible</SimpleData>
		<SimpleData name="idse">SE Sedentaire</SimpleData>
		<SimpleData name="resultat_c">Commune Sedentaire</SimpleData>
		<SimpleData name="statut_se">CAPI</SimpleData>
		<SimpleData name="mode_vie_c">Oui</SimpleData>
		<SimpleData name="statut_col">Non</SimpleData>
		<SimpleData name="emprise">CAPI</SimpleData>
		<SimpleData name="affiche_in">Carto RGPH5 2019-2020</SimpleData>
		<SimpleData name="date_modif">0.0014025092</SimpleData>
	</SchemaData></ExtendedData>
      <Polygon><outerBoundaryIs><LinearRing><coordinates>-11.0676537319999,13.523968987 -11.0670919209999,13.505957613 -11.066773111,13.499566191 -11.0666100629999,13.4962974540001 -11.081625152,13.495023115 -11.0817621329999,13.495011489 -11.084596478,13.4947709370001 -11.0847515039999,13.494790793 -11.0847769709999,13.4947378790001 -11.0850464449999,13.494749776 -11.0853795689999,13.4947646480001 -11.085564763,13.4948095300001 -11.085632387,13.494825919 -11.08580002,13.494890878 -11.085921372,13.4949694000001 -11.0860184539999,13.4950146100001 -11.086168678,13.495074274 -11.086254497,13.4950755240001 -11.086398216,13.4951021740001 -11.0865262309999,13.495134535 -11.0867280099999,13.495160233 -11.086847221,13.4951649920001 -11.086997127,13.4951821240001 -11.087135611,13.4952163880001 -11.087246256,13.495210678 -11.087381885,13.495169275 -11.0879863879999,13.495114428 -11.0881077399999,13.495115142 -11.088212674,13.4951544030001 -11.088289769,13.495158686 -11.0883276019999,13.4951501200001 -11.088338122,13.495210404 -11.0884156119999,13.495193203 -11.0884370269999,13.4951360960001 -11.08845987,13.4950946930001 -11.088505556,13.4950775610001 -11.088596927,13.4950661400001 -11.0886240529999,13.495067567 -11.088655462,13.495083272 -11.088684015,13.4951061150001 -11.0887125689999,13.495111825 -11.088766821,13.495101832 -11.0888010849999,13.4951132530001 -11.0890323689999,13.495126102 -11.089236526,13.495030448 -11.089372156,13.495031876 -11.089433546,13.495034731 -11.0894435389999,13.495046152 -11.089447822,13.4952089070001 -11.0894549609999,13.495350247 -11.0908745259999,13.495165812 -11.091086004,13.495138336 -11.091067025,13.495256249 -11.0891608589999,13.507098899 -11.0891608589999,13.519981666 -11.089138336,13.52202965 -11.089047751,13.530266453 -11.089534828,13.5316822030001 -11.0921132299999,13.5543443080001 -11.08982507,13.555087332 -11.0878668739999,13.5557232100001 -11.0853512379999,13.556540102 -11.0813115609999,13.5578518900001 -11.080688086,13.558054348 -11.0793835009999,13.558477979 -11.072200155,13.560810599 -11.0688119659999,13.561101369 -11.068297135,13.5445961410001 -11.0678568119999,13.5304796250001 -11.0676537319999,13.523968987</coordinates></LinearRing></outerBoundaryIs></Polygon>
  </Placemark>
  <Placemark id="SE_0001.36">
	<name>89871.0</name>
	<description>5719.0</description>
	<Style><LineStyle><color>ff0000ff</color></LineStyle><PolyStyle><fill>0</fill></PolyStyle></Style>
	<ExtendedData><SchemaData schemaUrl="#SE_0001">
		<SimpleData name="fid">5732.0</SimpleData>
		<SimpleData name="id">01</SimpleData>
		<SimpleData name="objectid">Kayes</SimpleData>
		<SimpleData name="region">12</SimpleData>
		<SimpleData name="lregion">Bafoulabe</SimpleData>
		<SimpleData name="cercle">1205</SimpleData>
		<SimpleData name="lcercle">Diokeli</SimpleData>
		<SimpleData name="commune">RU</SimpleData>
		<SimpleData name="lcommune">0001</SimpleData>
		<SimpleData name="type_com">001</SimpleData>
		<SimpleData name="num_se">735.0</SimpleData>
		<SimpleData name="num_dd">1212.0</SimpleData>
		<SimpleData name="pop_se">1205001.0</SimpleData>
		<SimpleData name="idzc">12050001.0</SimpleData>
		<SimpleData name="iddd">Accessible</SimpleData>
		<SimpleData name="idse">SE Sedentaire</SimpleData>
		<SimpleData name="resultat_c">Commune Sedentaire</SimpleData>
		<SimpleData name="statut_se">CAPI</SimpleData>
		<SimpleData name="mode_vie_c">Oui</SimpleData>
		<SimpleData name="statut_col">Non</SimpleData>
		<SimpleData name="emprise">CAPI</SimpleData>
		<SimpleData name="affiche_in">Carto RGPH5 2019-2020</SimpleData>
		<SimpleData name="date_modif">0.003140094</SimpleData>
	</SchemaData></ExtendedData>
      <Polygon><outerBoundaryIs><LinearRing><coordinates>-10.4568666009999,13.363238499 -10.456953562,13.362545272 -10.4581464239999,13.353036086 -10.458688094,13.348718035 -10.4601815149999,13.336812869 -10.4613608889999,13.327411209 -10.4654617699999,13.326049921 -10.476050334,13.3225350450001 -10.478942441,13.321575008 -10.494037346,13.316564252 -10.5081256889999,13.31435114 -10.530282088,13.310870633 -10.5333863979999,13.310382982 -10.538883304,13.309594051 -10.5430586759999,13.3089947890001 -10.5439694459999,13.3088640730001 -10.551635647,13.3077637980001 -10.551959621,13.3077637980001 -10.552026159,13.3085489490001 -10.551502678,13.309160471 -10.551269491,13.3094650420001 -10.5511362409999,13.309672055 -10.5509934729999,13.3098671700001 -10.5508745,13.310143188 -10.55065559,13.310526281 -10.550513171,13.3107854960001 -10.55016339,13.3113789340001 -10.550084392,13.3115569180001 -10.5500701239999,13.3116032880001 -10.5500241029999,13.3117171060001 -10.549977466,13.3119369680001 -10.5499489119999,13.3121168550001 -10.549920685,13.3122003240001 -10.5498769029999,13.312340395 -10.549638957,13.313135135 -10.5494533589999,13.3142201690001 -10.547262351,13.323184392 -10.537268615,13.323565107 -10.515526425,13.325084588 -10.516066988,13.338115121 -10.5150824409999,13.363713343 -10.489716637,13.3704465980001 -10.4849463799999,13.369399887 -10.483495273,13.369081479 -10.478049401,13.367886522 -10.476641236,13.3675775360001 -10.473440427,13.366875201 -10.4671686749999,13.3654990250001 -10.4568666009999,13.363238499</coordinates></LinearRing></outerBoundaryIs></Polygon>
  </Placemark>
  <Placemark id="SE_0001.37">
	<name>89896.0</name>
	<description>5744.0</description>
	<Style><LineStyle><color>ff0000ff</color></LineStyle><PolyStyle><fill>0</fill></PolyStyle></Style>
	<ExtendedData><SchemaData schemaUrl="#SE_0001">
		<SimpleData name="fid">5757.0</SimpleData>
		<SimpleData name="id">01</SimpleData>
		<SimpleData name="objectid">Kayes</SimpleData>
		<SimpleData name="region">12</SimpleData>
		<SimpleData name="lregion">Bafoulabe</SimpleData>
		<SimpleData name="cercle">1202</SimpleData>
		<SimpleData name="lcercle">Bamafele</SimpleData>
		<SimpleData name="commune">RU</SimpleData>
		<SimpleData name="lcommune">0001</SimpleData>
		<SimpleData name="type_com">001</SimpleData>
		<SimpleData name="num_se">762.0</SimpleData>
		<SimpleData name="num_dd">1211.0</SimpleData>
		<SimpleData name="pop_se">1202001.0</SimpleData>
		<SimpleData name="idzc">12020001.0</SimpleData>
		<SimpleData name="iddd">Accessible</SimpleData>
		<SimpleData name="idse">SE Sedentaire</SimpleData>
		<SimpleData name="resultat_c">Commune Sedentaire</SimpleData>
		<SimpleData name="statut_se">CAPI</SimpleData>
		<SimpleData name="mode_vie_c">Non</SimpleData>
		<SimpleData name="statut_col">Non</SimpleData>
		<SimpleData name="emprise">CAPI</SimpleData>
		<SimpleData name="affiche_in">Carto RGPH5 2019-2020</SimpleData>
		<SimpleData name="date_modif">0.0020334849</SimpleData>
	</SchemaData></ExtendedData>
      <Polygon><outerBoundaryIs><LinearRing><coordinates>-10.5223811349999,13.2602072350001 -10.5241204019999,13.259972313 -10.5239717609999,13.260486601 -10.523047764,13.263683574 -10.5228764579999,13.2642762840001 -10.5226085469999,13.2652032410001 -10.5225032279999,13.2655676380001 -10.5220145649999,13.267258381 -10.5218903979999,13.267687993 -10.521138438,13.2702897290001 -10.520433812,13.272727692 -10.520201765,13.273530561 -10.519842458,13.274773742 -10.519585579,13.275662529 -10.519505394,13.275939964 -10.519396763,13.27631582 -10.519275911,13.276733962 -10.519189484,13.277032993 -10.519176837,13.277076751 -10.5190747999999,13.2774297930001 -10.5188791859999,13.2781066060001 -10.5187397079999,13.278589192 -10.5186844249999,13.278780469 -10.518562534,13.279202205 -10.518403366,13.2797529160001 -10.518346618,13.2799492610001 -10.518062964,13.2809306840001 -10.5180247659999,13.281062848 -10.517847715,13.281675432 -10.5176919099999,13.282214507 -10.517642903,13.2823840680001 -10.517598446,13.2825378860001 -10.5175559479999,13.282684927 -10.517490761,13.282910471 -10.4250829279999,13.293462527 -10.431275313,13.2703976880001 -10.483400146,13.264824511 -10.484980059,13.264655587 -10.508796484,13.262673799 -10.5223811349999,13.2602072350001</coordinates></LinearRing></outerBoundaryIs></Polygon>
  </Placemark>
  <Placemark id="SE_0001.38">
	<name>89921.0</name>
	<description>5769.0</description>
	<Style><LineStyle><color>ff0000ff</color></LineStyle><PolyStyle><fill>0</fill></PolyStyle></Style>
	<ExtendedData><SchemaData schemaUrl="#SE_0001">
		<SimpleData name="fid">5782.0</SimpleData>
		<SimpleData name="id">01</SimpleData>
		<SimpleData name="objectid">Kayes</SimpleData>
		<SimpleData name="region">12</SimpleData>
		<SimpleData name="lregion">Bafoulabe</SimpleData>
		<SimpleData name="cercle">1208</SimpleData>
		<SimpleData name="lcercle">Koundian</SimpleData>
		<SimpleData name="commune">RU</SimpleData>
		<SimpleData name="lcommune">0001</SimpleData>
		<SimpleData name="type_com">001</SimpleData>
		<SimpleData name="num_se">1023.0</SimpleData>
		<SimpleData name="num_dd">1212.0</SimpleData>
		<SimpleData name="pop_se">1208001.0</SimpleData>
		<SimpleData name="idzc">12080001.0</SimpleData>
		<SimpleData name="iddd">Accessible</SimpleData>
		<SimpleData name="idse">SE Sedentaire</SimpleData>
		<SimpleData name="resultat_c">Commune Sedentaire</SimpleData>
		<SimpleData name="statut_se">CAPI</SimpleData>
		<SimpleData name="mode_vie_c">Non</SimpleData>
		<SimpleData name="statut_col">Non</SimpleData>
		<SimpleData name="emprise">CAPI</SimpleData>
		<SimpleData name="affiche_in">Carto RGPH5 2019-2020</SimpleData>
		<SimpleData name="date_modif">0.0181471597</SimpleData>
	</SchemaData></ExtendedData>
      <Polygon><outerBoundaryIs><LinearRing><coordinates>-10.831612988,13.441045891 -10.828475053,13.4402716050001 -10.828095623,13.439679262 -10.827901029,13.4369413200001 -10.8287440949999,13.4334625720001 -10.829185938,13.428660796 -10.8293576909999,13.426279148 -10.829565042,13.42340388 -10.8296472759999,13.4222635740001 -10.8315837079999,13.419312819 -10.8323664819999,13.4176913590001 -10.833236577,13.415889018 -10.8349156319999,13.412410977 -10.835747764,13.4106872740001 -10.838722091,13.409497543 -10.8408041189999,13.4053334860001 -10.841398984,13.399979699 -10.840004149,13.393470467 -10.8399153679999,13.393056153 -10.839614389,13.391651585 -10.836937495,13.3848106340001 -10.8363426299999,13.381538876 -10.8381272249999,13.3744004930001 -10.8369853409999,13.371301095 -10.836045197,13.368749274 -10.833070871,13.364882649 -10.8313731929999,13.3631849720001 -10.830988842,13.36280062 -10.8225542509999,13.353724309 -10.820086336,13.352826884 -10.819261699,13.3525270170001 -10.817738844,13.3520511240001 -10.807010405,13.348759848 -10.80447878,13.3453157230001 -10.8035926059999,13.344110195 -10.8019886549999,13.341928222 -10.7897950299999,13.333475723 -10.7899170219999,13.330975939 -10.7899488099999,13.3303245660001 -10.789964681,13.329999344 -10.789986117,13.3295601040001 -10.790008405,13.329103391 -10.7900469049999,13.328314473 -10.7900518549999,13.328213035 -10.79047,13.327140001 -10.790485029,13.3271221160001 -10.791486286,13.3259306210001 -10.792288178,13.324976368 -10.79347,13.32357 -10.79373,13.32339 -10.7966632979999,13.3214606110001 -10.79747,13.32093 -10.7981858599999,13.3205551500001 -10.80022,13.31949 -10.8015483259999,13.3187982920001 -10.802119126,13.318501054 -10.80239,13.318360001 -10.8036558549999,13.317832921 -10.804223545,13.317596544 -10.80532,13.317140001 -10.80782,13.315050001 -10.80839,13.314570001 -10.8101,13.31229 -10.81131,13.30972 -10.8114817819999,13.3086211900001 -10.8116181259999,13.3077490580001 -10.811811759,13.306510471 -10.81184375,13.306305842 -10.81189,13.30601 -10.8118008239999,13.3055839360001 -10.81144,13.303860001 -10.8112928859999,13.3031436970001 -10.8110189889999,13.301810076 -10.810966203,13.301553058 -10.810966129,13.301552698 -10.8106,13.29977 -10.81053,13.2994400010001 -10.810280475,13.297907794 -10.811823322,13.296657171 -10.8558433499999,13.289964937 -10.8876767479999,13.2851254 -10.9106897369999,13.2816710770001 -10.9117955959999,13.28086017 -10.9340289089999,13.2714691150001 -10.9993971809999,13.2680215840001 -10.998206636,13.2779733880001 -10.9952168209999,13.30296535 -10.9950275689999,13.304547314 -10.9948214789999,13.3062700290001 -10.993635524,13.309170577 -10.9939027369999,13.312014731 -10.991147924,13.313408322 -10.9883400809999,13.316644362 -10.9865597799999,13.315729348 -10.9850040709999,13.3162988550001 -10.984421905,13.316511973 -10.9833590819999,13.3180398650001 -10.983033566,13.318507819 -10.9823242799999,13.3195274730001 -10.98226176,13.3195749450001 -10.980878435,13.3206253160001 -10.9782653239999,13.3226094790001 -10.9766365699999,13.323846207 -10.975943785,13.3243722460001 -10.973191674,13.3264619510001 -10.970287898,13.3286668170001 -10.96952878,13.329243223 -10.967555306,13.328757771 -10.96053853,13.3270317220001 -10.9578988489999,13.326855353 -10.95784078,13.326851473 -10.94881528,13.326248848 -10.951858972,13.3297351030001 -10.9547159219999,13.333007465 -10.955460451,13.333860251 -10.9556032799999,13.334023847 -10.9551642869999,13.334726001 -10.9547301229999,13.335420432 -10.9545992349999,13.335629781 -10.9523357799999,13.339250098 -10.9502813469999,13.341241498 -10.950041384,13.341474098 -10.9499605569999,13.341552445 -10.9465248129999,13.344882775 -10.946363155,13.345039473 -10.94587733,13.3455700010001 -10.945567405,13.345908444 -10.945047094,13.346476631 -10.9433069,13.3483769490001 -10.9430539049999,13.348653223 -10.9432382209999,13.349107131 -10.943515066,13.349788904 -10.9448295889999,13.3530261240001 -10.945390405,13.3544072220001 -10.9451512369999,13.35522058 -10.94501335,13.355689505 -10.9445854049999,13.357144847 -10.944444405,13.357624098 -10.9425315679999,13.359136559 -10.9418547829999,13.359671685 -10.9404578369999,13.360776237 -10.9403077109999,13.36089494 -10.9377893129999,13.362886212 -10.93775048,13.3629169180001 -10.9367990829999,13.3636691770001 -10.936133513,13.364195437 -10.9357414049999,13.3645054720001 -10.929162155,13.3663309720001 -10.928970599,13.366560206 -10.926398864,13.3696377860001 -10.9261372839999,13.369950816 -10.924152047,13.372326539 -10.922622524,13.374156909 -10.9203191469999,13.376913346 -10.916150877,13.381901489 -10.915459708,13.382728607 -10.915416659,13.382792201 -10.9061501629999,13.3964813440001 -10.905960793,13.396761095 -10.905552336,13.3973644980001 -10.9023726729999,13.402061728 -10.8979241649999,13.406180717 -10.8968035,13.407218368 -10.891195484,13.412410977 -10.8863113109999,13.416933359 -10.884166724,13.4176913590001 -10.878470389,13.419704719 -10.864453581,13.424658935 -10.851809126,13.429128097 -10.8450213799999,13.4351885840001 -10.844221314,13.4359029280001 -10.843481013,13.4365639120001 -10.8413439079999,13.438567447 -10.8395827329999,13.4402185500001 -10.8390064569999,13.440758809 -10.8372523109999,13.440546204 -10.834932336,13.441117274 -10.831612988,13.441045891</coordinates></LinearRing></outerBoundaryIs></Polygon>
  </Placemark>
  <Placemark id="SE_0001.39">
	<name>89942.0</name>
	<description>5790.0</description>
	<Style><LineStyle><color>ff0000ff</color></LineStyle><PolyStyle><fill>0</fill></PolyStyle></Style>
	<ExtendedData><SchemaData schemaUrl="#SE_0001">
		<SimpleData name="fid">5803.0</SimpleData>
		<SimpleData name="id">01</SimpleData>
		<SimpleData name="objectid">Kayes</SimpleData>
		<SimpleData name="region">14</SimpleData>
		<SimpleData name="lregion">Kenieba</SimpleData>
		<SimpleData name="cercle">1409</SimpleData>
		<SimpleData name="lcercle">Kassama</SimpleData>
		<SimpleData name="commune">RU</SimpleData>
		<SimpleData name="lcommune">0001</SimpleData>
		<SimpleData name="type_com">001</SimpleData>
		<SimpleData name="num_se">749.0</SimpleData>
		<SimpleData name="num_dd">1412.0</SimpleData>
		<SimpleData name="pop_se">1409001.0</SimpleData>
		<SimpleData name="idzc">14090001.0</SimpleData>
		<SimpleData name="iddd">Accessible</SimpleData>
		<SimpleData name="idse">SE Sedentaire</SimpleData>
		<SimpleData name="resultat_c">Commune Sedentaire</SimpleData>
		<SimpleData name="statut_se">CAPI</SimpleData>
		<SimpleData name="mode_vie_c">Oui</SimpleData>
		<SimpleData name="statut_col">Non</SimpleData>
		<SimpleData name="emprise">CAPI</SimpleData>
		<SimpleData name="affiche_in">Carto RGPH5 2019-2020</SimpleData>
		<SimpleData name="date_modif">0.0009047716</SimpleData>
	</SchemaData></ExtendedData>
      <Polygon><outerBoundaryIs><LinearRing><coordinates>-11.1050324879999,13.0657532280001 -11.109233848,13.0651221110001 -11.11319565,13.063551666 -11.1134752369999,13.0626569890001 -11.114379432,13.0615434010001 -11.1154263949999,13.0600633770001 -11.1157833139999,13.059530377 -11.11690642,13.05805987 -11.117903548,13.057473185 -11.118208223,13.057293922 -11.118542299,13.0572039780001 -11.1187221869999,13.057076915 -11.1188563879999,13.057065494 -11.119221873,13.057021236 -11.119608774,13.0569798330001 -11.119725843,13.056937003 -11.119791516,13.056934147 -11.1197972269999,13.0569612730001 -11.1198414849999,13.056966984 -11.1199885359999,13.056988399 -11.1200257739999,13.056996697 -11.12011203,13.0567587510001 -11.1202161309999,13.0565505480001 -11.1203172579999,13.056354243 -11.120397565,13.0561341430001 -11.12042136,13.055931889 -11.120394591,13.055780198 -11.120486795,13.0557088140001 -11.120614691,13.055571995 -11.1208347909999,13.055337023 -11.121013251,13.055122872 -11.121182787,13.054980104 -11.121373144,13.0547451320001 -11.1216913969999,13.0544655460001 -11.1220007269999,13.054212728 -11.1223695429999,13.0536684260001 -11.122973332,13.052945665 -11.1232529179999,13.0524102860001 -11.1234611209999,13.0523597230001 -11.123995508,13.0523654240001 -11.131668566,13.053080343 -11.1312554049999,13.055003347 -11.13210636,13.059258802 -11.1337061639999,13.067259103 -11.1362552799999,13.0800067230001 -11.1364533089999,13.083628554 -11.136579313,13.085933085 -11.1074648119999,13.0931168760001 -11.1050324879999,13.0657532280001</coordinates></LinearRing></outerBoundaryIs></Polygon>
  </Placemark>
  <Placemark id="SE_0001.40">
	<name>89986.0</name>
	<description>5834.0</description>
	<Style><LineStyle><color>ff0000ff</color></LineStyle><PolyStyle><fill>0</fill></PolyStyle></Style>
	<ExtendedData><SchemaData schemaUrl="#SE_0001">
		<SimpleData name="fid">5847.0</SimpleData>
		<SimpleData name="id">01</SimpleData>
		<SimpleData name="objectid">Kayes</SimpleData>
		<SimpleData name="region">14</SimpleData>
		<SimpleData name="lregion">Kenieba</SimpleData>
		<SimpleData name="cercle">1404</SimpleData>
		<SimpleData name="lcercle">Dialafara</SimpleData>
		<SimpleData name="commune">RU</SimpleData>
		<SimpleData name="lcommune">0001</SimpleData>
		<SimpleData name="type_com">001</SimpleData>
		<SimpleData name="num_se">1005.0</SimpleData>
		<SimpleData name="num_dd">1411.0</SimpleData>
		<SimpleData name="pop_se">1404001.0</SimpleData>
		<SimpleData name="idzc">14040001.0</SimpleData>
		<SimpleData name="iddd">Accessible</SimpleData>
		<SimpleData name="idse">SE Sedentaire</SimpleData>
		<SimpleData name="resultat_c">Commune Sedentaire</SimpleData>
		<SimpleData name="statut_se">CAPI</SimpleData>
		<SimpleData name="mode_vie_c">Oui</SimpleData>
		<SimpleData name="statut_col">Non</SimpleData>
		<SimpleData name="emprise">CAPI</SimpleData>
		<SimpleData name="affiche_in">Carto RGPH5 2019-2020</SimpleData>
		<SimpleData name="date_modif">0.0144355606</SimpleData>
	</SchemaData></ExtendedData>
      <Polygon><outerBoundaryIs><LinearRing><coordinates>-11.8027570629999,13.4960117750001 -11.8024685349999,13.5006445870001 -11.801963987,13.508745977 -11.801836889,13.5107867470001 -11.8016361849999,13.514009409 -11.801463623,13.516780188 -11.801454909,13.516920101 -11.8013873529999,13.518004827 -11.801347848,13.518639154 -11.800904599,13.525756275 -11.795929664,13.526927066 -11.751586909,13.537362597 -11.750180636,13.5376935460001 -11.7329060989999,13.5417589 -11.725679569,13.5444692 -11.704174436,13.552534672 -11.7040932039999,13.552565138 -11.6952064349999,13.5558981090001 -11.6881831859999,13.558532169 -11.685892731,13.555205781 -11.684033773,13.552506049 -11.682796453,13.550583445 -11.682165896,13.550063532 -11.6821599469999,13.549528154 -11.681820874,13.5487488800001 -11.681547236,13.548386012 -11.6813972049999,13.548319167 -11.681543669,13.5481376070001 -11.6818263489999,13.5477921090001 -11.681879411,13.547705497 -11.6819265239999,13.5475751020001 -11.6819408009999,13.547491345 -11.681989342,13.5473190720001 -11.6820045699999,13.5471415650001 -11.6820615579999,13.5469458540001 -11.6821049829999,13.54680963 -11.6821359159999,13.5466240320001 -11.682171608,13.546465203 -11.6821852899999,13.546229636 -11.6822049209999,13.5461356480001 -11.682269166,13.5461023350001 -11.6824220469999,13.546121966 -11.6826266799999,13.546155873 -11.6828217959999,13.5462147650001 -11.6829163799999,13.5462587850001 -11.6834487839999,13.546172529 -11.685295246,13.5450565620001 -11.699721918,13.528733459 -11.7346961539999,13.4665065720001 -11.734713276,13.466510154 -11.7347537169999,13.466518615 -11.738753658,13.464944868 -11.7809612889999,13.4179366390001 -11.7807275389999,13.416973016 -11.824735013,13.4054650310001 -11.8307083199999,13.404384963 -11.855363939,13.39992684 -11.864802046,13.3982202820001 -11.8648700649999,13.3982079830001 -11.865080199,13.3981699880001 -11.8697742599999,13.39876286 -11.87998671,13.400685649 -11.8808624279999,13.4012004630001 -11.8808662029999,13.4012026820001 -11.880760079,13.401442 -11.880624199,13.4017484190001 -11.880409765,13.4022319810001 -11.8801353269999,13.402850857 -11.879751181,13.4037171300001 -11.879738736,13.403745196 -11.8794398599999,13.404419182 -11.879380257,13.40455359 -11.879040447,13.4053198840001 -11.879021172,13.4053633520001 -11.878690376,13.4061093170001 -11.8784969669999,13.406545468 -11.878369031,13.4068339730001 -11.8783295859999,13.4069608 -11.8782527299999,13.407207909 -11.8779538429999,13.408168909 -11.877938355,13.408218704 -11.8777393079999,13.408858695 -11.8777181159999,13.4089268320001 -11.8774343539999,13.409839198 -11.8774256469999,13.4098671960001 -11.8772224479999,13.410520531 -11.877046465,13.4110863610001 -11.87701787,13.411178303 -11.876845445,13.411732693 -11.876693917,13.412219895 -11.876346912,13.413335605 -11.876320703,13.4134198740001 -11.876217531,13.413751598 -11.875456361,13.4151797530001 -11.875407518,13.415271395 -11.874952601,13.41612494 -11.8743715759999,13.4172150970001 -11.8733578499999,13.419117113 -11.872544406,13.4206433480001 -11.8721433539999,13.4213168910001 -11.871770711,13.421942723 -11.8703780229999,13.424281658 -11.869408166,13.425910474 -11.8691265209999,13.42638348 -11.8688844059999,13.426790097 -11.8686928289999,13.427236458 -11.8680376029999,13.428763087 -11.8677734529999,13.429378538 -11.8673295959999,13.43041269 -11.8667680309999,13.431721097 -11.8665537219999,13.43272763 -11.866238154,13.43420974 -11.8659229679999,13.435690058 -11.8656616559999,13.4369173470001 -11.86559005,13.4378583880001 -11.8655219299999,13.4387536150001 -11.865372739,13.440714278 -11.865291081,13.4417874260001 -11.8651305089999,13.443897646 -11.8650063659999,13.445529129 -11.8650011559999,13.4455975970001 -11.86541735,13.446595433 -11.8666847439999,13.44963404 -11.8670711679999,13.4505605000001 -11.8673275799999,13.451175253 -11.867912283,13.4525770930001 -11.868364233,13.453660653 -11.8689767029999,13.4551290650001 -11.869122853,13.455479462 -11.8693820309999,13.4561008470001 -11.869471502,13.4562219200001 -11.869840257,13.456720924 -11.87030794,13.457353799 -11.871028821,13.4583293040001 -11.871090464,13.4584127210001 -11.872026832,13.459679824 -11.872092741,13.459769013 -11.87284181,13.460782664 -11.873020519,13.4610244950001 -11.873098281,13.461129724 -11.874182783,13.4618228460001 -11.8748896009999,13.462274586 -11.8763315579999,13.4631961650001 -11.8772076829999,13.4637561120001 -11.87841113,13.464525254 -11.881062576,13.466219837 -11.88110116,13.466244497 -11.881877781,13.466740848 -11.883236048,13.467570138 -11.883320135,13.467621476 -11.884918872,13.4685975850001 -11.885738051,13.469097735 -11.88652946,13.469580928 -11.8868970309999,13.469805348 -11.888148429,13.470593138 -11.888200777,13.470626093 -11.8895106869999,13.4714507190001 -11.8903667069999,13.471989609 -11.8920964459999,13.473078528 -11.892165656,13.473122098 -11.8925099859999,13.4740087660001 -11.8927886889999,13.474726441 -11.8930852569999,13.475490119 -11.8933005559999,13.4760445270001 -11.893766339,13.477243942 -11.893885476,13.4775507250001 -11.8941067809999,13.478120598 -11.894539677,13.478923561 -11.895084938,13.479934945 -11.895157368,13.480069294 -11.895154008,13.480071889 -11.89415,13.48164 -11.889858153,13.482112552 -11.872879951,13.4819177730001 -11.871655711,13.4819037280001 -11.80846252,13.4811787580001 -11.803684265,13.481123941 -11.803551801,13.483250879 -11.80307112,13.490969046 -11.8027570629999,13.4960117750001</coordinates></LinearRing></outerBoundaryIs></Polygon>
  </Placemark>
  <Placemark id="SE_0001.41">
	<name>90017.0</name>
	<description>5865.0</description>
	<Style><LineStyle><color>ff0000ff</color></LineStyle><PolyStyle><fill>0</fill></PolyStyle></Style>
	<ExtendedData><SchemaData schemaUrl="#SE_0001">
		<SimpleData name="fid">5878.0</SimpleData>
		<SimpleData name="id">01</SimpleData>
		<SimpleData name="objectid">Kayes</SimpleData>
		<SimpleData name="region">14</SimpleData>
		<SimpleData name="lregion">Kenieba</SimpleData>
		<SimpleData name="cercle">1405</SimpleData>
		<SimpleData name="lcercle">Dombia</SimpleData>
		<SimpleData name="commune">RU</SimpleData>
		<SimpleData name="lcommune">0001</SimpleData>
		<SimpleData name="type_com">002</SimpleData>
		<SimpleData name="num_se">1053.0</SimpleData>
		<SimpleData name="num_dd">1416.0</SimpleData>
		<SimpleData name="pop_se">1405002.0</SimpleData>
		<SimpleData name="idzc">14050001.0</SimpleData>
		<SimpleData name="iddd">Accessible</SimpleData>
		<SimpleData name="idse">SE Sedentaire</SimpleData>
		<SimpleData name="resultat_c">Commune Sedentaire</SimpleData>
		<SimpleData name="statut_se">CAPI</SimpleData>
		<SimpleData name="mode_vie_c">Non</SimpleData>
		<SimpleData name="statut_col">Non</SimpleData>
		<SimpleData name="emprise">CAPI</SimpleData>
		<SimpleData name="affiche_in">Carto RGPH5 2019-2020</SimpleData>
		<SimpleData name="date_modif">0.0003904425</SimpleData>
	</SchemaData></ExtendedData>
      <Polygon><outerBoundaryIs><LinearRing><coordinates>-11.046894344,12.7743323880001 -11.0611136749999,12.7743323880001 -11.064520736,12.7758676400001 -11.0824458769999,12.777367425 -11.0823884929999,12.7792001660001 -11.0820676079999,12.789115791 -11.06148976,12.785836352 -11.0603882849999,12.785834391 -11.051545781,12.785184266 -11.046895548,12.784409585 -11.046894344,12.7743323880001</coordinates></LinearRing></outerBoundaryIs></Polygon>
  </Placemark>
  <Placemark id="SE_0001.42">
	<name>90018.0</name>
	<description>5866.0</description>
	<Style><LineStyle><color>ff0000ff</color></LineStyle><PolyStyle><fill>0</fill></PolyStyle></Style>
	<ExtendedData><SchemaData schemaUrl="#SE_0001">
		<SimpleData name="fid">5879.0</SimpleData>
		<SimpleData name="id">01</SimpleData>
		<SimpleData name="objectid">Kayes</SimpleData>
		<SimpleData name="region">14</SimpleData>
		<SimpleData name="lregion">Kenieba</SimpleData>
		<SimpleData name="cercle">1402</SimpleData>
		<SimpleData name="lcercle">Baye</SimpleData>
		<SimpleData name="commune">RU</SimpleData>
		<SimpleData name="lcommune">0001</SimpleData>
		<SimpleData name="type_com">001</SimpleData>
		<SimpleData name="num_se">957.0</SimpleData>
		<SimpleData name="num_dd">1416.0</SimpleData>
		<SimpleData name="pop_se">1402001.0</SimpleData>
		<SimpleData name="idzc">14020001.0</SimpleData>
		<SimpleData name="iddd">Accessible</SimpleData>
		<SimpleData name="idse">SE Sedentaire</SimpleData>
		<SimpleData name="resultat_c">Commune Sedentaire</SimpleData>
		<SimpleData name="statut_se">CAPI</SimpleData>
		<SimpleData name="mode_vie_c">Non</SimpleData>
		<SimpleData name="statut_col">Non</SimpleData>
		<SimpleData name="emprise">CAPI</SimpleData>
		<SimpleData name="affiche_in">Carto RGPH5 2019-2020</SimpleData>
		<SimpleData name="date_modif">0.0015260025</SimpleData>
	</SchemaData></ExtendedData>
      <Polygon><outerBoundaryIs><LinearRing><coordinates>-11.049620572,12.843937979 -11.049049501,12.837894148 -11.0105400699999,12.8400440200001 -11.009064477,12.835226925 -11.0091697459999,12.8315425340001 -11.0105557169999,12.8181880110001 -11.012403422,12.81896311 -11.012763515,12.8191141680001 -11.012766552,12.8191154420001 -11.017557,12.821125001 -11.025903241,12.8247315290001 -11.031423232,12.826661282 -11.031609843,12.82672652 -11.0332200829999,12.827289449 -11.040834359,12.828479181 -11.047496849,12.827705855 -11.0487025759999,12.827019519 -11.0487403659999,12.826998008 -11.04933191,12.826661282 -11.051363474,12.825504854 -11.0561140149999,12.823924903 -11.068665672,12.824341308 -11.0687736089999,12.824333676 -11.0707173189999,12.824196242 -11.0745548379999,12.823924903 -11.079000091,12.8214553170001 -11.079373247,12.821248009 -11.085678818,12.818333169 -11.094431071,12.8184312380001 -11.09890623,12.811505235 -11.115778184,12.8076214820001 -11.1156682439999,12.8078307230001 -11.1127868309999,12.8133147 -11.110408686,12.8230537700001 -11.10978871,12.82559272 -11.067163148,12.8354552000001 -11.0632288529999,12.846899824 -11.055449989,12.846907887 -11.0494306369999,12.8469141250001 -11.0495828749999,12.844528666 -11.049620572,12.843937979</coordinates></LinearRing></outerBoundaryIs></Polygon>
  </Placemark>
  <Placemark id="SE_0001.43">
	<name>90062.0</name>
	<description>5910.0</description>
	<Style><LineStyle><color>ff0000ff</color></LineStyle><PolyStyle><fill>0</fill></PolyStyle></Style>
	<ExtendedData><SchemaData schemaUrl="#SE_0001">
		<SimpleData name="fid">5923.0</SimpleData>
		<SimpleData name="id">01</SimpleData>
		<SimpleData name="objectid">Kayes</SimpleData>
		<SimpleData name="region">14</SimpleData>
		<SimpleData name="lregion">Kenieba</SimpleData>
		<SimpleData name="cercle">1408</SimpleData>
		<SimpleData name="lcercle">Guenegore</SimpleData>
		<SimpleData name="commune">RU</SimpleData>
		<SimpleData name="lcommune">0001</SimpleData>
		<SimpleData name="type_com">002</SimpleData>
		<SimpleData name="num_se">896.0</SimpleData>
		<SimpleData name="num_dd">1406.0</SimpleData>
		<SimpleData name="pop_se">1408002.0</SimpleData>
		<SimpleData name="idzc">14080001.0</SimpleData>
		<SimpleData name="iddd">Accessible</SimpleData>
		<SimpleData name="idse">SE Sedentaire</SimpleData>
		<SimpleData name="resultat_c">Commune Sedentaire</SimpleData>
		<SimpleData name="statut_se">CAPI</SimpleData>
		<SimpleData name="mode_vie_c">Oui</SimpleData>
		<SimpleData name="statut_col">Non</SimpleData>
		<SimpleData name="emprise">CAPI</SimpleData>
		<SimpleData name="affiche_in">Carto RGPH5 2019-2020</SimpleData>
		<SimpleData name="date_modif">0.000341825</SimpleData>
	</SchemaData></ExtendedData>
      <Polygon><outerBoundaryIs><LinearRing><coordinates>-11.020128529,12.728193951 -11.01994531,12.728138034 -11.019885824,12.72819752 -11.019838234,12.728277232 -11.019695467,12.728412861 -11.0196585849999,12.7285294550001 -11.0196454979999,12.728863769 -11.019660965,12.728894702 -11.0196942769999,12.728975604 -11.019664534,12.7290053470001 -11.0196514469999,12.729033901 -11.019646688,12.7291124230001 -11.01963598,12.7291992720001 -11.01959196,12.729274226 -11.019498566,12.729308846 -11.01924444,12.729284577 -11.0190631249999,12.7292303240001 -11.018990313,12.729206054 -11.018894659,12.729194276 -11.018832555,12.729162511 -11.018800432,12.729135742 -11.0187593869999,12.729112184 -11.0187162,12.729105046 -11.0186726549999,12.729089699 -11.0185562999999,12.729078278 -11.0184563619999,12.729095053 -11.018369274,12.729106116 -11.018332868,12.7291346710001 -11.018208661,12.729173932 -11.018168686,12.729189278 -11.018106582,12.729212478 -11.017942042,12.72924829 -11.0178147409999,12.729282792 -11.017654127,12.729328002 -11.017504221,12.729347037 -11.017309105,12.729385108 -11.017129456,12.7294445950001 -11.0170164319999,12.729475528 -11.0169887329999,12.729480155 -11.0168906549999,12.729496538 -11.0164751039999,12.729565947 -11.0093748649999,12.727398184 -11.007129494,12.726712653 -11.001446815,12.7255609530001 -11.001193456,12.7255096050001 -10.9995719349999,12.7170143220001 -11.0172835879999,12.7157676640001 -11.0263466919999,12.715135146 -11.027661608,12.72173085 -11.0277522719999,12.724929531 -11.0278482709999,12.7283164630001 -11.027944271,12.731703394 -11.025297135,12.7320724470001 -11.0234448599999,12.732330684 -11.023336786,12.73234575 -11.0227358239999,12.732387451 -11.0224984609999,12.7320146070001 -11.022316443,12.731764331 -11.0223081149999,12.731694137 -11.022299787,12.731623944 -11.022270044,12.731451432 -11.0222521979999,12.731338409 -11.0222069879999,12.7312575060001 -11.022095153,12.731158759 -11.022003544,12.7310635810001 -11.0219678519999,12.730939849 -11.021896468,12.7307506810001 -11.021820325,12.7306257590001 -11.0217727359999,12.730550807 -11.0216549529999,12.730361639 -11.021632348,12.730199837 -11.021583569,12.730002341 -11.021532411,12.72987385 -11.0214741139999,12.729753687 -11.021382505,12.729551433 -11.0213456229999,12.7294110440001 -11.0212932749999,12.7292373450001 -11.021257583,12.72912432 -11.0211624039999,12.728981553 -11.021038672,12.7288209390001 -11.020906612,12.7287340890001 -11.020744809,12.7286055980001 -11.0206579589999,12.728517557 -11.020632974,12.728483055 -11.020511622,12.7283593220001 -11.020400977,12.728248679 -11.02034506,12.728232022 -11.020128529,12.728193951</coordinates></LinearRing></outerBoundaryIs></Polygon>
  </Placemark>
  <Placemark id="SE_0001.44">
	<name>90068.0</name>
	<description>5916.0</description>
	<Style><LineStyle><color>ff0000ff</color></LineStyle><PolyStyle><fill>0</fill></PolyStyle></Style>
	<ExtendedData><SchemaData schemaUrl="#SE_0001">
		<SimpleData name="fid">5929.0</SimpleData>
		<SimpleData name="id">01</SimpleData>
		<SimpleData name="objectid">Kayes</SimpleData>
		<SimpleData name="region">14</SimpleData>
		<SimpleData name="lregion">Kenieba</SimpleData>
		<SimpleData name="cercle">1407</SimpleData>
		<SimpleData name="lcercle">Faraba</SimpleData>
		<SimpleData name="commune">RU</SimpleData>
		<SimpleData name="lcommune">0001</SimpleData>
		<SimpleData name="type_com">001</SimpleData>
		<SimpleData name="num_se">994.0</SimpleData>
		<SimpleData name="num_dd">1413.0</SimpleData>
		<SimpleData name="pop_se">1407001.0</SimpleData>
		<SimpleData name="idzc">14070001.0</SimpleData>
		<SimpleData name="iddd">Accessible</SimpleData>
		<SimpleData name="idse">SE Sedentaire</SimpleData>
		<SimpleData name="resultat_c">Commune Sedentaire</SimpleData>
		<SimpleData name="statut_se">CAPI</SimpleData>
		<SimpleData name="mode_vie_c">Non</SimpleData>
		<SimpleData name="statut_col">Non</SimpleData>
		<SimpleData name="emprise">CAPI</SimpleData>
		<SimpleData name="affiche_in">Carto RGPH5 2019-2020</SimpleData>
		<SimpleData name="date_modif">0.0015625402</SimpleData>
	</SchemaData></ExtendedData>
      <Polygon><outerBoundaryIs><LinearRing><coordinates>-10.869636876,12.429424737 -10.877776959,12.408224331 -10.8924708229999,12.413479792 -10.89606495,12.414611644 -10.909698121,12.418904963 -10.9142476499999,12.420561068 -10.919025608,12.422350422 -10.926240134,12.424634704 -10.935167871,12.4280230570001 -10.928019444,12.4436066280001 -10.927881624,12.4439070760001 -10.9277966769999,12.44409226 -10.925650027,12.4487719570001 -10.922344171,12.4549985950001 -10.921604304,12.4543614880001 -10.9177971669999,12.4512206000001 -10.889177009,12.439467494 -10.887435244,12.438752224 -10.881938336,12.4358714910001 -10.881900641,12.4358517370001 -10.869636876,12.429424737</coordinates></LinearRing></outerBoundaryIs></Polygon>
  </Placemark>
  <Placemark id="SE_0001.45">
	<name>90086.0</name>
	<description>5934.0</description>
	<Style><LineStyle><color>ff0000ff</color></LineStyle><PolyStyle><fill>0</fill></PolyStyle></Style>
	<ExtendedData><SchemaData schemaUrl="#SE_0001">
		<SimpleData name="fid">5947.0</SimpleData>
		<SimpleData name="id">01</SimpleData>
		<SimpleData name="objectid">Kayes</SimpleData>
		<SimpleData name="region">14</SimpleData>
		<SimpleData name="lregion">Kenieba</SimpleData>
		<SimpleData name="cercle">1406</SimpleData>
		<SimpleData name="lcercle">Falea</SimpleData>
		<SimpleData name="commune">RU</SimpleData>
		<SimpleData name="lcommune">0001</SimpleData>
		<SimpleData name="type_com">002</SimpleData>
		<SimpleData name="num_se">735.0</SimpleData>
		<SimpleData name="num_dd">1405.0</SimpleData>
		<SimpleData name="pop_se">1406002.0</SimpleData>
		<SimpleData name="idzc">14060001.0</SimpleData>
		<SimpleData name="iddd">Accessible</SimpleData>
		<SimpleData name="idse">SE Sedentaire</SimpleData>
		<SimpleData name="resultat_c">Commune Sedentaire</SimpleData>
		<SimpleData name="statut_se">CAPI</SimpleData>
		<SimpleData name="mode_vie_c">Non</SimpleData>
		<SimpleData name="statut_col">Non</SimpleData>
		<SimpleData name="emprise">CAPI</SimpleData>
		<SimpleData name="affiche_in">Carto RGPH5 2019-2020</SimpleData>
		<SimpleData name="date_modif">0.0114273486</SimpleData>
	</SchemaData></ExtendedData>
      <Polygon><outerBoundaryIs><LinearRing><coordinates>-11.359226496,12.1936182430001 -11.432284559,12.1257181120001 -11.435203599,12.127216273 -11.4385154739999,12.1265225220001 -11.440828601,12.1272480600001 -11.441040099,12.1273143970001 -11.445818099,12.129892522 -11.451882349,12.1314931470001 -11.4566907239999,12.1323232730001 -11.464921724,12.140704522 -11.4653642239999,12.144458522 -11.4673378489999,12.147738772 -11.4692768489999,12.153016522 -11.471736349,12.157553523 -11.475004849,12.159356772 -11.4795247239999,12.1621801480001 -11.482535099,12.164228773 -11.4826988459999,12.164260917 -11.4835616469999,12.164430291 -11.485317724,12.1647750230001 -11.4865344739999,12.1677925220001 -11.485493349,12.169273522 -11.4839014739999,12.173242648 -11.484873099,12.175756398 -11.4886447239999,12.177817772 -11.490915474,12.178605148 -11.491036165,12.178930376 -11.4915084849999,12.180203141 -11.4921278489999,12.181872147 -11.494389849,12.1831587730001 -11.492325099,12.185121898 -11.491275474,12.1871021470001 -11.4896834739999,12.191070897 -11.4886078489999,12.1945488980001 -11.488800849,12.198048273 -11.4874495989999,12.202770023 -11.488408224,12.206032398 -11.4903948489999,12.208562897 -11.491370849,12.210826647 -11.489822349,12.212298773 -11.488802974,12.2125313970001 -11.486983349,12.2149977730001 -11.4843720989999,12.219198648 -11.484578224,12.221948647 -11.484742474,12.2239018970001 -11.484788474,12.224449147 -11.484322849,12.2246683970001 -11.483253099,12.225172398 -11.482233724,12.225404897 -11.480693974,12.226377772 -11.479504349,12.229104272 -11.479021099,12.2314865230001 -11.478949099,12.231841522 -11.477125224,12.2345572720001 -11.474570349,12.2355130220001 -11.472015599,12.236468772 -11.4681487239999,12.239899273 -11.4653358489999,12.241100273 -11.4630564739999,12.240812272 -11.4614613489999,12.239905273 -11.460794474,12.2395260230001 -11.4579815989999,12.240727023 -11.457159724,12.244208648 -11.456664099,12.246025898 -11.4560753489999,12.248184898 -11.454602474,12.247461523 -11.452548974,12.2466277730001 -11.448979224,12.247566523 -11.446118724,12.251513023 -11.4455202239999,12.256745773 -11.445923724,12.262744023 -11.4478887239999,12.266521772 -11.4481978489999,12.267250647 -11.449595599,12.2705446480001 -11.448795349,12.2727780230001 -11.4473247889999,12.273470564 -11.445947152,12.274119345 -11.445608394,12.2742788780001 -11.4452125989999,12.274465273 -11.444682698,12.2745508690001 -11.4424128489999,12.2749175230001 -11.4398840989999,12.274375773 -11.437995099,12.274529522 -11.4373423489999,12.274582648 -11.433501599,12.276515273 -11.4311875989999,12.278223897 -11.3642425909999,12.19798303 -11.359226496,12.1936182430001</coordinates></LinearRing></outerBoundaryIs></Polygon>
  </Placemark>
  <Placemark id="SE_0001.46">
	<name>90113.0</name>
	<description>5961.0</description>
	<Style><LineStyle><color>ff0000ff</color></LineStyle><PolyStyle><fill>0</fill></PolyStyle></Style>
	<ExtendedData><SchemaData schemaUrl="#SE_0001">
		<SimpleData name="fid">5974.0</SimpleData>
		<SimpleData name="id">01</SimpleData>
		<SimpleData name="objectid">Kayes</SimpleData>
		<SimpleData name="region">14</SimpleData>
		<SimpleData name="lregion">Kenieba</SimpleData>
		<SimpleData name="cercle">1411</SimpleData>
		<SimpleData name="lcercle">Sagalo</SimpleData>
		<SimpleData name="commune">RU</SimpleData>
		<SimpleData name="lcommune">0001</SimpleData>
		<SimpleData name="type_com">001</SimpleData>
		<SimpleData name="num_se">1069.0</SimpleData>
		<SimpleData name="num_dd">1415.0</SimpleData>
		<SimpleData name="pop_se">1411001.0</SimpleData>
		<SimpleData name="idzc">14110001.0</SimpleData>
		<SimpleData name="iddd">Accessible</SimpleData>
		<SimpleData name="idse">SE Sedentaire</SimpleData>
		<SimpleData name="resultat_c">Commune Sedentaire</SimpleData>
		<SimpleData name="statut_se">CAPI</SimpleData>
		<SimpleData name="mode_vie_c">Non</SimpleData>
		<SimpleData name="statut_col">Non</SimpleData>
		<SimpleData name="emprise">CAPI</SimpleData>
		<SimpleData name="affiche_in">Carto RGPH5 2019-2020</SimpleData>
		<SimpleData name="date_modif">0.0040408254</SimpleData>
	</SchemaData></ExtendedData>
      <Polygon><outerBoundaryIs><LinearRing><coordinates>-10.7027720159999,12.219632765 -10.701690856,12.2083683130001 -10.6661000679999,12.208398055 -10.6503956249999,12.208969127 -10.649019821,12.168436754 -10.7217238809999,12.162696544 -10.730168663,12.1620298030001 -10.730172028,12.162029536 -10.7308734719999,12.166862988 -10.738329559,12.2182408 -10.7254036329999,12.2193892880001 -10.7029427529999,12.2213849720001 -10.7027724889999,12.219637629 -10.7027720479999,12.219633098 -10.7027720159999,12.219632765</coordinates></LinearRing></outerBoundaryIs></Polygon>
  </Placemark>
  <Placemark id="SE_0001.47">
	<name>90154.0</name>
	<description>6002.0</description>
	<Style><LineStyle><color>ff0000ff</color></LineStyle><PolyStyle><fill>0</fill></PolyStyle></Style>
	<ExtendedData><SchemaData schemaUrl="#SE_0001">
		<SimpleData name="fid">6015.0</SimpleData>
		<SimpleData name="id">01</SimpleData>
		<SimpleData name="objectid">Kayes</SimpleData>
		<SimpleData name="region">14</SimpleData>
		<SimpleData name="lregion">Kenieba</SimpleData>
		<SimpleData name="cercle">1410</SimpleData>
		<SimpleData name="lcercle">Kroukoto</SimpleData>
		<SimpleData name="commune">RU</SimpleData>
		<SimpleData name="lcommune">0001</SimpleData>
		<SimpleData name="type_com">001</SimpleData>
		<SimpleData name="num_se">1159.0</SimpleData>
		<SimpleData name="num_dd">1414.0</SimpleData>
		<SimpleData name="pop_se">1410001.0</SimpleData>
		<SimpleData name="idzc">14100001.0</SimpleData>
		<SimpleData name="iddd">Accessible</SimpleData>
		<SimpleData name="idse">SE Sedentaire</SimpleData>
		<SimpleData name="resultat_c">Commune Sedentaire</SimpleData>
		<SimpleData name="statut_se">CAPI</SimpleData>
		<SimpleData name="mode_vie_c">Oui</SimpleData>
		<SimpleData name="statut_col">Non</SimpleData>
		<SimpleData name="emprise">CAPI</SimpleData>
		<SimpleData name="affiche_in">Carto RGPH5 2019-2020</SimpleData>
		<SimpleData name="date_modif">0.00070029</SimpleData>
	</SchemaData></ExtendedData>
      <Polygon><outerBoundaryIs><LinearRing><coordinates>-10.402565808,12.6066926930001 -10.401775938,12.606011316 -10.4017189689999,12.6058931580001 -10.401518745,12.6055346700001 -10.401459259,12.6054394920001 -10.401346234,12.605264006 -10.401314826,12.6052196590001 -10.401222027,12.605064042 -10.401159209,12.6049384070001 -10.401035001,12.604704268 -10.400913648,12.6045001100001 -10.400843692,12.604344493 -10.400836554,12.604225996 -10.400763742,12.603926184 -10.400668088,12.603679196 -10.4005579359999,12.6034043610001 -10.400523893,12.603319422 -10.40035971,12.602926811 -10.400072606,12.602180853 -10.40003991,12.6020959030001 -10.399932835,12.601801801 -10.3995935679999,12.60083974 -10.385512994,12.5994406830001 -10.386538865,12.590406402 -10.3893268109999,12.590701596 -10.402221503,12.5920623430001 -10.407028011,12.5925695620001 -10.413115247,12.5932119340001 -10.4189213569999,12.593824639 -10.4422394289999,12.599286895 -10.431385441,12.6152245060001 -10.424190951,12.610291106 -10.413066971,12.6083875370001 -10.408010616,12.605789959 -10.405131469,12.6060279050001 -10.4050779309999,12.60640267 -10.405083879,12.6067060510001 -10.4049470599999,12.60684287 -10.4047269599999,12.60684287 -10.4039268659999,12.6067893330001 -10.403596716,12.6066882060001 -10.4032784629999,12.6065632840001 -10.4029096469999,12.606506772 -10.4026776489999,12.606569232 -10.402565808,12.6066926930001</coordinates></LinearRing></outerBoundaryIs></Polygon>
  </Placemark>
  <Placemark id="SE_0001.48">
	<name>90166.0</name>
	<description>6014.0</description>
	<Style><LineStyle><color>ff0000ff</color></LineStyle><PolyStyle><fill>0</fill></PolyStyle></Style>
	<ExtendedData><SchemaData schemaUrl="#SE_0001">
		<SimpleData name="fid">6027.0</SimpleData>
		<SimpleData name="id">01</SimpleData>
		<SimpleData name="objectid">Kayes</SimpleData>
		<SimpleData name="region">17</SimpleData>
		<SimpleData name="lregion">Yelimane</SimpleData>
		<SimpleData name="cercle">1707</SimpleData>
		<SimpleData name="lcercle">Konsiga</SimpleData>
		<SimpleData name="commune">RU</SimpleData>
		<SimpleData name="lcommune">0001</SimpleData>
		<SimpleData name="type_com">001</SimpleData>
		<SimpleData name="num_se">1040.0</SimpleData>
		<SimpleData name="num_dd">1706.0</SimpleData>
		<SimpleData name="pop_se">1707001.0</SimpleData>
		<SimpleData name="idzc">17070001.0</SimpleData>
		<SimpleData name="iddd">Accessible</SimpleData>
		<SimpleData name="idse">SE Sedentaire</SimpleData>
		<SimpleData name="resultat_c">Commune Sedentaire</SimpleData>
		<SimpleData name="statut_se">CAPI</SimpleData>
		<SimpleData name="mode_vie_c">Oui</SimpleData>
		<SimpleData name="statut_col">Non</SimpleData>
		<SimpleData name="emprise">CAPI</SimpleData>
		<SimpleData name="affiche_in">Carto RGPH5 2019-2020</SimpleData>
		<SimpleData name="date_modif">0.0005234906</SimpleData>
	</SchemaData></ExtendedData>
      <Polygon><outerBoundaryIs><LinearRing><coordinates>-10.9919679179999,14.999766445 -10.9892329649999,14.9962110550001 -10.989004537,14.995845569 -10.9889433299999,14.995704765 -10.98887688,14.995649268 -10.988873885,14.995646767 -10.9887917799999,14.9955781950001 -10.988767,14.995556 -10.988111326,14.995029554 -10.9877829609999,14.994665496 -10.987501745,14.9943705630001 -10.987490287,14.9943585460001 -10.987289341,14.994159742 -10.987101218,14.994008625 -10.9870716209999,14.9939848510001 -10.986832485,14.993731439 -10.9867528369999,14.9934664260001 -10.986742942,14.9934335020001 -10.9866993439999,14.9929742900001 -10.986646015,14.9929502410001 -10.9864613689999,14.9930054450001 -10.986105402,14.9931291770001 -10.986057178,14.993135522 -10.9860343349999,14.99292494 -10.986010779,14.9928321410001 -10.98598508,14.992785741 -10.985933684,14.992682948 -10.9858651559999,14.9925487470001 -10.9858059069999,14.992444526 -10.985800196,14.992260356 -10.9858023379999,14.9920312140001 -10.9857994819999,14.991912717 -10.985768074,14.9917635250001 -10.985694667,14.9915191540001 -10.986399583,14.991165209 -10.9862657379999,14.9904751650001 -10.98625039,14.9902377920001 -10.98593455,14.985352988 -11.011363785,14.9852594980001 -11.0080033639999,15.0207713670001 -10.9919679179999,14.999766445</coordinates></LinearRing></outerBoundaryIs></Polygon>
  </Placemark>
  <Placemark id="SE_0001.49">
	<name>90176.0</name>
	<description>6024.0</description>
	<Style><LineStyle><color>ff0000ff</color></LineStyle><PolyStyle><fill>0</fill></PolyStyle></Style>
	<ExtendedData><SchemaData schemaUrl="#SE_0001">
		<SimpleData name="fid">6037.0</SimpleData>
		<SimpleData name="id">01</SimpleData>
		<SimpleData name="objectid">Kayes</SimpleData>
		<SimpleData name="region">17</SimpleData>
		<SimpleData name="lregion">Yelimane</SimpleData>
		<SimpleData name="cercle">1705</SimpleData>
		<SimpleData name="lcercle">Gory</SimpleData>
		<SimpleData name="commune">RU</SimpleData>
		<SimpleData name="lcommune">0001</SimpleData>
		<SimpleData name="type_com">001</SimpleData>
		<SimpleData name="num_se">701.0</SimpleData>
		<SimpleData name="num_dd">1703.0</SimpleData>
		<SimpleData name="pop_se">1705001.0</SimpleData>
		<SimpleData name="idzc">17050001.0</SimpleData>
		<SimpleData name="iddd">Accessible</SimpleData>
		<SimpleData name="idse">SE Sedentaire</SimpleData>
		<SimpleData name="resultat_c">Commune Sedentaire</SimpleData>
		<SimpleData name="statut_se">CAPI</SimpleData>
		<SimpleData name="mode_vie_c">Non</SimpleData>
		<SimpleData name="statut_col">Oui</SimpleData>
		<SimpleData name="emprise">CAPI</SimpleData>
		<SimpleData name="affiche_in">Carto RGPH5 2019-2020</SimpleData>
		<SimpleData name="date_modif">0.0002212214</SimpleData>
	</SchemaData></ExtendedData>
      <Polygon><outerBoundaryIs><LinearRing><coordinates>-10.7618526709999,15.108518372 -10.76181201,15.108411591 -10.761772069,15.108300146 -10.761727778,15.10819042 -10.7616849469999,15.107459926 -10.7616468759999,15.1065985610001 -10.761628802,15.106412468 -10.7616203499999,15.1063740590001 -10.761572518,15.106156694 -10.7614148779999,15.10566593 -10.7612364189999,15.105175167 -10.7611799069999,15.104999681 -10.761206676,15.1045535320001 -10.7613024099999,15.103820296 -10.7613304079999,15.1033285070001 -10.761375022,15.102635489 -10.761499944,15.101885958 -10.7615224529999,15.10173711 -10.761592148,15.101276221 -10.76171707,15.100392847 -10.761716,15.100273 -10.76188545,15.092404636 -10.762369674,15.0918712330001 -10.7654727359999,15.0884530160001 -10.7661953529999,15.089124391 -10.7662716739999,15.0891953 -10.766344385,15.089262853 -10.766896448,15.089775769 -10.767163604,15.090023979 -10.769734656,15.0924127070001 -10.7708609159999,15.0934591000001 -10.7725547769999,15.0950328430001 -10.7741463309999,15.0965115330001 -10.7753732799999,15.097651474 -10.775667438,15.097838821 -10.7758927579999,15.097982325 -10.7778863209999,15.09925201 -10.7779250159999,15.0992766540001 -10.7799725529999,15.100580714 -10.7804573459999,15.1008894730001 -10.7804580279999,15.100889909 -10.7804570059999,15.1008905150001 -10.777014387,15.1029318110001 -10.7691764419999,15.10740044 -10.767785885,15.108064309 -10.766293963,15.108735316 -10.765765723,15.1090565440001 -10.765258898,15.109220727 -10.764523644,15.109349218 -10.764109618,15.109484847 -10.763745926,15.109647556 -10.7637363439999,15.109636102 -10.763530703,15.109390257 -10.76319498,15.1090317200001 -10.763050576,15.10892934 -10.7630048359999,15.108896911 -10.762793895,15.10874489 -10.762598848,15.108713634 -10.7622917969999,15.108710472 -10.762131363,15.108653105 -10.7618526709999,15.108518372</coordinates></LinearRing></outerBoundaryIs></Polygon>
  </Placemark>
  <Placemark id="SE_0001.50">
	<name>90190.0</name>
	<description>6038.0</description>
	<Style><LineStyle><color>ff0000ff</color></LineStyle><PolyStyle><fill>0</fill></PolyStyle></Style>
	<ExtendedData><SchemaData schemaUrl="#SE_0001">
		<SimpleData name="fid">6051.0</SimpleData>
		<SimpleData name="id">01</SimpleData>
		<SimpleData name="objectid">Kayes</SimpleData>
		<SimpleData name="region">17</SimpleData>
		<SimpleData name="lregion">Yelimane</SimpleData>
		<SimpleData name="cercle">1711</SimpleData>
		<SimpleData name="lcercle">Toya</SimpleData>
		<SimpleData name="commune">RU</SimpleData>
		<SimpleData name="lcommune">0001</SimpleData>
		<SimpleData name="type_com">001</SimpleData>
		<SimpleData name="num_se">938.0</SimpleData>
		<SimpleData name="num_dd">1703.0</SimpleData>
		<SimpleData name="pop_se">1711001.0</SimpleData>
		<SimpleData name="idzc">17110001.0</SimpleData>
		<SimpleData name="iddd">Accessible</SimpleData>
		<SimpleData name="idse">SE Sedentaire</SimpleData>
		<SimpleData name="resultat_c">Commune Sedentaire</SimpleData>
		<SimpleData name="statut_se">CAPI</SimpleData>
		<SimpleData name="mode_vie_c">Oui</SimpleData>
		<SimpleData name="statut_col">Non</SimpleData>
		<SimpleData name="emprise">CAPI</SimpleData>
		<SimpleData name="affiche_in">Carto RGPH5 2019-2020</SimpleData>
		<SimpleData name="date_modif">0.0002584164</SimpleData>
	</SchemaData></ExtendedData>
      <Polygon><outerBoundaryIs><LinearRing><coordinates>-10.730721468,15.1264706000001 -10.7306738789999,15.1263397290001 -10.73062629,15.126024451 -10.7305668029999,15.125691326 -10.730522188,15.125539636 -10.730492445,15.125260048 -10.730459727,15.124894206 -10.730441882,15.124799028 -10.730421061,15.124700875 -10.730370498,15.1244778 -10.7303229079999,15.124299342 -10.730311011,15.124198214 -10.730221781,15.124165497 -10.73011768,15.1241446760001 -10.729995733,15.1241384890001 -10.729827267,15.124109935 -10.729780153,15.1241013690001 -10.729693303,15.124106426 -10.72964381,15.1240988120001 -10.7296514249999,15.123822794 -10.729659039,15.12370287 -10.729672364,15.123344999 -10.729660942,15.12314322 -10.729649283,15.123054229 -10.729625488,15.1228139040001 -10.729585038,15.1225878540001 -10.72958648,15.122520691 -10.7287104609999,15.122798183 -10.72827145,15.122920725 -10.727987105,15.1230087660001 -10.727736071,15.1230956160001 -10.727583786,15.123145585 -10.727445777,15.123169379 -10.7272625589999,15.123199121 -10.7269330029999,15.123238384 -10.7265891709999,15.123263367 -10.7265493689999,15.123236956 -10.72649702,15.122963317 -10.7264554459999,15.1226642 -10.7263198159999,15.1226799040001 -10.7261613439999,15.122654206 -10.7249995519999,15.122506297 -10.7250373799999,15.122018315 -10.724882715,15.119983876 -10.7249897899999,15.118895272 -10.727735405,15.101211974 -10.7339891409999,15.1092080990001 -10.7352932219999,15.1108755180001 -10.737659048,15.1139005000001 -10.7394022139999,15.1161293390001 -10.740848436,15.1179785 -10.741528155,15.1188476 -10.742100927,15.1222886740001 -10.74274696,15.1261698860001 -10.7342953909999,15.126761883 -10.73393612,15.1265407930001 -10.732765425,15.126407543 -10.7322990509999,15.1265407930001 -10.7309475169999,15.127073792 -10.7308315179999,15.126705572 -10.730792852,15.126589573 -10.7307697709999,15.126551105 -10.730721468,15.1264706000001</coordinates></LinearRing></outerBoundaryIs></Polygon>
  </Placemark>
  <Placemark id="SE_0001.51">
	<name>90221.0</name>
	<description>6069.0</description>
	<Style><LineStyle><color>ff0000ff</color></LineStyle><PolyStyle><fill>0</fill></PolyStyle></Style>
	<ExtendedData><SchemaData schemaUrl="#SE_0001">
		<SimpleData name="fid">6082.0</SimpleData>
		<SimpleData name="id">01</SimpleData>
		<SimpleData name="objectid">Kayes</SimpleData>
		<SimpleData name="region">17</SimpleData>
		<SimpleData name="lregion">Yelimane</SimpleData>
		<SimpleData name="cercle">1708</SimpleData>
		<SimpleData name="lcercle">Kremis</SimpleData>
		<SimpleData name="commune">RU</SimpleData>
		<SimpleData name="lcommune">0001</SimpleData>
		<SimpleData name="type_com">001</SimpleData>
		<SimpleData name="num_se">813.0</SimpleData>
		<SimpleData name="num_dd">1704.0</SimpleData>
		<SimpleData name="pop_se">1708001.0</SimpleData>
		<SimpleData name="idzc">17080001.0</SimpleData>
		<SimpleData name="iddd">Accessible</SimpleData>
		<SimpleData name="idse">SE Sedentaire</SimpleData>
		<SimpleData name="resultat_c">Commune Sedentaire</SimpleData>
		<SimpleData name="statut_se">CAPI</SimpleData>
		<SimpleData name="mode_vie_c">Oui</SimpleData>
		<SimpleData name="statut_col">Non</SimpleData>
		<SimpleData name="emprise">CAPI</SimpleData>
		<SimpleData name="affiche_in">Carto RGPH5 2019-2020</SimpleData>
		<SimpleData name="date_modif">0.0003677816</SimpleData>
	</SchemaData></ExtendedData>
      <Polygon><outerBoundaryIs><LinearRing><coordinates>-10.343468639,15.3520090910001 -10.3203057549999,15.350647898 -10.3203923959999,15.350251112 -10.3209965739999,15.347484179 -10.32112732,15.34688541 -10.321138364,15.34683483 -10.321378388,15.345735603 -10.321385404,15.3457034750001 -10.322275,15.342789275 -10.322915313,15.340691694 -10.3240323369999,15.3370324700001 -10.327081348,15.3270443120001 -10.328300575,15.323050284 -10.3283497579999,15.3228891680001 -10.339535488,15.3414442800001 -10.339562794,15.341489575 -10.3413739989999,15.344494039 -10.3446497219999,15.348424145 -10.3446520429999,15.3484269300001 -10.3447885259999,15.3485906780001 -10.345084174,15.3492646610001 -10.345129383,15.3495597140001 -10.3451198659999,15.3498095570001 -10.345153178,15.350076057 -10.34514604,15.350297347 -10.345112727,15.350697096 -10.344996253,15.35058308 -10.3448749,15.350517407 -10.3446079249999,15.3505259730001 -10.3445779429999,15.350538822 -10.344532258,15.3508757540001 -10.344272421,15.350832924 -10.3440682629999,15.3507943760001 -10.3436720829999,15.350719423 -10.343515038,15.3507693920001 -10.343365132,15.350855053 -10.3433294399999,15.350951421 -10.3434614999999,15.351647413 -10.343468639,15.3520090910001</coordinates></LinearRing></outerBoundaryIs></Polygon>
  </Placemark>
  <Placemark id="SE_0001.52">
	<name>90244.0</name>
	<description>6092.0</description>
	<Style><LineStyle><color>ff0000ff</color></LineStyle><PolyStyle><fill>0</fill></PolyStyle></Style>
	<ExtendedData><SchemaData schemaUrl="#SE_0001">
		<SimpleData name="fid">6105.0</SimpleData>
		<SimpleData name="id">01</SimpleData>
		<SimpleData name="objectid">Kayes</SimpleData>
		<SimpleData name="region">17</SimpleData>
		<SimpleData name="lregion">Yelimane</SimpleData>
		<SimpleData name="cercle">1706</SimpleData>
		<SimpleData name="lcercle">Kirane Kaniaga</SimpleData>
		<SimpleData name="commune">RU</SimpleData>
		<SimpleData name="lcommune">0001</SimpleData>
		<SimpleData name="type_com">002</SimpleData>
		<SimpleData name="num_se">822.0</SimpleData>
		<SimpleData name="num_dd">1704.0</SimpleData>
		<SimpleData name="pop_se">1706002.0</SimpleData>
		<SimpleData name="idzc">17060001.0</SimpleData>
		<SimpleData name="iddd">Accessible</SimpleData>
		<SimpleData name="idse">SE Sedentaire</SimpleData>
		<SimpleData name="resultat_c">Commune Sedentaire</SimpleData>
		<SimpleData name="statut_se">CAPI</SimpleData>
		<SimpleData name="mode_vie_c">Oui</SimpleData>
		<SimpleData name="statut_col">Non</SimpleData>
		<SimpleData name="emprise">CAPI</SimpleData>
		<SimpleData name="affiche_in">Carto RGPH5 2019-2020</SimpleData>
		<SimpleData name="date_modif">0.0001333359</SimpleData>
	</SchemaData></ExtendedData>
      <Polygon><outerBoundaryIs><LinearRing><coordinates>-10.222515158,15.412032954 -10.222520979,15.412033197 -10.222618537,15.4118880500001 -10.2227351299999,15.4117548 -10.222765129,15.4117468000001 -10.222765825,15.411750279 -10.222872901,15.4117360020001 -10.222956182,15.4116931720001 -10.22301091,15.411664618 -10.2230751549999,15.4115789580001 -10.2231727129999,15.4114956760001 -10.22331786,15.411379083 -10.2234356439999,15.4113502910001 -10.223626001,15.4113521950001 -10.223704047,15.4113160270001 -10.223803032,15.4112874740001 -10.223917247,15.4112513060001 -10.2239914859999,15.411295088 -10.2240942789999,15.411257016 -10.2242503709999,15.4111846810001 -10.224421692,15.411100924 -10.2247205529999,15.4109943240001 -10.2248577679999,15.4108141990001 -10.224681688,15.410400173 -10.224721678,15.4100831110001 -10.224727215,15.410039211 -10.2251124049999,15.410032938 -10.225333694,15.410015092 -10.2254086479999,15.410000815 -10.2255157229999,15.410272074 -10.2262367,15.410136445 -10.2268006319999,15.410011523 -10.227236074,15.409918723 -10.227464502,15.409886601 -10.227507332,15.4103291800001 -10.2275269159999,15.410490549 -10.227531127,15.410525249 -10.227736712,15.410692763 -10.227812855,15.410875505 -10.2279321629999,15.411211757 -10.228159153,15.411157611 -10.228305829,15.411191941 -10.2287698239999,15.4111443510001 -10.229013719,15.411147326 -10.2295253029999,15.411218709 -10.2299327859999,15.411233581 -10.2303253969999,15.4112871200001 -10.230631752,15.411331735 -10.230878224,15.41135138 -10.2309182889999,15.411720272 -10.2312395169999,15.411882076 -10.2314179759999,15.412010567 -10.2314274939999,15.4122389950001 -10.231513155,15.4127244050001 -10.231394182,15.412805307 -10.2312228599999,15.4133287880001 -10.2312894849999,15.414489965 -10.232260305,15.4156511420001 -10.2344537779999,15.41588604 -10.2444531689999,15.4194558090001 -10.242051745,15.4305107870001 -10.22542564,15.412623781 -10.2251876939999,15.4126475750001 -10.2249229789999,15.412623781 -10.224673136,15.4125880890001 -10.2245720089999,15.4125613200001 -10.2244887279999,15.4126386520001 -10.2240004619999,15.41271075 -10.2238710199999,15.412516586 -10.2237834549999,15.412427118 -10.2236635309999,15.412373818 -10.2236121339999,15.412339554 -10.2235512199999,15.4122824470001 -10.223404645,15.412295772 -10.223355152,15.4122805440001 -10.22331137,15.412248183 -10.2231762169999,15.4122500870001 -10.223004896,15.4122158220001 -10.2228183459999,15.412168233 -10.22255375,15.412082572 -10.222515158,15.412032954</coordinates></LinearRing></outerBoundaryIs></Polygon>
  </Placemark>
  <Placemark id="SE_0001.53">
	<name>90279.0</name>
	<description>6127.0</description>
	<Style><LineStyle><color>ff0000ff</color></LineStyle><PolyStyle><fill>0</fill></PolyStyle></Style>
	<ExtendedData><SchemaData schemaUrl="#SE_0001">
		<SimpleData name="fid">6140.0</SimpleData>
		<SimpleData name="id">01</SimpleData>
		<SimpleData name="objectid">Kayes</SimpleData>
		<SimpleData name="region">17</SimpleData>
		<SimpleData name="lregion">Yelimane</SimpleData>
		<SimpleData name="cercle">1704</SimpleData>
		<SimpleData name="lcercle">Fanga</SimpleData>
		<SimpleData name="commune">RU</SimpleData>
		<SimpleData name="lcommune">0001</SimpleData>
		<SimpleData name="type_com">001</SimpleData>
		<SimpleData name="num_se">827.0</SimpleData>
		<SimpleData name="num_dd">1702.0</SimpleData>
		<SimpleData name="pop_se">1704001.0</SimpleData>
		<SimpleData name="idzc">17040001.0</SimpleData>
		<SimpleData name="iddd">Accessible</SimpleData>
		<SimpleData name="idse">SE Sedentaire</SimpleData>
		<SimpleData name="resultat_c">Commune Sedentaire</SimpleData>
		<SimpleData name="statut_se">CAPI</SimpleData>
		<SimpleData name="mode_vie_c">Oui</SimpleData>
		<SimpleData name="statut_col">Non</SimpleData>
		<SimpleData name="emprise">CAPI</SimpleData>
		<SimpleData name="affiche_in">Carto RGPH5 2019-2020</SimpleData>
		<SimpleData name="date_modif">0.0028729907</SimpleData>
	</SchemaData></ExtendedData>
      <Polygon><outerBoundaryIs><LinearRing><coordinates>-10.416752877,15.0037869650001 -10.416671976,15.003751273 -10.416322195,15.003765549 -10.4160426079999,15.0037852990001 -10.415779916,15.00379672 -10.415599077,15.0038262260001 -10.415522934,15.0038405020001 -10.415279277,15.003820515 -10.4152212179999,15.003803383 -10.4149004669999,15.003778636 -10.4141818699999,15.0037624560001 -10.4136172039999,15.003795412 -10.413780544,14.9971111090001 -10.414235757,14.993839972 -10.415144955,14.987306517 -10.4204088769999,14.920899295 -10.442040914,14.8575417440001 -10.444415282,14.853275234 -10.4445035059999,14.8533024320001 -10.453560717,14.8560946760001 -10.4523199509999,14.8640452700001 -10.4522124609999,14.864734045 -10.452206342,14.8647732520001 -10.451727622,14.867840802 -10.4515247419999,14.86914082 -10.45150777,14.8692495720001 -10.4514230089999,14.869792702 -10.451126915,14.871690019 -10.450419838,14.876220839 -10.450304774,14.876958147 -10.446287055,14.902702941 -10.4458475939999,14.905518929 -10.4421923519999,14.928941041 -10.437608402,14.9583141370001 -10.4318616539999,14.9951382240001 -10.4338688129999,14.998289142 -10.4369379189999,15.003107147 -10.4373770779999,15.003796557 -10.4375821259999,15.004118449 -10.43885353,15.006114349 -10.4387635369999,15.00678958 -10.4387602909999,15.006813939 -10.438569999,15.0082417290001 -10.4177403539999,15.006390293 -10.4177201279999,15.0054228440001 -10.417418707,15.0051869100001 -10.4173203789999,15.0051099450001 -10.41727279,15.0049326750001 -10.417256133,15.0043984860001 -10.4174345929999,15.004348517 -10.4176404159999,15.00424858 -10.417620191,15.0038857120001 -10.417256133,15.0038738150001 -10.416834969,15.0038393130001 -10.416752877,15.0037869650001</coordinates></LinearRing></outerBoundaryIs></Polygon>
  </Placemark>
  <Placemark id="SE_0001.54">
	<name>90290.0</name>
	<description>6138.0</description>
	<Style><LineStyle><color>ff0000ff</color></LineStyle><PolyStyle><fill>0</fill></PolyStyle></Style>
	<ExtendedData><SchemaData schemaUrl="#SE_0001">
		<SimpleData name="fid">6151.0</SimpleData>
		<SimpleData name="id">01</SimpleData>
		<SimpleData name="objectid">Kayes</SimpleData>
		<SimpleData name="region">17</SimpleData>
		<SimpleData name="lregion">Yelimane</SimpleData>
		<SimpleData name="cercle">1710</SimpleData>
		<SimpleData name="lcercle">Soumpou</SimpleData>
		<SimpleData name="commune">RU</SimpleData>
		<SimpleData name="lcommune">0001</SimpleData>
		<SimpleData name="type_com">001</SimpleData>
		<SimpleData name="num_se">1093.0</SimpleData>
		<SimpleData name="num_dd">1702.0</SimpleData>
		<SimpleData name="pop_se">1710001.0</SimpleData>
		<SimpleData name="idzc">17100001.0</SimpleData>
		<SimpleData name="iddd">Accessible</SimpleData>
		<SimpleData name="idse">SE Sedentaire</SimpleData>
		<SimpleData name="resultat_c">Commune Sedentaire</SimpleData>
		<SimpleData name="statut_se">CAPI</SimpleData>
		<SimpleData name="mode_vie_c">Oui</SimpleData>
		<SimpleData name="statut_col">Non</SimpleData>
		<SimpleData name="emprise">CAPI</SimpleData>
		<SimpleData name="affiche_in">Carto RGPH5 2019-2020</SimpleData>
		<SimpleData name="date_modif">0.0005828243</SimpleData>
	</SchemaData></ExtendedData>
      <Polygon><outerBoundaryIs><LinearRing><coordinates>-10.479496508,15.036595472 -10.482886349,15.0355668280001 -10.504241378,15.0291945810001 -10.499351152,15.04708285 -10.4989168719999,15.048671429 -10.4536610659999,15.049651596 -10.4656744779999,15.037085038 -10.4737487579999,15.037250686 -10.4749182959999,15.0372746790001 -10.474982,15.037317 -10.4752472939999,15.037330377 -10.47542851,15.037292558 -10.475593553,15.037286244 -10.47577839,15.0372884980001 -10.476047079,15.037367924 -10.4762346709999,15.037377459 -10.4764309449999,15.0373874360001 -10.4765177959999,15.037437405 -10.4765619029999,15.0377297680001 -10.476603456,15.03785738 -10.476791723,15.0377409870001 -10.4769791649999,15.0376282600001 -10.477122171,15.037524515 -10.477607581,15.037404591 -10.4781025089999,15.037344628 -10.479550047,15.036737595 -10.479496508,15.036595472</coordinates></LinearRing></outerBoundaryIs></Polygon>
  </Placemark>
  <Placemark id="SE_0001.55">
	<name>90296.0</name>
	<description>6144.0</description>
	<Style><LineStyle><color>ff0000ff</color></LineStyle><PolyStyle><fill>0</fill></PolyStyle></Style>
	<ExtendedData><SchemaData schemaUrl="#SE_0001">
		<SimpleData name="fid">6157.0</SimpleData>
		<SimpleData name="id">01</SimpleData>
		<SimpleData name="objectid">Kayes</SimpleData>
		<SimpleData name="region">17</SimpleData>
		<SimpleData name="lregion">Yelimane</SimpleData>
		<SimpleData name="cercle">1712</SimpleData>
		<SimpleData name="lcercle">Tringa</SimpleData>
		<SimpleData name="commune">RU</SimpleData>
		<SimpleData name="lcommune">0001</SimpleData>
		<SimpleData name="type_com">001</SimpleData>
		<SimpleData name="num_se">921.0</SimpleData>
		<SimpleData name="num_dd">1702.0</SimpleData>
		<SimpleData name="pop_se">1712001.0</SimpleData>
		<SimpleData name="idzc">17120001.0</SimpleData>
		<SimpleData name="iddd">Accessible</SimpleData>
		<SimpleData name="idse">SE Sedentaire</SimpleData>
		<SimpleData name="resultat_c">Commune Sedentaire</SimpleData>
		<SimpleData name="statut_se">CAPI</SimpleData>
		<SimpleData name="mode_vie_c">Oui</SimpleData>
		<SimpleData name="statut_col">Non</SimpleData>
		<SimpleData name="emprise">CAPI</SimpleData>
		<SimpleData name="affiche_in">Carto RGPH5 2019-2020</SimpleData>
		<SimpleData name="date_modif">0.0026249796</SimpleData>
	</SchemaData></ExtendedData>
      <Polygon><outerBoundaryIs><LinearRing><coordinates>-10.7545835029999,14.645701381 -10.769386444,14.6274950970001 -10.769388777,14.627496261 -10.769388486,14.627492585 -10.769565905,14.6276541 -10.77666578,14.630654475 -10.7779429129999,14.630578588 -10.7779429249999,14.630580266 -10.7779555549999,14.6323777980001 -10.777966422,14.633924388 -10.7782084359999,14.636215233 -10.778499976,14.638974879 -10.7789376599999,14.643117886 -10.7790411079999,14.644097097 -10.7795794059999,14.6491925030001 -10.780399335,14.656953753 -10.780731928,14.660101997 -10.780931929,14.6619951550001 -10.7823532909999,14.675449418 -10.7852172409999,14.702558869 -10.7878677369999,14.7276478270001 -10.7881456809999,14.73027878 -10.7884478419999,14.7331389550001 -10.7882954479999,14.733274276 -10.7704428069999,14.749126791 -10.769398238,14.745985509 -10.76827493,14.7426074360001 -10.7674254409999,14.737802834 -10.7530132869999,14.6562895230001 -10.754496881,14.6511689230001 -10.754260125,14.6509369250001 -10.754176844,14.6508536440001 -10.754095169,14.6506780400001 -10.753906715,14.650360382 -10.7537132649999,14.650095548 -10.7535926269999,14.649974195 -10.7534518369999,14.6498235460001 -10.753369032,14.6496550800001 -10.7532755189999,14.649407378 -10.753255531,14.6491232700001 -10.7532411299999,14.648970634 -10.7531454749999,14.6487522 -10.753065525,14.6485651740001 -10.7531526139999,14.6485394760001 -10.7532968089999,14.648523771 -10.753570447,14.648510446 -10.754045387,14.648524723 -10.754186252,14.6485190120001 -10.7542319369999,14.648038361 -10.7545835029999,14.645701381</coordinates></LinearRing></outerBoundaryIs></Polygon>
  </Placemark>
  <Placemark id="SE_0001.56">
	<name>90339.0</name>
	<description>6187.0</description>
	<Style><LineStyle><color>ff0000ff</color></LineStyle><PolyStyle><fill>0</fill></PolyStyle></Style>
	<ExtendedData><SchemaData schemaUrl="#SE_0001">
		<SimpleData name="fid">6200.0</SimpleData>
		<SimpleData name="id">01</SimpleData>
		<SimpleData name="objectid">Kayes</SimpleData>
		<SimpleData name="region">16</SimpleData>
		<SimpleData name="lregion">Nioro</SimpleData>
		<SimpleData name="cercle">1605</SimpleData>
		<SimpleData name="lcercle">Diaye coura</SimpleData>
		<SimpleData name="commune">RU</SimpleData>
		<SimpleData name="lcommune">0001</SimpleData>
		<SimpleData name="type_com">001</SimpleData>
		<SimpleData name="num_se">1006.0</SimpleData>
		<SimpleData name="num_dd">1608.0</SimpleData>
		<SimpleData name="pop_se">1605001.0</SimpleData>
		<SimpleData name="idzc">16050001.0</SimpleData>
		<SimpleData name="iddd">Accessible</SimpleData>
		<SimpleData name="idse">SE Sedentaire</SimpleData>
		<SimpleData name="resultat_c">Commune Sedentaire</SimpleData>
		<SimpleData name="statut_se">CAPI</SimpleData>
		<SimpleData name="mode_vie_c">Oui</SimpleData>
		<SimpleData name="statut_col">Non</SimpleData>
		<SimpleData name="emprise">CAPI</SimpleData>
		<SimpleData name="affiche_in">Carto RGPH5 2019-2020</SimpleData>
		<SimpleData name="date_modif">0.0007109767</SimpleData>
	</SchemaData></ExtendedData>
      <Polygon><outerBoundaryIs><LinearRing><coordinates>-9.94145911199996,15.192317819 -9.94000148299995,15.190043057 -9.94000040799995,15.19004138 -9.93969659499993,15.1895672540001 -9.96870805999993,15.17945976 -9.97089716399995,15.179269404 -9.97180135899993,15.179888063 -9.97470430099997,15.179935653 -9.97516115799993,15.179907099 -9.97643178999994,15.1796501170001 -9.97720273499993,15.1795216260001 -9.97806291099994,15.179365772 -9.97834844599993,15.1793122340001 -9.97839603499995,15.1792289530001 -9.97848526499996,15.1792230040001 -9.97878864599994,15.1792467990001 -9.97940135699997,15.179336028 -9.98031744999997,15.1795144880001 -9.98070411199996,15.179651307 -9.98109077499993,15.17985951 -9.98135310999993,15.1800808 -9.98160324699995,15.180241602 -9.98159253299997,15.180280774 -9.98153710599996,15.1804834280001 -9.98141575399995,15.1807475480001 -9.98130867799995,15.1809164900001 -9.98146572199994,15.18100215 -9.98161800799994,15.1810211860001 -9.98167511499997,15.1810521190001 -9.98160135199993,15.1813091010001 -9.98150141399998,15.181654123 -9.98147523999995,15.1817754750001 -9.98149113499994,15.1818046000001 -9.98164532399994,15.181827443 -9.98170671399993,15.1818402920001 -9.98172050399995,15.181849974 -9.98177381499994,15.1818874050001 -9.98182806699998,15.182011613 -9.98191087199996,15.1821086950001 -9.98202223099997,15.1822257640001 -9.98220925599998,15.1823356960001 -9.98224637599998,15.1823799540001 -9.98161867399995,15.1836743800001 -9.98078586299994,15.1848343680001 -9.96110008399995,15.212744496 -9.95921661999995,15.210799498 -9.95835658699997,15.209911366 -9.95684526699995,15.208350668 -9.95683320499995,15.2083382120001 -9.95487396899995,15.206314965 -9.95484759299995,15.2062877270001 -9.95385667899995,15.205264438 -9.95385169399998,15.2052592910001 -9.94982740499995,15.201103523 -9.94981528499994,15.2010910070001 -9.94748430299995,15.198683869 -9.94746797099998,15.198667002 -9.94686290099997,15.1980421650001 -9.94685702899994,15.1980361 -9.94273347299998,15.1937778220001 -9.94273170199995,15.193775993 -9.94173189699995,15.192743524 -9.94145911199996,15.192317819</coordinates></LinearRing></outerBoundaryIs></Polygon>
  </Placemark>
  <Placemark id="SE_0001.57">
	<name>90345.0</name>
	<description>6193.0</description>
	<Style><LineStyle><color>ff0000ff</color></LineStyle><PolyStyle><fill>0</fill></PolyStyle></Style>
	<ExtendedData><SchemaData schemaUrl="#SE_0001">
		<SimpleData name="fid">6206.0</SimpleData>
		<SimpleData name="id">01</SimpleData>
		<SimpleData name="objectid">Kayes</SimpleData>
		<SimpleData name="region">16</SimpleData>
		<SimpleData name="lregion">Nioro</SimpleData>
		<SimpleData name="cercle">1606</SimpleData>
		<SimpleData name="lcercle">Gavinane</SimpleData>
		<SimpleData name="commune">RU</SimpleData>
		<SimpleData name="lcommune">0001</SimpleData>
		<SimpleData name="type_com">001</SimpleData>
		<SimpleData name="num_se">936.0</SimpleData>
		<SimpleData name="num_dd">1604.0</SimpleData>
		<SimpleData name="pop_se">1606001.0</SimpleData>
		<SimpleData name="idzc">16060001.0</SimpleData>
		<SimpleData name="iddd">Accessible</SimpleData>
		<SimpleData name="idse">SE Sedentaire</SimpleData>
		<SimpleData name="resultat_c">Commune Sedentaire</SimpleData>
		<SimpleData name="statut_se">CAPI</SimpleData>
		<SimpleData name="mode_vie_c">Non</SimpleData>
		<SimpleData name="statut_col">Non</SimpleData>
		<SimpleData name="emprise">CAPI</SimpleData>
		<SimpleData name="affiche_in">Carto RGPH5 2019-2020</SimpleData>
		<SimpleData name="date_modif">0.0033049595</SimpleData>
	</SchemaData></ExtendedData>
      <Polygon><outerBoundaryIs><LinearRing><coordinates>-9.78000852199995,15.318568617 -9.82932394099993,15.278564832 -9.82937566899994,15.278535735 -9.83029032699994,15.277780917 -9.83313860299995,15.2839062420001 -9.83572902999998,15.289477053 -9.83968094299996,15.297975792 -9.84356771899996,15.3063344490001 -9.84711879599996,15.314673349 -9.84670074899998,15.318499418 -9.84644093799994,15.320877271 -9.84488118799993,15.335152469 -9.84482688999998,15.335649415 -9.84328551299996,15.3497564530001 -9.84225912099993,15.3591502350001 -9.84157738899995,15.365389604 -9.84154004099997,15.3657314230001 -9.84102354199996,15.370458539 -9.84068436599995,15.3715231150001 -9.83744706699997,15.365484307 -9.83673885599995,15.364163219 -9.83607578699997,15.362926342 -9.83517599699996,15.361638408 -9.82849125499996,15.3520700510001 -9.82541343799994,15.350685033 -9.82115054599996,15.3487667320001 -9.81965834099998,15.348095239 -9.81956827599993,15.348054711 -9.81454458699994,15.347091263 -9.81422117499994,15.3470292390001 -9.81394663499998,15.346976587 -9.80781202199995,15.3553461070001 -9.80422710199997,15.359431473 -9.80403990199994,15.3596448050001 -9.80122440299994,15.362853343 -9.79693614699994,15.367740229 -9.79581459099995,15.361311868 -9.79442127199997,15.353325856 -9.79635485199998,15.347482472 -9.79652197099995,15.346977429 -9.79766825999997,15.343513283 -9.79769714699995,15.3434259840001 -9.79748524699994,15.341674346 -9.79742483799993,15.3411749840001 -9.79657549099994,15.3341539890001 -9.79646743799998,15.3332607830001 -9.79616814699995,15.330786738 -9.79499325799998,15.328438594 -9.79311127199998,15.32467724 -9.79303081299997,15.324639728 -9.78449289599996,15.320659273 -9.78000852199995,15.318568617</coordinates></LinearRing></outerBoundaryIs></Polygon>
  </Placemark>
  <Placemark id="SE_0001.58">
	<name>90373.0</name>
	<description>6221.0</description>
	<Style><LineStyle><color>ff0000ff</color></LineStyle><PolyStyle><fill>0</fill></PolyStyle></Style>
	<ExtendedData><SchemaData schemaUrl="#SE_0001">
		<SimpleData name="fid">6234.0</SimpleData>
		<SimpleData name="id">01</SimpleData>
		<SimpleData name="objectid">Kayes</SimpleData>
		<SimpleData name="region">16</SimpleData>
		<SimpleData name="lregion">Nioro</SimpleData>
		<SimpleData name="cercle">1608</SimpleData>
		<SimpleData name="lcercle">Guetema</SimpleData>
		<SimpleData name="commune">RU</SimpleData>
		<SimpleData name="lcommune">0001</SimpleData>
		<SimpleData name="type_com">001</SimpleData>
		<SimpleData name="num_se">965.0</SimpleData>
		<SimpleData name="num_dd">1603.0</SimpleData>
		<SimpleData name="pop_se">1608001.0</SimpleData>
		<SimpleData name="idzc">16080001.0</SimpleData>
		<SimpleData name="iddd">Accessible</SimpleData>
		<SimpleData name="idse">SE Sedentaire</SimpleData>
		<SimpleData name="resultat_c">Commune Sedentaire</SimpleData>
		<SimpleData name="statut_se">CAPI</SimpleData>
		<SimpleData name="mode_vie_c">Non</SimpleData>
		<SimpleData name="statut_col">Non</SimpleData>
		<SimpleData name="emprise">CAPI</SimpleData>
		<SimpleData name="affiche_in">Carto RGPH5 2019-2020</SimpleData>
		<SimpleData name="date_modif">0.0009862406</SimpleData>
	</SchemaData></ExtendedData>
      <Polygon><outerBoundaryIs><LinearRing><coordinates>-9.49261789499997,15.1664496020001 -9.49247526399995,15.1664299440001 -9.48916402899994,15.1659736 -9.48260196999996,15.163408185 -9.47797655999995,15.161599897 -9.47501698099995,15.160442861 -9.46955840399994,15.158308849 -9.45298077899997,15.1530894750001 -9.45327506299998,15.14798094 -9.45331118499996,15.1473538880001 -9.45340279599998,15.145763603 -9.45346414699998,15.144698594 -9.45388977899995,15.1373099750001 -9.46295014799995,15.137070093 -9.46919140399996,15.1369048490001 -9.47581027899997,15.139504099 -9.48931902899994,15.1373098490001 -9.49021103499996,15.136495976 -9.49820821899993,15.129199279 -9.49391825899994,15.166628813 -9.49261789499997,15.1664496020001</coordinates></LinearRing></outerBoundaryIs></Polygon>
  </Placemark>
  <Placemark id="SE_0001.59">
	<name>90389.0</name>
	<description>6237.0</description>
	<Style><LineStyle><color>ff0000ff</color></LineStyle><PolyStyle><fill>0</fill></PolyStyle></Style>
	<ExtendedData><SchemaData schemaUrl="#SE_0001">
		<SimpleData name="fid">6250.0</SimpleData>
		<SimpleData name="id">01</SimpleData>
		<SimpleData name="objectid">Kayes</SimpleData>
		<SimpleData name="region">16</SimpleData>
		<SimpleData name="lregion">Nioro</SimpleData>
		<SimpleData name="cercle">1609</SimpleData>
		<SimpleData name="lcercle">Kadiaba kadiel</SimpleData>
		<SimpleData name="commune">RU</SimpleData>
		<SimpleData name="lcommune">0001</SimpleData>
		<SimpleData name="type_com">001</SimpleData>
		<SimpleData name="num_se">883.0</SimpleData>
		<SimpleData name="num_dd">1603.0</SimpleData>
		<SimpleData name="pop_se">1609001.0</SimpleData>
		<SimpleData name="idzc">16090001.0</SimpleData>
		<SimpleData name="iddd">Accessible</SimpleData>
		<SimpleData name="idse">SE Sedentaire</SimpleData>
		<SimpleData name="resultat_c">Commune Sedentaire</SimpleData>
		<SimpleData name="statut_se">CAPI</SimpleData>
		<SimpleData name="mode_vie_c">Oui</SimpleData>
		<SimpleData name="statut_col">Non</SimpleData>
		<SimpleData name="emprise">CAPI</SimpleData>
		<SimpleData name="affiche_in">Carto RGPH5 2019-2020</SimpleData>
		<SimpleData name="date_modif">0.000888177</SimpleData>
	</SchemaData></ExtendedData>
      <Polygon><outerBoundaryIs><LinearRing><coordinates>-9.68262882699997,15.243348117 -9.68334208699997,15.24065445 -9.68409134999996,15.237824817 -9.68535093799994,15.233067915 -9.68626351599994,15.2319649140001 -9.68903170799996,15.228619101 -9.69466395199993,15.22181161 -9.69674597999995,15.2166065390001 -9.69708667799995,15.2039457400001 -9.69709908299996,15.2034847620001 -9.70323785299996,15.208452176 -9.70734998599994,15.211779661 -9.71174141999995,15.215333152 -9.71752520199993,15.220013314 -9.71877228099993,15.22103271 -9.72834125399993,15.2288546510001 -9.70582823899997,15.2416212690001 -9.70499840199994,15.2419990080001 -9.70367482699993,15.2426741800001 -9.70244642999995,15.243260122 -9.70240776399993,15.243242276 -9.70238807699997,15.2432268590001 -9.70216908699996,15.24305536 -9.70216089499996,15.2430489450001 -9.70186941099996,15.2428288450001 -9.70134295499997,15.2423232100001 -9.70040604299993,15.2416480380001 -9.70038178999994,15.2416293370001 -9.70023339899996,15.241514915 -9.69966543499993,15.241076967 -9.69953159099998,15.241192966 -9.69953849099994,15.2416546700001 -9.69942998799996,15.2418131420001 -9.69941142799996,15.2419601930001 -9.69940286199994,15.2421143820001 -9.69931291799998,15.2421871940001 -9.69926723299994,15.2422385900001 -9.69912874799996,15.242314257 -9.69904023199996,15.242381358 -9.69900739499997,15.242447031 -9.69898312499993,15.242641195 -9.69894172199997,15.242772541 -9.69880038199994,15.242891038 -9.69871329399996,15.2429438620001 -9.69856053299998,15.242953856 -9.69834352599997,15.242949573 -9.69815935599996,15.242949573 -9.69800659399993,15.242928158 -9.69782527899997,15.2428824720001 -9.69773961899995,15.242862485 -9.69768493899994,15.242816799 -9.69728518899996,15.2427061540001 -9.69698537699998,15.2426347700001 -9.69669627299993,15.2425669560001 -9.69632507699993,15.242541971 -9.69632356899996,15.2426821810001 -9.69646676799994,15.242984849 -9.69462656599995,15.2439872480001 -9.69288955999997,15.2439158650001 -9.68256998299995,15.243570344 -9.68262882699997,15.243348117</coordinates></LinearRing></outerBoundaryIs></Polygon>
  </Placemark>
  <Placemark id="SE_0001.60">
	<name>90419.0</name>
	<description>6267.0</description>
	<Style><LineStyle><color>ff0000ff</color></LineStyle><PolyStyle><fill>0</fill></PolyStyle></Style>
	<ExtendedData><SchemaData schemaUrl="#SE_0001">
		<SimpleData name="fid">6280.0</SimpleData>
		<SimpleData name="id">01</SimpleData>
		<SimpleData name="objectid">Kayes</SimpleData>
		<SimpleData name="region">16</SimpleData>
		<SimpleData name="lregion">Nioro</SimpleData>
		<SimpleData name="cercle">1616</SimpleData>
		<SimpleData name="lcercle">Youri</SimpleData>
		<SimpleData name="commune">RU</SimpleData>
		<SimpleData name="lcommune">0001</SimpleData>
		<SimpleData name="type_com">001</SimpleData>
		<SimpleData name="num_se">527.0</SimpleData>
		<SimpleData name="num_dd">1609.0</SimpleData>
		<SimpleData name="pop_se">1616001.0</SimpleData>
		<SimpleData name="idzc">16160001.0</SimpleData>
		<SimpleData name="iddd">Accessible</SimpleData>
		<SimpleData name="idse">SE Sedentaire</SimpleData>
		<SimpleData name="resultat_c">Commune Sedentaire</SimpleData>
		<SimpleData name="statut_se">CAPI</SimpleData>
		<SimpleData name="mode_vie_c">Oui</SimpleData>
		<SimpleData name="statut_col">Non</SimpleData>
		<SimpleData name="emprise">CAPI</SimpleData>
		<SimpleData name="affiche_in">Carto RGPH5 2019-2020</SimpleData>
		<SimpleData name="date_modif">0.0002476469</SimpleData>
	</SchemaData></ExtendedData>
      <Polygon><outerBoundaryIs><LinearRing><coordinates>-9.80369263999995,15.14272075 -9.80385749399994,15.141165729 -9.80388632299997,15.1408937910001 -9.80403939899998,15.139449868 -9.80417764699996,15.138145815 -9.80548334999997,15.12582948 -9.80702999899995,15.1152408780001 -9.80719180299997,15.1132825820001 -9.80725128899996,15.1127828950001 -9.80734646799993,15.112423596 -9.80739643599998,15.112197548 -9.80740833399994,15.1120571590001 -9.80746544099998,15.111945325 -9.80756775699996,15.111695481 -9.80766293599993,15.111493227 -9.80773907899993,15.1113314240001 -9.80777477099997,15.1112890690001 -9.80783378099994,15.111144398 -9.80795180199993,15.11104922 -9.80805078799995,15.110912163 -9.80813264199998,15.11083602 -9.80825637299995,15.1106951560001 -9.80853619799996,15.1105828450001 -9.80867706199996,15.110421042 -9.80871513399995,15.110658433 -9.80874011799995,15.1108297540001 -9.80891500799993,15.111015352 -9.80907701399997,15.1110717450001 -9.80926403999996,15.1111131480001 -9.80945820399995,15.1111674000001 -9.80968234899996,15.11124735 -9.80983510999994,15.1112773310001 -9.80997930599995,15.1112858970001 -9.81008067099998,15.111287325 -9.81027911799993,15.111287325 -9.81040332499998,15.11129018 -9.81058035699994,15.1112773310001 -9.81084162199994,15.111261626 -9.81132274899994,15.111227362 -9.81149326699995,15.1111908670001 -9.81143044999993,15.1109153260001 -9.81136905899996,15.110755426 -9.81144329899996,15.1106868970001 -9.81162604099995,15.110571255 -9.81182877099997,15.1104242050001 -9.81202461699996,15.110266677 -9.812041,15.110288385 -9.81210952799995,15.110419731 -9.81227133199997,15.110678616 -9.81234176399994,15.1107871200001 -9.81242932799995,15.110880395 -9.81258542099994,15.111026968 -9.81279861999997,15.111230651 -9.81282336699996,15.1113010830001 -9.81285159399994,15.111476388 -9.81285953499997,15.111525704 -9.81290902699993,15.1119920790001 -9.81294329199994,15.112191953 -9.81295534399993,15.1125245310001 -9.81299595999997,15.1136453600001 -9.81309554699993,15.116393535 -9.81312452799995,15.1171932890001 -9.81315341499993,15.11799045 -9.81321100299994,15.119579634 -9.81321841799996,15.1197842670001 -9.81322478499993,15.119959969 -9.81326291699997,15.1210122570001 -9.81349616099993,15.127448809 -9.81370103299997,15.133102407 -9.81379518499995,15.135700598 -9.81380330199994,15.135924593 -9.81383749899993,15.136868286 -9.81386659999993,15.137671342 -9.81387500899996,15.1379034010001 -9.81379930499997,15.1384932600001 -9.81080064699995,15.143109037 -9.80369263999995,15.14272075</coordinates></LinearRing></outerBoundaryIs></Polygon>
  </Placemark>
  <Placemark id="SE_0001.61">
	<name>90426.0</name>
	<description>6274.0</description>
	<Style><LineStyle><color>ff0000ff</color></LineStyle><PolyStyle><fill>0</fill></PolyStyle></Style>
	<ExtendedData><SchemaData schemaUrl="#SE_0001">
		<SimpleData name="fid">6287.0</SimpleData>
		<SimpleData name="id">01</SimpleData>
		<SimpleData name="objectid">Kayes</SimpleData>
		<SimpleData name="region">16</SimpleData>
		<SimpleData name="lregion">Nioro</SimpleData>
		<SimpleData name="cercle">1611</SimpleData>
		<SimpleData name="lcercle">Nioro Tougoune Rangabe</SimpleData>
		<SimpleData name="commune">RU</SimpleData>
		<SimpleData name="lcommune">0001</SimpleData>
		<SimpleData name="type_com">001</SimpleData>
		<SimpleData name="num_se">609.0</SimpleData>
		<SimpleData name="num_dd">1604.0</SimpleData>
		<SimpleData name="pop_se">1611001.0</SimpleData>
		<SimpleData name="idzc">16110001.0</SimpleData>
		<SimpleData name="iddd">Accessible</SimpleData>
		<SimpleData name="idse">SE Sedentaire</SimpleData>
		<SimpleData name="resultat_c">Commune Sedentaire</SimpleData>
		<SimpleData name="statut_se">CAPI</SimpleData>
		<SimpleData name="mode_vie_c">Oui</SimpleData>
		<SimpleData name="statut_col">Non</SimpleData>
		<SimpleData name="emprise">CAPI</SimpleData>
		<SimpleData name="affiche_in">Carto RGPH5 2019-2020</SimpleData>
		<SimpleData name="date_modif">0.0003039265</SimpleData>
	</SchemaData></ExtendedData>
      <Polygon><outerBoundaryIs><LinearRing><coordinates>-9.64579187399994,15.261168823 -9.64583636999993,15.261029244 -9.64589163699998,15.2610492430001 -9.64597789199996,15.261190702 -9.64599687499998,15.261221834 -9.64603011999998,15.261276357 -9.64605082199995,15.261310307 -9.64606049499997,15.261326173 -9.64632115399996,15.261753653 -9.64652060699996,15.2620807550001 -9.64682774499994,15.2625844610001 -9.64834858199993,15.2650786340001 -9.65034222499997,15.269936386 -9.65258760399996,15.27540752 -9.65294675299998,15.276282629 -9.65322552599997,15.2769618930001 -9.64002213099997,15.275172836 -9.62674630699996,15.271641016 -9.62662634699996,15.2716226790001 -9.62626928799995,15.2706508150001 -9.62628006899996,15.270623862 -9.62621622799998,15.2705063940001 -9.62610160999998,15.2702954960001 -9.62603260599997,15.2701194160001 -9.62595646299997,15.2700908620001 -9.62588269999998,15.269986166 -9.62580679999996,15.2698767810001 -9.62563999399993,15.2696363850001 -9.62555302399994,15.269460399 -9.62554735299994,15.2694489240001 -9.62543773999994,15.2692271180001 -9.62550158599993,15.269191031 -9.62560192299998,15.269134319 -9.62573041399997,15.2690320020001 -9.62586842299993,15.2689415830001 -9.62585176699997,15.268853543 -9.62584344299995,15.2688082240001 -9.62583035099993,15.2687369490001 -9.62579227999993,15.2686774630001 -9.62574706999993,15.268627494 -9.62566854799996,15.268541833 -9.62547224199994,15.2682622470001 -9.62533542299997,15.2680540440001 -9.62528783399995,15.2676019460001 -9.62521050199996,15.2672688220001 -9.62496660699998,15.2669178510001 -9.62468107199993,15.266721546 -9.62446097199995,15.266447908 -9.62440465799995,15.266324017 -9.62434199899997,15.2661861670001 -9.62421414399995,15.2658680170001 -9.62408620599996,15.265549661 -9.62384231199997,15.2649428990001 -9.62374164499994,15.264784348 -9.62368801999997,15.264699889 -9.62363145899997,15.2646108050001 -9.62360436599994,15.2645681330001 -9.62322365199998,15.263765065 -9.62294406499996,15.263253481 -9.62283098299997,15.263190766 -9.62280524999994,15.263176495 -9.62280093899994,15.263174104 -9.62397022799996,15.263084898 -9.62599419999998,15.262930485 -9.62767668399994,15.2628021260001 -9.63000260299998,15.2626246770001 -9.63004518599996,15.262621429 -9.63149373899995,15.2625109160001 -9.63246002799997,15.2624371950001 -9.63285795999997,15.262406836 -9.63585007599994,15.262178562 -9.63761093399995,15.262044223 -9.64083877099995,15.2617979660001 -9.64085675399997,15.261796594 -9.64137378499993,15.2617571500001 -9.64138780599995,15.261756081 -9.64301230999996,15.261632144 -9.64454171699998,15.261515463 -9.64490293599994,15.261487905 -9.64542514899995,15.261448064 -9.64564781999997,15.2614310770001 -9.64570977899996,15.261426349 -9.64577741499994,15.2612141810001 -9.64579187399994,15.261168823</coordinates></LinearRing></outerBoundaryIs></Polygon>
  </Placemark>
  <Placemark id="SE_0001.62">
	<name>90451.0</name>
	<description>6299.0</description>
	<Style><LineStyle><color>ff0000ff</color></LineStyle><PolyStyle><fill>0</fill></PolyStyle></Style>
	<ExtendedData><SchemaData schemaUrl="#SE_0001">
		<SimpleData name="fid">6312.0</SimpleData>
		<SimpleData name="id">01</SimpleData>
		<SimpleData name="objectid">Kayes</SimpleData>
		<SimpleData name="region">16</SimpleData>
		<SimpleData name="lregion">Nioro</SimpleData>
		<SimpleData name="cercle">1615</SimpleData>
		<SimpleData name="lcercle">Yerere</SimpleData>
		<SimpleData name="commune">RU</SimpleData>
		<SimpleData name="lcommune">0001</SimpleData>
		<SimpleData name="type_com">001</SimpleData>
		<SimpleData name="num_se">1082.0</SimpleData>
		<SimpleData name="num_dd">1606.0</SimpleData>
		<SimpleData name="pop_se">1615001.0</SimpleData>
		<SimpleData name="idzc">16150001.0</SimpleData>
		<SimpleData name="iddd">Accessible</SimpleData>
		<SimpleData name="idse">SE Sedentaire</SimpleData>
		<SimpleData name="resultat_c">Commune Sedentaire</SimpleData>
		<SimpleData name="statut_se">CAPI</SimpleData>
		<SimpleData name="mode_vie_c">Oui</SimpleData>
		<SimpleData name="statut_col">Non</SimpleData>
		<SimpleData name="emprise">CAPI</SimpleData>
		<SimpleData name="affiche_in">Carto RGPH5 2019-2020</SimpleData>
		<SimpleData name="date_modif">0.0027824701</SimpleData>
	</SchemaData></ExtendedData>
      <Polygon><outerBoundaryIs><LinearRing><coordinates>-9.38142152899997,15.2873982250001 -9.38129552899994,15.2792164750001 -9.37964012699996,15.271423124 -9.37912388999996,15.268992769 -9.41131595599995,15.261163142 -9.41425665599996,15.260447916 -9.41449068799994,15.260390995 -9.41581425799995,15.260014165 -9.41762576099995,15.259498416 -9.41864854399995,15.259235443 -9.41921231399994,15.2590904910001 -9.42002975699995,15.2588803130001 -9.42098628799994,15.258634376 -9.42110760299994,15.258603184 -9.42142677399994,15.2585211210001 -9.42158208399997,15.2584811880001 -9.42169188999998,15.258522839 -9.42241013599994,15.258795278 -9.42324576799996,15.2590599060001 -9.42302862599996,15.2595761750001 -9.42307145599995,15.2601115530001 -9.42382812499994,15.2607254540001 -9.42398462299997,15.2608395120001 -9.42424928899993,15.261032405 -9.42428374399998,15.261034926 -9.42541673499994,15.260972598 -9.42559601599993,15.2616270090001 -9.42559613699996,15.2616270880001 -9.42564937599997,15.2619377820001 -9.42567741499994,15.2621014110001 -9.42571761799996,15.262336029 -9.42637434899996,15.2622655970001 -9.42643906999996,15.2621228290001 -9.42665980499993,15.2619885190001 -9.42678205399994,15.261978287 -9.42690421399993,15.26194853 -9.42692570799994,15.261943294 -9.42696379999995,15.2619340150001 -9.42720174599998,15.2619250920001 -9.42747240999995,15.261871554 -9.42759296099996,15.2618260630001 -9.42763004899996,15.261812068 -9.42791273199998,15.261799105 -9.42798375599995,15.2617958480001 -9.42810570399996,15.2617898990001 -9.42817411299995,15.261867232 -9.42824200899997,15.261946444 -9.42901970399993,15.26194216 -9.42938844999998,15.261956608 -9.42950683099997,15.2619612460001 -9.43383246099995,15.2621307320001 -9.45800187599997,15.268639105 -9.45932213099996,15.299421899 -9.45429795799993,15.299454365 -9.44101108299998,15.2995402240001 -9.41835572299993,15.299686625 -9.39514215699995,15.2998366320001 -9.39281610699993,15.299851663 -9.39102563899996,15.2998632330001 -9.39097956099994,15.299863531 -9.38712776299997,15.299888421 -9.38285275899995,15.299916045 -9.38161418199996,15.299924049 -9.38142152899997,15.2873982250001</coordinates></LinearRing></outerBoundaryIs></Polygon>
  </Placemark>
  <Placemark id="SE_0001.63">
	<name>90491.0</name>
	<description>6339.0</description>
	<Style><LineStyle><color>ff0000ff</color></LineStyle><PolyStyle><fill>0</fill></PolyStyle></Style>
	<ExtendedData><SchemaData schemaUrl="#SE_0001">
		<SimpleData name="fid">6356.0</SimpleData>
		<SimpleData name="id">01</SimpleData>
		<SimpleData name="objectid">Kayes</SimpleData>
		<SimpleData name="region">16</SimpleData>
		<SimpleData name="lregion">Nioro</SimpleData>
		<SimpleData name="cercle">1607</SimpleData>
		<SimpleData name="lcercle">Gogui</SimpleData>
		<SimpleData name="commune">RU</SimpleData>
		<SimpleData name="lcommune">0001</SimpleData>
		<SimpleData name="type_com">001</SimpleData>
		<SimpleData name="num_se">843.0</SimpleData>
		<SimpleData name="num_dd">1612.0</SimpleData>
		<SimpleData name="pop_se">1607001.0</SimpleData>
		<SimpleData name="idzc">16070001.0</SimpleData>
		<SimpleData name="iddd">Accessible</SimpleData>
		<SimpleData name="idse">SE Sedentaire</SimpleData>
		<SimpleData name="resultat_c">Commune Sedentaire</SimpleData>
		<SimpleData name="statut_se">CAPI</SimpleData>
		<SimpleData name="mode_vie_c">Oui</SimpleData>
		<SimpleData name="statut_col">Non</SimpleData>
		<SimpleData name="emprise">CAPI</SimpleData>
		<SimpleData name="affiche_in">Carto RGPH5 2019-2020</SimpleData>
		<SimpleData name="date_modif">0.0001155281</SimpleData>
	</SchemaData></ExtendedData>
      <Polygon><outerBoundaryIs><LinearRing><coordinates>-9.32648685699996,15.696983948 -9.32770997399996,15.691798658 -9.32822869699993,15.6896166920001 -9.32840715599997,15.6886411130001 -9.32850233499994,15.688248502 -9.32872643899998,15.687413269 -9.32871406599997,15.6874032750001 -9.32871739699993,15.687326657 -9.32875737199993,15.687242424 -9.32876974499993,15.6871938830001 -9.32880353399997,15.687099656 -9.32884493599994,15.686946419 -9.32886444799993,15.686878366 -9.32886682699996,15.686810789 -9.32886301999997,15.686676112 -9.32884588799993,15.6865676080001 -9.32883541799993,15.6865181160001 -9.32881685899997,15.6863401320001 -9.32879972599994,15.686248285 -9.32879782299995,15.686121697 -9.32879401599996,15.6860465070001 -9.32879306399997,15.6859889240001 -9.32880305799995,15.685889462 -9.32880971999998,15.685831879 -9.32880496099995,15.685701485 -9.32879163599995,15.6856329560001 -9.32877497999993,15.685564904 -9.32876593799995,15.6854478340001 -9.32877212499994,15.685348849 -9.32878021499994,15.685124703 -9.32877878699998,15.6850447530001 -9.32876308299996,15.6850142960001 -9.32875546799994,15.684985743 -9.32873881199993,15.684955286 -9.32873119099997,15.6849443990001 -9.32891610199994,15.6848674840001 -9.32895595799994,15.684933514 -9.32896904499995,15.6849522520001 -9.32898302399997,15.6849772360001 -9.32899343399993,15.685009359 -9.32905232599995,15.6850878810001 -9.32906511599998,15.685122978 -9.32908861299995,15.685149747 -9.32911954599996,15.68518306 -9.32915107399998,15.685232136 -9.32917427299998,15.6852624740001 -9.32919152499994,15.6852928120001 -9.32921174999996,15.6853228530001 -9.32923227299995,15.6853415910001 -9.32927599499993,15.685407324 -9.32929800499994,15.6854281440001 -9.32931882599996,15.685456995 -9.32933786099994,15.685479005 -9.32934916399995,15.6854989330001 -9.32937206599996,15.685536707 -9.32940329699994,15.6855453330001 -9.32946813699994,15.685564071 -9.32951423899993,15.6855762660001 -9.32955468999995,15.6855875680001 -9.32958175599993,15.685597086 -9.32962726299996,15.685606604 -9.32963737599994,15.685615824 -9.32965926699995,15.685631529 -9.32968591699995,15.685638667 -9.32972779599993,15.6856453290001 -9.32976919799995,15.6856762620001 -9.32980964899997,15.6857019610001 -9.32989102699997,15.6857419360001 -9.32990339999998,15.6857709650001 -9.32991624899995,15.685824741 -9.32992005599993,15.6858509150001 -9.32992909799998,15.6858818480001 -9.32993385699996,15.6859218230001 -9.32994480199994,15.686001773 -9.32994908499995,15.686048886 -9.32994813399995,15.686118842 -9.32994193099995,15.686122491 -9.32993195299997,15.6861283600001 -9.32991196599994,15.6861397810001 -9.32989435799993,15.686153582 -9.32989721299998,15.6862035510001 -9.32989673699996,15.686246381 -9.32989388199996,15.6862777900001 -9.32988912299993,15.6863196690001 -9.32990339999998,15.6863682100001 -9.32990625499997,15.6863853420001 -9.32992100799993,15.6864115160001 -9.32993004999997,15.686433407 -9.32994147099993,15.686459105 -9.32995336799996,15.6864833760001 -9.32996502799995,15.686503601 -9.32997644899996,15.686537865 -9.32998787099996,15.6865721290001 -9.32999857799996,15.6866199570001 -9.33003070099994,15.6867405950001 -9.33003855299995,15.6867734320001 -9.33005425799996,15.686819831 -9.33007781399994,15.6869104890001 -9.33009423299995,15.686974734 -9.33011421999993,15.6870318410001 -9.33014205999996,15.687121785 -9.33016061899997,15.687201735 -9.33017917899997,15.687249562 -9.33018548899997,15.6872869380001 -9.33029285799995,15.6872385030001 -9.33039160599998,15.687201622 -9.33047488699998,15.687172473 -9.33055876299994,15.687143325 -9.33063312099995,15.6871320230001 -9.33069974599994,15.687125479 -9.33078183699996,15.6871171510001 -9.33085441099996,15.6871088230001 -9.33095256399997,15.687092761 -9.33101918899996,15.6870844330001 -9.33108819299997,15.687067777 -9.33115481799996,15.6870445770001 -9.33122739099997,15.687029706 -9.33131126699993,15.687004127 -9.33136539999998,15.6870124550001 -9.33141060999998,15.686997583 -9.33144035299995,15.686990445 -9.33152720299995,15.68696784 -9.33157895699998,15.6869529680001 -9.33162000199997,15.6869380970001 -9.33167294499998,15.6869256040001 -9.33170863699996,15.686919656 -9.33180976399996,15.6868803950001 -9.33186746599995,15.68685779 -9.33189661499995,15.6868441080001 -9.33192159899994,15.6868334000001 -9.33198346499995,15.6868096060001 -9.33202451099993,15.6868048470001 -9.33206198699997,15.6868060360001 -9.33212801699995,15.686806631 -9.33218988299996,15.686803062 -9.33225174899997,15.686801872 -9.33232372799995,15.6868006830001 -9.33238737899995,15.686803062 -9.33243675199998,15.6868137700001 -9.33256167399998,15.6868048470001 -9.33267469799995,15.686801277 -9.33273894399997,15.686807226 -9.33280973299998,15.686807226 -9.33285137299993,15.6868096060001 -9.33294072199993,15.686797589 -9.33299907599996,15.6867597680001 -9.33325840399993,15.6868088900001 -9.33349396999995,15.686818408 -9.33377292699993,15.6868519670001 -9.33377167299994,15.6868287070001 -9.33375501699993,15.686726391 -9.33372765299993,15.6866145560001 -9.33370298599993,15.686518505 -9.33365349299993,15.686303402 -9.33360590399997,15.686143502 -9.33361030599997,15.685931254 -9.33441932299996,15.685580284 -9.33567448799994,15.685711154 -9.33591838299998,15.68577064 -9.33656678599993,15.6858420240001 -9.34169259799995,15.6894489760001 -9.33766385499996,15.6929093410001 -9.33076127799995,15.698838101 -9.32648685699996,15.696983948</coordinates></LinearRing></outerBoundaryIs></Polygon>
  </Placemark>
  <Placemark id="SE_0001.64">
	<name>90498.0</name>
	<description>6346.0</description>
	<Style><LineStyle><color>ff0000ff</color></LineStyle><PolyStyle><fill>0</fill></PolyStyle></Style>
	<ExtendedData><SchemaData schemaUrl="#SE_0001">
		<SimpleData name="fid">6363.0</SimpleData>
		<SimpleData name="id">01</SimpleData>
		<SimpleData name="objectid">Kayes</SimpleData>
		<SimpleData name="region">16</SimpleData>
		<SimpleData name="lregion">Nioro</SimpleData>
		<SimpleData name="cercle">1604</SimpleData>
		<SimpleData name="lcercle">Diarra</SimpleData>
		<SimpleData name="commune">RU</SimpleData>
		<SimpleData name="lcommune">0001</SimpleData>
		<SimpleData name="type_com">001</SimpleData>
		<SimpleData name="num_se">865.0</SimpleData>
		<SimpleData name="num_dd">1611.0</SimpleData>
		<SimpleData name="pop_se">1604001.0</SimpleData>
		<SimpleData name="idzc">16040001.0</SimpleData>
		<SimpleData name="iddd">Accessible</SimpleData>
		<SimpleData name="idse">SE Sedentaire</SimpleData>
		<SimpleData name="resultat_c">Commune Sedentaire</SimpleData>
		<SimpleData name="statut_se">CAPI</SimpleData>
		<SimpleData name="mode_vie_c">Oui</SimpleData>
		<SimpleData name="statut_col">Non</SimpleData>
		<SimpleData name="emprise">CAPI</SimpleData>
		<SimpleData name="affiche_in">Carto RGPH5 2019-2020</SimpleData>
		<SimpleData name="date_modif">4.21491e-05</SimpleData>
	</SchemaData></ExtendedData>
      <Polygon><outerBoundaryIs><LinearRing><coordinates>-9.31446196299993,15.3225361900001 -9.31267160799996,15.3170131200001 -9.31650614799997,15.3174414690001 -9.31681666799994,15.3174771610001 -9.31694991799998,15.3175693650001 -9.31708019299998,15.3175895910001 -9.31718726899993,15.317601488 -9.31734133899994,15.317606842 -9.31746070799994,15.317598117 -9.31778423599997,15.317540217 -9.31798292099995,15.31752356 -9.31812449899996,15.3175295090001 -9.31823752299994,15.3175425960001 -9.31833270199996,15.3175425960001 -9.31847761099993,15.3175006380001 -9.31871936399995,15.317434013 -9.31893065999998,15.31740546 -9.31903618899997,15.317631985 -9.31907330899998,15.3176883780001 -9.31934724399997,15.3178833150001 -9.31953046299998,15.317999909 -9.31964110799993,15.318058206 -9.31980945499993,15.3181468400001 -9.31990225399994,15.3183062640001 -9.31997601699993,15.3185418310001 -9.32004026199996,15.3188297460001 -9.32006266899998,15.319003927 -9.32010331799995,15.3193199150001 -9.32011361799994,15.3194872930001 -9.32011759499994,15.3195519120001 -9.32005691899997,15.319855293 -9.31994270399997,15.3201551060001 -9.31979993699997,15.3204470650001 -9.31963575399993,15.3207897080001 -9.31923124599996,15.32245771 -9.31881721899998,15.323174404 -9.31590453199993,15.3269863740001 -9.31446196299993,15.3225361900001</coordinates></LinearRing></outerBoundaryIs></Polygon>
  </Placemark>
  <Placemark id="SE_0001.65">
	<name>90512.0</name>
	<description>6360.0</description>
	<Style><LineStyle><color>ff0000ff</color></LineStyle><PolyStyle><fill>0</fill></PolyStyle></Style>
	<ExtendedData><SchemaData schemaUrl="#SE_0001">
		<SimpleData name="fid">6377.0</SimpleData>
		<SimpleData name="id">01</SimpleData>
		<SimpleData name="objectid">Kayes</SimpleData>
		<SimpleData name="region">16</SimpleData>
		<SimpleData name="lregion">Nioro</SimpleData>
		<SimpleData name="cercle">1603</SimpleData>
		<SimpleData name="lcercle">Diabigue</SimpleData>
		<SimpleData name="commune">RU</SimpleData>
		<SimpleData name="lcommune">0001</SimpleData>
		<SimpleData name="type_com">001</SimpleData>
		<SimpleData name="num_se">925.0</SimpleData>
		<SimpleData name="num_dd">1611.0</SimpleData>
		<SimpleData name="pop_se">1603001.0</SimpleData>
		<SimpleData name="idzc">16030001.0</SimpleData>
		<SimpleData name="iddd">Accessible</SimpleData>
		<SimpleData name="idse">SE Sedentaire</SimpleData>
		<SimpleData name="resultat_c">Commune Sedentaire</SimpleData>
		<SimpleData name="statut_se">CAPI</SimpleData>
		<SimpleData name="mode_vie_c">Oui</SimpleData>
		<SimpleData name="statut_col">Non</SimpleData>
		<SimpleData name="emprise">CAPI</SimpleData>
		<SimpleData name="affiche_in">Carto RGPH5 2019-2020</SimpleData>
		<SimpleData name="date_modif">0.0004108602</SimpleData>
	</SchemaData></ExtendedData>
      <Polygon><outerBoundaryIs><LinearRing><coordinates>-9.32248344599998,15.153338854 -9.32266701799995,15.153127398 -9.32256707999994,15.152534912 -9.32386039799997,15.1476891 -9.32880437299997,15.1523083710001 -9.33719252799995,15.1601456180001 -9.35110178599996,15.1731413590001 -9.33764790599997,15.1735539910001 -9.32112681599995,15.174060695 -9.32168727399994,15.15678689 -9.32166014899997,15.1566412670001 -9.32171654199993,15.1564321120001 -9.32173890899998,15.156394993 -9.32175247199996,15.156324323 -9.32176079999994,15.1562669780001 -9.32176865199995,15.1562298580001 -9.32178292899994,15.1561698960001 -9.32180172699998,15.156095894 -9.32182242799996,15.1559909600001 -9.32185597799997,15.155941705 -9.32192022399994,15.155917435 -9.32197233399995,15.1558710350001 -9.32204514499995,15.155836057 -9.32205787499993,15.1557701460001 -9.32204121899997,15.1556398710001 -9.32200969099995,15.155582764 -9.32195793799997,15.1555399330001 -9.32191689199993,15.1554846110001 -9.32181338599997,15.1553430330001 -9.32174795099996,15.1552960390001 -9.32168132599998,15.1552597520001 -9.32164503899997,15.1551961010001 -9.32155937799996,15.155030729 -9.32154510199996,15.154943878 -9.32156485099995,15.1548299020001 -9.32158674199997,15.154749 -9.32161006099994,15.154691417 -9.32168620399995,15.1546581050001 -9.32177709899997,15.1546271720001 -9.32185704899996,15.1546048050001 -9.32190321099995,15.1546147990001 -9.32196888399994,15.1546395450001 -9.32201599699994,15.154642876 -9.32206644199994,15.1546509670001 -9.32211403099996,15.154642401 -9.32219683599993,15.1545900520001 -9.32227012299995,15.15454627 -9.32241479499993,15.154418731 -9.32249379299998,15.1542940480001 -9.32251282799996,15.1541284370001 -9.32250711799998,15.1540227890001 -9.32251377999995,15.153866696 -9.32246999799997,15.153874311 -9.32238148199997,15.153860034 -9.32235007299994,15.153797216 -9.32233508299993,15.1535878230001 -9.32238505099997,15.1534521940001 -9.32248344599998,15.153338854</coordinates></LinearRing></outerBoundaryIs></Polygon>
  </Placemark>
  <Placemark id="SE_0001.66">
	<name>90535.0</name>
	<description>6383.0</description>
	<Style><LineStyle><color>ff0000ff</color></LineStyle><PolyStyle><fill>0</fill></PolyStyle></Style>
	<ExtendedData><SchemaData schemaUrl="#SE_0001">
		<SimpleData name="fid">6400.0</SimpleData>
		<SimpleData name="id">01</SimpleData>
		<SimpleData name="objectid">Kayes</SimpleData>
		<SimpleData name="region">16</SimpleData>
		<SimpleData name="lregion">Nioro</SimpleData>
		<SimpleData name="cercle">1602</SimpleData>
		<SimpleData name="lcercle">Baniere kore</SimpleData>
		<SimpleData name="commune">RU</SimpleData>
		<SimpleData name="lcommune">0001</SimpleData>
		<SimpleData name="type_com">001</SimpleData>
		<SimpleData name="num_se">781.0</SimpleData>
		<SimpleData name="num_dd">1610.0</SimpleData>
		<SimpleData name="pop_se">1602001.0</SimpleData>
		<SimpleData name="idzc">16020001.0</SimpleData>
		<SimpleData name="iddd">Accessible</SimpleData>
		<SimpleData name="idse">SE Sedentaire</SimpleData>
		<SimpleData name="resultat_c">Commune Sedentaire</SimpleData>
		<SimpleData name="statut_se">CAPI</SimpleData>
		<SimpleData name="mode_vie_c">Oui</SimpleData>
		<SimpleData name="statut_col">Non</SimpleData>
		<SimpleData name="emprise">CAPI</SimpleData>
		<SimpleData name="affiche_in">Carto RGPH5 2019-2020</SimpleData>
		<SimpleData name="date_modif">0.0012115652</SimpleData>
	</SchemaData></ExtendedData>
      <Polygon><outerBoundaryIs><LinearRing><coordinates>-9.15233548299994,15.2065241980001 -9.14950069899993,15.2057346440001 -9.14919607699994,15.205730789 -9.11150329999998,15.2052537660001 -9.10988914599994,15.196710163 -9.12482490299993,15.18482385 -9.12485256899993,15.184810854 -9.13507877099994,15.180007029 -9.13856952799995,15.178367225 -9.14459067899998,15.175630997 -9.145317,15.185163963 -9.14539610799994,15.186202259 -9.14605484499998,15.1904252320001 -9.17771227099996,15.191905494 -9.17529181999993,15.1968365990001 -9.17520997499997,15.200933128 -9.17506973799993,15.207952305 -9.15711497399997,15.206848231 -9.15431672799997,15.206657874 -9.15233701699998,15.206524625 -9.15233548299994,15.2065241980001</coordinates></LinearRing></outerBoundaryIs></Polygon>
  </Placemark>
  <Placemark id="SE_0001.67">
	<name>90537.0</name>
	<description>6385.0</description>
	<Style><LineStyle><color>ff0000ff</color></LineStyle><PolyStyle><fill>0</fill></PolyStyle></Style>
	<ExtendedData><SchemaData schemaUrl="#SE_0001">
		<SimpleData name="fid">6402.0</SimpleData>
		<SimpleData name="id">01</SimpleData>
		<SimpleData name="objectid">Kayes</SimpleData>
		<SimpleData name="region">16</SimpleData>
		<SimpleData name="lregion">Nioro</SimpleData>
		<SimpleData name="cercle">1614</SimpleData>
		<SimpleData name="lcercle">Troungoumbe</SimpleData>
		<SimpleData name="commune">RU</SimpleData>
		<SimpleData name="lcommune">0001</SimpleData>
		<SimpleData name="type_com">001</SimpleData>
		<SimpleData name="num_se">986.0</SimpleData>
		<SimpleData name="num_dd">1610.0</SimpleData>
		<SimpleData name="pop_se">1614001.0</SimpleData>
		<SimpleData name="idzc">16140001.0</SimpleData>
		<SimpleData name="iddd">Accessible</SimpleData>
		<SimpleData name="idse">SE Sedentaire</SimpleData>
		<SimpleData name="resultat_c">Commune Sedentaire</SimpleData>
		<SimpleData name="statut_se">CAPI</SimpleData>
		<SimpleData name="mode_vie_c">Oui</SimpleData>
		<SimpleData name="statut_col">Non</SimpleData>
		<SimpleData name="emprise">CAPI</SimpleData>
		<SimpleData name="affiche_in">Carto RGPH5 2019-2020</SimpleData>
		<SimpleData name="date_modif">0.0008139463</SimpleData>
	</SchemaData></ExtendedData>
      <Polygon><outerBoundaryIs><LinearRing><coordinates>-9.23706855799998,15.270077311 -9.23601207699994,15.2693254010001 -9.23488897199996,15.2695919010001 -9.23453681099994,15.269601419 -9.23426604599996,15.2693520010001 -9.23423490599993,15.268984994 -9.23414448699998,15.2684805490001 -9.23414120299998,15.2684316520001 -9.23410165599995,15.267842853 -9.23411957799993,15.2677863980001 -9.23413937899994,15.2677240260001 -9.23419683499998,15.2675430410001 -9.23408169199996,15.2673091570001 -9.23404454899998,15.2672337110001 -9.23401123699995,15.266986247 -9.23398179799995,15.2666795170001 -9.23398063999997,15.266667452 -9.23398010999995,15.266661933 -9.23431293199997,15.266615959 -9.23447761599994,15.2666000720001 -9.23447523199997,15.266580946 -9.23446097699997,15.266461991 -9.23445979599995,15.266452133 -9.23432563399996,15.265332578 -9.23426821899994,15.2648534570001 -9.23414076599994,15.264806535 -9.23396528099994,15.264583461 -9.23372733499997,15.264175978 -9.23352545299997,15.2637635940001 -9.23343630399995,15.263550717 -9.23346216999994,15.263453719 -9.23341502999995,15.2633193720001 -9.23334914599997,15.2630119780001 -9.23314436699997,15.262317024 -9.23300159899998,15.261882773 -9.23273985799995,15.260954783 -9.23250673799993,15.2597174050001 -9.23224317799998,15.259637976 -9.23207423699995,15.259623699 -9.23181725499995,15.259547556 -9.23150792499996,15.2594761720001 -9.23128901499996,15.259404789 -9.23123390999996,15.259408512 -9.23093685399994,15.259428583 -9.23063059899994,15.2594497040001 -9.23052282799995,15.259457137 -9.22995175699998,15.2594381010001 -9.22987799399993,15.2594071680001 -9.22964956599998,15.259162084 -9.22941875799995,15.2590478700001 -9.22921650399996,15.2589622090001 -9.22910466899998,15.258786129 -9.22919630399997,15.258413687 -9.22922330899996,15.2583039260001 -9.22945180399995,15.257375224 -9.22949873499994,15.2571739380001 -9.22971562899994,15.256243682 -9.22987237799998,15.2557311940001 -9.22997232299997,15.2554044280001 -9.23037162499998,15.25499168 -9.23084223099994,15.254551414 -9.23121301199996,15.254510139 -9.23301220699994,15.253947499 -9.23328082499995,15.2538634970001 -9.23532011699996,15.2536983970001 -9.23582963399997,15.25398045 -9.236469,15.254334387 -9.23792521799993,15.254207459 -9.23879279799996,15.254131838 -9.23932840499998,15.2540851520001 -9.23949484699995,15.254070644 -9.24543437499995,15.2535529350001 -9.25377315299994,15.2528261 -9.26340498999997,15.2484904470001 -9.26512190299997,15.2477176 -9.26576996599994,15.247639453 -9.26603901999994,15.24760701 -9.26578716999995,15.2536955480001 -9.26577121199995,15.25408134 -9.26580867399997,15.255077826 -9.26594520799995,15.2587096410001 -9.26606864399997,15.261993047 -9.26611869599998,15.2634445530001 -9.26634125499993,15.270924731 -9.26654453599997,15.277756977 -9.25142260899997,15.278351505 -9.24072823099993,15.278771959 -9.24022967199994,15.273026653 -9.23766818199994,15.2712575240001 -9.23706855799998,15.270077311</coordinates></LinearRing></outerBoundaryIs></Polygon>
  </Placemark>
  <Placemark id="SE_0001.68">
	<name>90570.0</name>
	<description>6418.0</description>
	<Style><LineStyle><color>ff0000ff</color></LineStyle><PolyStyle><fill>0</fill></PolyStyle></Style>
	<ExtendedData><SchemaData schemaUrl="#SE_0001">
		<SimpleData name="fid">6435.0</SimpleData>
		<SimpleData name="id">01</SimpleData>
		<SimpleData name="objectid">Kayes</SimpleData>
		<SimpleData name="region">16</SimpleData>
		<SimpleData name="lregion">Nioro</SimpleData>
		<SimpleData name="cercle">1610</SimpleData>
		<SimpleData name="lcercle">Korera kore</SimpleData>
		<SimpleData name="commune">RU</SimpleData>
		<SimpleData name="lcommune">0001</SimpleData>
		<SimpleData name="type_com">001</SimpleData>
		<SimpleData name="num_se">1019.0</SimpleData>
		<SimpleData name="num_dd">1613.0</SimpleData>
		<SimpleData name="pop_se">1610001.0</SimpleData>
		<SimpleData name="idzc">16100001.0</SimpleData>
		<SimpleData name="iddd">Accessible</SimpleData>
		<SimpleData name="idse">SE Sedentaire</SimpleData>
		<SimpleData name="resultat_c">Commune Sedentaire</SimpleData>
		<SimpleData name="statut_se">CAPI</SimpleData>
		<SimpleData name="mode_vie_c">Non</SimpleData>
		<SimpleData name="statut_col">Non</SimpleData>
		<SimpleData name="emprise">CAPI</SimpleData>
		<SimpleData name="affiche_in">Carto RGPH5 2019-2020</SimpleData>
		<SimpleData name="date_modif">0.0073845719</SimpleData>
	</SchemaData></ExtendedData>
      <Polygon><outerBoundaryIs><LinearRing><coordinates>-8.88636906299996,15.2698790160001 -8.91396562999995,15.270400996 -8.98865293399996,15.27181368 -8.98865293499995,15.272586179 -8.98865293499995,15.273020049 -8.98865294299998,15.279974758 -8.98865295299993,15.2898495200001 -8.98865295499996,15.2917040740001 -8.98865295699994,15.293215337 -8.98865296199995,15.298225223 -8.98865296399993,15.2998072120001 -8.98865296599996,15.301330068 -8.98865298599998,15.319340229 -8.98865299199997,15.3253380620001 -8.98865300199998,15.334321646 -8.98865300499995,15.3370505340001 -8.98865300699993,15.339258676 -8.98865300799997,15.340011776 -8.98865301899997,15.350595565 -8.98865302799993,15.358539475 -8.98302609699994,15.3557806380001 -8.98260587999994,15.355574609 -8.98081676399994,15.35469742 -8.97927202499994,15.353940047 -8.96932082599994,15.349061057 -8.96797965999997,15.348403493 -8.96296809199993,15.345946364 -8.95624061099994,15.342647936 -8.92885452799993,15.329220766 -8.92786396099996,15.328735099 -8.92398903999998,15.326835257 -8.91955890399993,15.324663199 -8.91448133499995,15.322173708 -8.89283836999994,15.311562343 -8.88148698899994,15.305996855 -8.87827250699996,15.3044208200001 -8.87697004999995,15.3037822360001 -8.86885001999997,15.2998010520001 -8.86784969199994,15.2993106010001 -8.86558694099995,15.298201192 -8.85981278999998,15.295370174 -8.85864434999996,15.294797298 -8.85829557199997,15.2946262950001 -8.85505574699994,15.2930378360001 -8.84930690299996,15.290219225 -8.84892849299996,15.289193342 -8.84490297899993,15.2782800430001 -8.87219909199996,15.2727498510001 -8.87477917199993,15.2722271270001 -8.88636906299996,15.2698790160001</coordinates></LinearRing></outerBoundaryIs></Polygon>
  </Placemark>
  <Placemark id="SE_0001.69">
	<name>90599.0</name>
	<description>6447.0</description>
	<Style><LineStyle><color>ff0000ff</color></LineStyle><PolyStyle><fill>0</fill></PolyStyle></Style>
	<ExtendedData><SchemaData schemaUrl="#SE_0001">
		<SimpleData name="fid">6464.0</SimpleData>
		<SimpleData name="id">01</SimpleData>
		<SimpleData name="objectid">Kayes</SimpleData>
		<SimpleData name="region">13</SimpleData>
		<SimpleData name="lregion">Diema</SimpleData>
		<SimpleData name="cercle">1307</SimpleData>
		<SimpleData name="lcercle">Fassoudebe</SimpleData>
		<SimpleData name="commune">RU</SimpleData>
		<SimpleData name="lcommune">0001</SimpleData>
		<SimpleData name="type_com">001</SimpleData>
		<SimpleData name="num_se">935.0</SimpleData>
		<SimpleData name="num_dd">1303.0</SimpleData>
		<SimpleData name="pop_se">1307001.0</SimpleData>
		<SimpleData name="idzc">13070001.0</SimpleData>
		<SimpleData name="iddd">Accessible</SimpleData>
		<SimpleData name="idse">SE Sedentaire</SimpleData>
		<SimpleData name="resultat_c">Commune Sedentaire</SimpleData>
		<SimpleData name="statut_se">CAPI</SimpleData>
		<SimpleData name="mode_vie_c">Oui</SimpleData>
		<SimpleData name="statut_col">Non</SimpleData>
		<SimpleData name="emprise">CAPI</SimpleData>
		<SimpleData name="affiche_in">Carto RGPH5 2019-2020</SimpleData>
		<SimpleData name="date_modif">0.0010624204</SimpleData>
	</SchemaData></ExtendedData>
      <Polygon><outerBoundaryIs><LinearRing><coordinates>-9.45388977899995,15.1373099750001 -9.44134717999998,15.1281086490001 -9.43426907599996,15.1234766310001 -9.43392643399994,15.1208623970001 -9.43378366599995,15.120470579 -9.43377716699996,15.120346715 -9.43389495099996,15.119946966 -9.43391160699997,15.1196923630001 -9.43392231399997,15.1193413930001 -9.43392469399993,15.119003509 -9.43389257099994,15.118875018 -9.43393651199995,15.118836511 -9.43394412599997,15.1186642380001 -9.43396744499995,15.118418202 -9.43398552899993,15.1181883460001 -9.43396220999995,15.118092215 -9.43386322499993,15.117819529 -9.43383229199998,15.1177576630001 -9.43386941099993,15.117717688 -9.43403216599995,15.117632385 -9.43420075099993,15.117541073 -9.43445327099994,15.117400387 -9.43475903199993,15.117330193 -9.43506955199996,15.117295691 -9.43540029699994,15.117288552 -9.43541576299998,15.117282604 -9.43597489699994,15.1172421530001 -9.43664535699997,15.117238233 -9.43691868899998,15.1172508240001 -9.43689812799994,15.117490807 -9.43686957399996,15.117747788 -9.43686481499998,15.117952422 -9.43690288699997,15.1180261850001 -9.43727408299998,15.11800715 -9.43760244799995,15.1179952520001 -9.43827107699997,15.1180309440001 -9.43871127699998,15.1180190470001 -9.43933231699998,15.1180095290001 -9.43980820899998,15.1179857340001 -9.44049349299996,15.117952422 -9.44117163999994,15.117952422 -9.44160946099993,15.1179643190001 -9.48085370799993,15.1102925280001 -9.48259333699997,15.115226749 -9.48744743699996,15.128932445 -9.49021103499996,15.136495976 -9.48931902899994,15.1373098490001 -9.47581027899997,15.139504099 -9.46919140399996,15.1369048490001 -9.46295014799995,15.137070093 -9.45388977899995,15.1373099750001</coordinates></LinearRing></outerBoundaryIs></Polygon>
  </Placemark>
  <Placemark id="SE_0001.70">
	<name>90614.0</name>
	<description>6462.0</description>
	<Style><LineStyle><color>ff0000ff</color></LineStyle><PolyStyle><fill>0</fill></PolyStyle></Style>
	<ExtendedData><SchemaData schemaUrl="#SE_0001">
		<SimpleData name="fid">6479.0</SimpleData>
		<SimpleData name="id">01</SimpleData>
		<SimpleData name="objectid">Kayes</SimpleData>
		<SimpleData name="region">13</SimpleData>
		<SimpleData name="lregion">Diema</SimpleData>
		<SimpleData name="cercle">1310</SimpleData>
		<SimpleData name="lcercle">Groumera</SimpleData>
		<SimpleData name="commune">RU</SimpleData>
		<SimpleData name="lcommune">0001</SimpleData>
		<SimpleData name="type_com">001</SimpleData>
		<SimpleData name="num_se">869.0</SimpleData>
		<SimpleData name="num_dd">1304.0</SimpleData>
		<SimpleData name="pop_se">1310001.0</SimpleData>
		<SimpleData name="idzc">13100001.0</SimpleData>
		<SimpleData name="iddd">Accessible</SimpleData>
		<SimpleData name="idse">SE Sedentaire</SimpleData>
		<SimpleData name="resultat_c">Commune Sedentaire</SimpleData>
		<SimpleData name="statut_se">CAPI</SimpleData>
		<SimpleData name="mode_vie_c">Oui</SimpleData>
		<SimpleData name="statut_col">Non</SimpleData>
		<SimpleData name="emprise">CAPI</SimpleData>
		<SimpleData name="affiche_in">Carto RGPH5 2019-2020</SimpleData>
		<SimpleData name="date_modif">0.0013878536</SimpleData>
	</SchemaData></ExtendedData>
      <Polygon><outerBoundaryIs><LinearRing><coordinates>-9.08958243799998,14.844014773 -9.08847987499996,14.8304156990001 -9.11538675099996,14.828598003 -9.13496752999993,14.828164127 -9.13720255799996,14.8280744210001 -9.13762158099996,14.82808727 -9.13775149899993,14.828084415 -9.13807486799993,14.8280530060001 -9.13818479899993,14.8280758490001 -9.13838895699996,14.828117965 -9.13857669599997,14.828117965 -9.13876157999994,14.828153657 -9.13896859399995,14.8281957740001 -9.13906224899995,14.828201151 -9.13939927599995,14.828254879 -9.13974762899994,14.8283005650001 -9.14021400299993,14.828437622 -9.14029775999995,14.829008693 -9.14034344599997,14.8294141530001 -9.13996653899994,14.8292923240001 -9.13980473599997,14.8292371210001 -9.13978379699995,14.829208567 -9.13959343999994,14.82917811 -9.13942402199996,14.829166689 -9.13917084799994,14.8291057750001 -9.13904687799993,14.829089594 -9.13882987099993,14.829085311 -9.13885771099996,14.8293715610001 -9.13887341499998,14.829477922 -9.13909541899994,14.8295243220001 -9.13931670899996,14.8295792870001 -9.13941379099998,14.829624973 -9.13950944499993,14.8300090180001 -9.13920392199998,14.830025436 -9.13933027199994,14.8303659370001 -9.13936010399993,14.830505799 -9.13938523699994,14.8306236330001 -9.13948017799993,14.830941291 -9.13958130499998,14.831349844 -9.13962698999995,14.831429794 -9.13971265099997,14.8320636830001 -9.13978688999993,14.8326937640001 -9.13975072199997,14.833799737 -9.13986303299993,14.8356956920001 -9.11632987499996,14.858186462 -9.116337,14.85841 -9.11649653699993,14.8634152760001 -9.09147159299994,14.867315709 -9.09098062199996,14.8612600500001 -9.08958243799998,14.844014773</coordinates></LinearRing></outerBoundaryIs></Polygon>
  </Placemark>
  <Placemark id="SE_0001.71">
	<name>90662.0</name>
	<description>6510.0</description>
	<Style><LineStyle><color>ff0000ff</color></LineStyle><PolyStyle><fill>0</fill></PolyStyle></Style>
	<ExtendedData><SchemaData schemaUrl="#SE_0001">
		<SimpleData name="fid">6527.0</SimpleData>
		<SimpleData name="id">01</SimpleData>
		<SimpleData name="objectid">Kayes</SimpleData>
		<SimpleData name="region">13</SimpleData>
		<SimpleData name="lregion">Diema</SimpleData>
		<SimpleData name="cercle">1303</SimpleData>
		<SimpleData name="lcercle">Diangounte camara</SimpleData>
		<SimpleData name="commune">RU</SimpleData>
		<SimpleData name="lcommune">0001</SimpleData>
		<SimpleData name="type_com">001</SimpleData>
		<SimpleData name="num_se">1004.0</SimpleData>
		<SimpleData name="num_dd">1305.0</SimpleData>
		<SimpleData name="pop_se">1303001.0</SimpleData>
		<SimpleData name="idzc">13030001.0</SimpleData>
		<SimpleData name="iddd">Accessible</SimpleData>
		<SimpleData name="idse">SE Sedentaire</SimpleData>
		<SimpleData name="resultat_c">Commune Sedentaire</SimpleData>
		<SimpleData name="statut_se">CAPI</SimpleData>
		<SimpleData name="mode_vie_c">Non</SimpleData>
		<SimpleData name="statut_col">Oui</SimpleData>
		<SimpleData name="emprise">CAPI</SimpleData>
		<SimpleData name="affiche_in">Carto RGPH5 2019-2020</SimpleData>
		<SimpleData name="date_modif">9.8934e-06</SimpleData>
	</SchemaData></ExtendedData>
      <Polygon><outerBoundaryIs><LinearRing><coordinates>-9.51391166899998,14.546442174 -9.51395083899996,14.546322296 -9.51395390899995,14.546312899 -9.51397770299997,14.546240325 -9.51395271899997,14.54621653 -9.51381114099996,14.546167752 -9.51380679699997,14.5461658460001 -9.51369454699994,14.546116593 -9.51363981999998,14.546095178 -9.51356486699996,14.546032122 -9.51354372199995,14.54599512 -9.51354107199995,14.545990482 -9.51352560599997,14.5459024420001 -9.51346016999997,14.5458191600001 -9.51344889099994,14.5458174510001 -9.51342090899993,14.545813212 -9.51338997599993,14.545709705 -9.51337364299997,14.545696639 -9.51336023299996,14.5456859110001 -9.51321032699997,14.5457013770001 -9.51314251199994,14.5456668750001 -9.51314365699994,14.5455489710001 -9.51314370199998,14.5455443330001 -9.51313061499997,14.5454622410001 -9.51304619799993,14.545455577 -9.51299498599997,14.5454515340001 -9.51294635499994,14.5454181000001 -9.51288077199996,14.545373012 -9.51278916199993,14.5452361930001 -9.51275347099994,14.545061302 -9.51269874299993,14.5449268630001 -9.51263211799994,14.544864997 -9.51256668299993,14.544751972 -9.51248816099996,14.5446353790001 -9.51240012099993,14.5444378830001 -9.51234472399995,14.5442914770001 -9.51231683899994,14.544217783 -9.51224307599995,14.543970319 -9.51215384599993,14.5438085160001 -9.51203606299993,14.543528929 -9.51197337399998,14.5434086700001 -9.51193118599997,14.5433277380001 -9.51191946899996,14.5433052600001 -9.51176242499997,14.542936443 -9.51166898199995,14.542794611 -9.51166572899996,14.54278972 -9.51178848099994,14.5427646430001 -9.51212595499993,14.5426956970001 -9.51253998099997,14.542624313 -9.51293732799996,14.542566633 -9.51296563499994,14.5425625250001 -9.51303867399997,14.542550528 -9.51321456899996,14.542521637 -9.51348616499996,14.54255512 -9.51356197099994,14.542564467 -9.51384071899997,14.542636266 -9.51416512999998,14.542719827 -9.51419014899994,14.542726271 -9.51433992899996,14.542777331 -9.51439869499995,14.542793406 -9.51462873699995,14.542873908 -9.51464759399994,14.5428785440001 -9.51484385599997,14.542926805 -9.51488015599995,14.542935732 -9.51502475599995,14.542971289 -9.51518952199996,14.543011806 -9.51531551399995,14.5430125890001 -9.51551562399993,14.543014494 -9.51571565199993,14.543015074 -9.51593905799996,14.5430157210001 -9.51596016499997,14.543015783 -9.51622718199997,14.542968902 -9.51643337899998,14.5429326990001 -9.51657912699994,14.54290711 -9.51664160599995,14.5428691540001 -9.51673722299995,14.543015462 -9.51633086799995,14.543236547 -9.51525582699998,14.544060286 -9.51519015399998,14.544147018 -9.51514089899996,14.5442212570001 -9.51509449999998,14.5442726530001 -9.51492049699993,14.544468916 -9.51474674099995,14.544637306 -9.51476220799998,14.5446765670001 -9.51482407399993,14.5447955400001 -9.51492757999995,14.544983517 -9.51503840599997,14.545246386 -9.51504179499995,14.545446322 -9.51499372799998,14.545606919 -9.51498820199993,14.5456183860001 -9.51497512299994,14.545645531 -9.51493651599998,14.545725658 -9.51493499599997,14.545728812 -9.51492559499997,14.545748324 -9.51492369799996,14.5457522610001 -9.51490237999997,14.5457965050001 -9.51483493199993,14.545936489 -9.51480742399997,14.5460563460001 -9.51479406799996,14.5461145420001 -9.51475165099993,14.5462993570001 -9.51474632399993,14.546319092 -9.51469263999996,14.5465179870001 -9.51467907699993,14.546568236 -9.51465854999998,14.5465674430001 -9.51459409899996,14.5465649550001 -9.51442651499997,14.5465119690001 -9.51439993499997,14.546503565 -9.51424574599997,14.5464593070001 -9.51391166899998,14.546442174</coordinates></LinearRing></outerBoundaryIs></Polygon>
  </Placemark>
  <Placemark id="SE_0001.72">
	<name>90680.0</name>
	<description>6528.0</description>
	<Style><LineStyle><color>ff0000ff</color></LineStyle><PolyStyle><fill>0</fill></PolyStyle></Style>
	<ExtendedData><SchemaData schemaUrl="#SE_0001">
		<SimpleData name="fid">6545.0</SimpleData>
		<SimpleData name="id">01</SimpleData>
		<SimpleData name="objectid">Kayes</SimpleData>
		<SimpleData name="region">13</SimpleData>
		<SimpleData name="lregion">Diema</SimpleData>
		<SimpleData name="cercle">1312</SimpleData>
		<SimpleData name="lcercle">Lakamane</SimpleData>
		<SimpleData name="commune">RU</SimpleData>
		<SimpleData name="lcommune">0001</SimpleData>
		<SimpleData name="type_com">001</SimpleData>
		<SimpleData name="num_se">1073.0</SimpleData>
		<SimpleData name="num_dd">1307.0</SimpleData>
		<SimpleData name="pop_se">1312001.0</SimpleData>
		<SimpleData name="idzc">13120001.0</SimpleData>
		<SimpleData name="iddd">Accessible</SimpleData>
		<SimpleData name="idse">SE Sedentaire</SimpleData>
		<SimpleData name="resultat_c">Commune Sedentaire</SimpleData>
		<SimpleData name="statut_se">CAPI</SimpleData>
		<SimpleData name="mode_vie_c">Oui</SimpleData>
		<SimpleData name="statut_col">Non</SimpleData>
		<SimpleData name="emprise">CAPI</SimpleData>
		<SimpleData name="affiche_in">Carto RGPH5 2019-2020</SimpleData>
		<SimpleData name="date_modif">0.0008361918</SimpleData>
	</SchemaData></ExtendedData>
      <Polygon><outerBoundaryIs><LinearRing><coordinates>-9.91865350599994,14.502477598 -9.92228093099993,14.514859099 -9.88037269099993,14.5185185500001 -9.82867889999994,14.525835393 -9.82779189399997,14.519371463 -9.90312623199998,14.5051167780001 -9.90429454799994,14.5051786440001 -9.90549569999996,14.50519768 -9.90589830499994,14.5052176680001 -9.90651934399995,14.505256215 -9.90689053999995,14.505251932 -9.90729171699996,14.5052833410001 -9.90756583099994,14.505303328 -9.90768575599998,14.5052876240001 -9.90857256999993,14.5054350990001 -9.90896241999997,14.5054427430001 -9.90964056699994,14.505478435 -9.91014189599997,14.505524575 -9.91311869999993,14.5055599930001 -9.91865350599994,14.502477598</coordinates></LinearRing></outerBoundaryIs></Polygon>
  </Placemark>
  <Placemark id="SE_0001.73">
	<name>90689.0</name>
	<description>6537.0</description>
	<Style><LineStyle><color>ff0000ff</color></LineStyle><PolyStyle><fill>0</fill></PolyStyle></Style>
	<ExtendedData><SchemaData schemaUrl="#SE_0001">
		<SimpleData name="fid">6554.0</SimpleData>
		<SimpleData name="id">01</SimpleData>
		<SimpleData name="objectid">Kayes</SimpleData>
		<SimpleData name="region">13</SimpleData>
		<SimpleData name="lregion">Diema</SimpleData>
		<SimpleData name="cercle">1315</SimpleData>
		<SimpleData name="lcercle">Sansankide</SimpleData>
		<SimpleData name="commune">RU</SimpleData>
		<SimpleData name="lcommune">0001</SimpleData>
		<SimpleData name="type_com">001</SimpleData>
		<SimpleData name="num_se">749.0</SimpleData>
		<SimpleData name="num_dd">1307.0</SimpleData>
		<SimpleData name="pop_se">1315001.0</SimpleData>
		<SimpleData name="idzc">13150001.0</SimpleData>
		<SimpleData name="iddd">Accessible</SimpleData>
		<SimpleData name="idse">SE Sedentaire</SimpleData>
		<SimpleData name="resultat_c">Commune Sedentaire</SimpleData>
		<SimpleData name="statut_se">CAPI</SimpleData>
		<SimpleData name="mode_vie_c">Oui</SimpleData>
		<SimpleData name="statut_col">Non</SimpleData>
		<SimpleData name="emprise">CAPI</SimpleData>
		<SimpleData name="affiche_in">Carto RGPH5 2019-2020</SimpleData>
		<SimpleData name="date_modif">0.0006769775</SimpleData>
	</SchemaData></ExtendedData>
      <Polygon><outerBoundaryIs><LinearRing><coordinates>-9.96898676199993,14.336466151 -9.97121810999994,14.334330553 -9.97132668899997,14.3342266340001 -9.97351778499996,14.3321295600001 -9.97452352899995,14.331166974 -9.97454848899997,14.3311785180001 -9.97711777499995,14.332366838 -9.97903579599995,14.3332539420001 -9.97925619799997,14.3333558800001 -9.97926610899998,14.3333604630001 -9.97926617399997,14.333360494 -9.97927062499997,14.333362553 -9.97927517699998,14.3333646580001 -9.97927541799993,14.333364768 -9.97927544499993,14.3333647810001 -9.97930723299993,14.333379484 -9.99683098299994,14.3414843890001 -9.99698525399998,14.341555741 -10.0013864279999,14.3435913280001 -10.0134453809999,14.3491687120001 -10.0134439889999,14.34927391 -10.0133698609999,14.354877441 -10.013335006,14.357512232 -10.0132863769999,14.36118824 -10.0028187529999,14.364679591 -9.99954812299995,14.3657704710001 -9.98203851199997,14.3475223460001 -9.98116180699998,14.346608664 -9.98100873399994,14.3464491350001 -9.98097902799998,14.346434663 -9.98090169599993,14.3464108680001 -9.98083031199997,14.3464138430001 -9.98071133899998,14.3464435860001 -9.98068995699998,14.3464271930001 -9.98062210899997,14.346375176 -9.98050610999996,14.346259178 -9.98043472599994,14.346134256 -9.98035739399995,14.346065846 -9.98022057499998,14.3460212320001 -9.98016766699993,14.346037799 -9.98014191899995,14.346045862 -9.98000057499996,14.346090121 -9.97992611699993,14.3461134360001 -9.97979830699995,14.3462050480001 -9.97975219999995,14.346238097 -9.97964500399996,14.3462662050001 -9.97960734499998,14.3462760790001 -9.97950412199998,14.346303145 -9.97949477599997,14.346305596 -9.97951854799993,14.3465369040001 -9.97956209199998,14.3466607550001 -9.97969415199998,14.346778182 -9.97971984999998,14.34680852 -9.97969557999994,14.3468741930001 -9.97957279999997,14.3469170230001 -9.97944573699993,14.347025527 -9.97936150399994,14.3471454520001 -9.97932622799993,14.347173351 -9.97923878299997,14.347182274 -9.97900559599998,14.347206068 -9.97872017199995,14.347329643 -9.97867071299993,14.347229284 -9.97861646099994,14.34705368 -9.97869769899995,14.346915842 -9.97866536999993,14.346766404 -9.97864919599994,14.346552289 -9.97863587399996,14.34637593 -9.97860092099995,14.346131266 -9.97859323399996,14.3460774550001 -9.97858828399995,14.346042805 -9.97859123799998,14.346010941 -9.97859577899993,14.3459619710001 -9.97859648899993,14.345954314 -9.97858796699995,14.3458836190001 -9.97836429799997,14.345847927 -9.97834330999996,14.3458447790001 -9.97831388599997,14.3458403650001 -9.97815217299996,14.3458161090001 -9.97801579999998,14.345795653 -9.97788840599998,14.345776544 -9.97786242999996,14.3456627260001 -9.97793333899995,14.345496027 -9.97796265999995,14.345427096 -9.97798639499996,14.345371299 -9.97803196599995,14.345264166 -9.97802622599994,14.3449340670001 -9.97800598299995,14.3449200320001 -9.96898676199993,14.336466151</coordinates></LinearRing></outerBoundaryIs></Polygon>
  </Placemark>
  <Placemark id="SE_0001.74">
	<name>90695.0</name>
	<description>6543.0</description>
	<Style><LineStyle><color>ff0000ff</color></LineStyle><PolyStyle><fill>0</fill></PolyStyle></Style>
	<ExtendedData><SchemaData schemaUrl="#SE_0001">
		<SimpleData name="fid">6560.0</SimpleData>
		<SimpleData name="id">01</SimpleData>
		<SimpleData name="objectid">Kayes</SimpleData>
		<SimpleData name="region">13</SimpleData>
		<SimpleData name="lregion">Diema</SimpleData>
		<SimpleData name="cercle">1305</SimpleData>
		<SimpleData name="lcercle">Dieoura</SimpleData>
		<SimpleData name="commune">RU</SimpleData>
		<SimpleData name="lcommune">0001</SimpleData>
		<SimpleData name="type_com">001</SimpleData>
		<SimpleData name="num_se">871.0</SimpleData>
		<SimpleData name="num_dd">1307.0</SimpleData>
		<SimpleData name="pop_se">1305001.0</SimpleData>
		<SimpleData name="idzc">13050001.0</SimpleData>
		<SimpleData name="iddd">Accessible</SimpleData>
		<SimpleData name="idse">SE Sedentaire</SimpleData>
		<SimpleData name="resultat_c">Commune Sedentaire</SimpleData>
		<SimpleData name="statut_se">CAPI</SimpleData>
		<SimpleData name="mode_vie_c">Oui</SimpleData>
		<SimpleData name="statut_col">Non</SimpleData>
		<SimpleData name="emprise">CAPI</SimpleData>
		<SimpleData name="affiche_in">Carto RGPH5 2019-2020</SimpleData>
		<SimpleData name="date_modif">0.0011057857</SimpleData>
	</SchemaData></ExtendedData>
      <Polygon><outerBoundaryIs><LinearRing><coordinates>-9.86319852799994,14.3037811840001 -9.85925338199996,14.3026009710001 -9.85814931199997,14.302643802 -9.85757824099994,14.302667596 -9.85699765199996,14.302824641 -9.85680729599994,14.302856763 -9.85639386399993,14.3028746090001 -9.85581387099995,14.3028180970001 -9.85530228699997,14.3027020980001 -9.85494536699997,14.302669381 -9.85404593099997,14.302620602 -9.85384248699995,14.302639637 -9.85317623799995,14.3025718230001 -9.85289308199998,14.302545649 -9.85269915599997,14.3025051980001 -9.85233628799995,14.3024492810001 -9.85199483599996,14.302444522 -9.85191393399998,14.302399312 -9.85191940699997,14.302302587 -9.85190941299993,14.3020870080001 -9.85188942599996,14.301924253 -9.85184802299995,14.301774347 -9.85183089099996,14.301571616 -9.85190227499993,14.3012903640001 -9.85195367099993,14.3010847790001 -9.85207502399993,14.3006150730001 -9.85210928799995,14.3004937210001 -9.85195224299997,14.300380934 -9.85204932499994,14.300252443 -9.85204599399998,14.300153934 -9.85205360799995,14.3000359120001 -9.85206122299996,14.299923602 -9.85200030799996,14.299797014 -9.85195557499998,14.2997779790001 -9.85194224999998,14.299708498 -9.85194390799995,14.299687073 -9.85195462299993,14.299548599 -9.85192987599993,14.2992754370001 -9.85195266599993,14.2990520870001 -9.85189846799994,14.2988528440001 -9.85184278799994,14.2986543970001 -9.85175569999996,14.2985416110001 -9.85168431599993,14.2983345980001 -9.85166147299998,14.2982546480001 -9.85169859299998,14.2980119430001 -9.85166496899996,14.297616072 -9.85163427599997,14.2976351470001 -9.85142127599994,14.297662147 -9.85115427599993,14.297662147 -9.85078127599996,14.297555147 -9.85051427599996,14.2974751470001 -9.85018906099998,14.2972241860001 -9.85016827599998,14.297208147 -9.84992827599996,14.297075147 -9.84974127599997,14.2969951470001 -9.84958127599998,14.2968881460001 -9.84934127599996,14.2967551460001 -9.84918127599997,14.296702146 -9.84891427599996,14.296542146 -9.84875427599997,14.296382146 -9.84832827599996,14.296222146 -9.84811427599993,14.296222146 -9.84790183999996,14.296327865 -9.84790127599996,14.2963281470001 -9.84774127599997,14.296088147 -9.84758127599997,14.295982146 -9.84739427599993,14.295822146 -9.84723427599994,14.295662147 -9.84712827599998,14.295528147 -9.84696827599993,14.295395146 -9.84672827599996,14.2952881460001 -9.84664827599994,14.295128146 -9.84662127599995,14.294942147 -9.84648827599995,14.294782147 -9.84622127599994,14.294408146 -9.84606127599994,14.294222147 -9.84592827599994,14.294062147 -9.84590127599995,14.2938751450001 -9.84587427599996,14.293502146 -9.84582127599998,14.293208146 -9.84574127599996,14.2929951450001 -9.84558127599996,14.292782146 -9.84528927599996,14.292532146 -9.84520127599995,14.292335146 -9.84496127599994,14.292035146 -9.84480127599994,14.291935145 -9.84470127599997,14.291815146 -9.84454127599997,14.291675146 -9.84442127599993,14.2915351460001 -9.84428127599995,14.291255145 -9.84422717699994,14.291128913 -9.84422127599993,14.291115146 -9.84406127599993,14.290755145 -9.84392127599995,14.2905951450001 -9.84380127599997,14.290475144 -9.84364127599997,14.2902551450001 -9.84350127599993,14.290115144 -9.84338127599995,14.289855145 -9.84324127599996,14.289675145 -9.84314127599993,14.2895551440001 -9.84294127599998,14.289295145 -9.84282127599994,14.289135145 -9.84270127599996,14.289035144 -9.84246127599994,14.288855144 -9.84226127599993,14.288595145 -9.84208127599993,14.2884751440001 -9.84188127599998,14.288315144 -9.84176127599994,14.288155144 -9.84168127599997,14.288035145 -9.84156127599994,14.287795144 -9.84144127599995,14.287635144 -9.84138127599994,14.287495144 -9.84128127599996,14.2873551430001 -9.84116127599998,14.287255144 -9.84100127599993,14.286935144 -9.84098127599998,14.286755144 -9.84096127599997,14.286595144 -9.84094127599997,14.2864351440001 -9.84088127599995,14.2862951430001 -9.84088127599995,14.286055144 -9.84086127599994,14.285855144 -9.84564571199996,14.285919805 -9.84684140699994,14.285935964 -9.85060200899994,14.285986789 -9.85271979999993,14.2859633100001 -9.85290427199993,14.283877585 -9.85975711899994,14.2513265580001 -9.86957953399997,14.252354487 -9.87774584399995,14.25481009 -9.87363413599996,14.275996811 -9.87312827599993,14.300568148 -9.87299427599993,14.300862148 -9.87294127599995,14.301075149 -9.87296770099994,14.3010785970001 -9.87281837999996,14.3014207300001 -9.87081032499998,14.306021711 -9.87010245299996,14.3076436310001 -9.86508306099995,14.3041666570001 -9.86319852799994,14.3037811840001</coordinates></LinearRing></outerBoundaryIs></Polygon>
  </Placemark>
  <Placemark id="SE_0001.75">
	<name>90711.0</name>
	<description>6559.0</description>
	<Style><LineStyle><color>ff0000ff</color></LineStyle><PolyStyle><fill>0</fill></PolyStyle></Style>
	<ExtendedData><SchemaData schemaUrl="#SE_0001">
		<SimpleData name="fid">6576.0</SimpleData>
		<SimpleData name="id">01</SimpleData>
		<SimpleData name="objectid">Kayes</SimpleData>
		<SimpleData name="region">13</SimpleData>
		<SimpleData name="lregion">Diema</SimpleData>
		<SimpleData name="cercle">1313</SimpleData>
		<SimpleData name="lcercle">Lambidou</SimpleData>
		<SimpleData name="commune">RU</SimpleData>
		<SimpleData name="lcommune">0001</SimpleData>
		<SimpleData name="type_com">001</SimpleData>
		<SimpleData name="num_se">937.0</SimpleData>
		<SimpleData name="num_dd">1306.0</SimpleData>
		<SimpleData name="pop_se">1313001.0</SimpleData>
		<SimpleData name="idzc">13130001.0</SimpleData>
		<SimpleData name="iddd">Accessible</SimpleData>
		<SimpleData name="idse">SE Sedentaire</SimpleData>
		<SimpleData name="resultat_c">Commune Sedentaire</SimpleData>
		<SimpleData name="statut_se">CAPI</SimpleData>
		<SimpleData name="mode_vie_c">Oui</SimpleData>
		<SimpleData name="statut_col">Non</SimpleData>
		<SimpleData name="emprise">CAPI</SimpleData>
		<SimpleData name="affiche_in">Carto RGPH5 2019-2020</SimpleData>
		<SimpleData name="date_modif">0.0043308692</SimpleData>
	</SchemaData></ExtendedData>
      <Polygon><outerBoundaryIs><LinearRing><coordinates>-9.54430260699996,14.307523707 -9.48999098199994,14.22955187 -9.48999098199994,14.226321397 -9.48999098199994,14.2234842460001 -9.48999098199994,14.2214494680001 -9.48999098199994,14.220628892 -9.49034790099995,14.2177735380001 -9.49034790099995,14.2138474290001 -9.48927714399997,14.20920748 -9.48611938499994,14.2075534160001 -9.48204605199993,14.205419765 -9.48178184099993,14.205281369 -9.47208155299995,14.2013908340001 -9.47113651499996,14.198428504 -9.47053390899993,14.196539568 -9.47016757199998,14.1953912450001 -9.47009679999996,14.195169402 -9.46996130899993,14.194744691 -9.46972303299998,14.1939977870001 -9.46962442399996,14.193688686 -9.46958955299993,14.193579378 -9.46856364199994,14.190363544 -9.46663355699997,14.1843134760001 -9.46548727099997,14.1807203130001 -9.46529327899998,14.180112224 -9.46814756699996,14.1822471360001 -9.46870889799993,14.1826669930001 -9.47556154599994,14.187792545 -9.48509537899997,14.1949235320001 -9.48566067999997,14.195346359 -9.48773077899995,14.1968947230001 -9.49883723599993,14.202692316 -9.51330227899996,14.210243098 -9.51428135599997,14.211284612 -9.51449044099996,14.2115070290001 -9.51474318699997,14.211775894 -9.51511851599997,14.212175158 -9.51766114699996,14.214879932 -9.52367786799994,14.221280339 -9.52496438599997,14.222648898 -9.53416210299997,14.232433154 -9.53523368099997,14.233573065 -9.53630055799994,14.234707977 -9.54838589799994,14.247563998 -9.54932106199993,14.248558798 -9.55579807399994,14.2554488500001 -9.55645250399994,14.256145012 -9.56531629699998,14.2655740480001 -9.56609129499998,14.2655456800001 -9.56658622299994,14.265736036 -9.56715320399996,14.267528095 -9.56794153199996,14.2683666950001 -9.56897247199993,14.269463377 -9.57429102899994,14.275121099 -9.57800387899994,14.278907179 -9.57880813999998,14.279727301 -9.58024424399997,14.281191731 -9.57729601999995,14.283787117 -9.57707133199995,14.283984914 -9.56172955899996,14.2974906110001 -9.56146522499995,14.29772331 -9.55741157399996,14.301291828 -9.55411839899995,14.302719505 -9.55224695299995,14.303542798 -9.55248608899996,14.30415313 -9.55264313399994,14.3045885720001 -9.55287156199995,14.30490623 -9.55316780499993,14.305320255 -9.55319278899998,14.3057057280001 -9.55322195399998,14.3060927720001 -9.55324214999996,14.3063607890001 -9.55329034699997,14.3070003920001 -9.55331318999993,14.307191701 -9.55334459899996,14.307817024 -9.55322895699993,14.307966929 -9.55299053499994,14.308261031 -9.55295788099994,14.308338045 -9.55294004599995,14.30838011 -9.55291486799996,14.3084394910001 -9.55279637099994,14.308833529 -9.55266930799996,14.309224713 -9.55255794899995,14.309608758 -9.55249831199995,14.30980226 -9.55248464599993,14.3098466020001 -9.55242374699998,14.3100442 -9.55238377199993,14.310232652 -9.55235379099997,14.310421106 -9.55236521299997,14.3105952830001 -9.55238377199993,14.310706641 -9.55237211299993,14.310759735 -9.55228645199998,14.3108044680001 -9.55218936999995,14.3108682380001 -9.55201995299996,14.3109586570001 -9.55193048499996,14.3110214750001 -9.55177534399996,14.3111252200001 -9.55164780499996,14.311236579 -9.55150884499994,14.3113469850001 -9.55139653399993,14.311426935 -9.55124805599996,14.311506885 -9.55115763599997,14.311540198 -9.55108149299997,14.311418369 -9.55100439899996,14.3113212870001 -9.55091397899997,14.311262277 -9.55079500599993,14.311182327 -9.55063034799997,14.3111889890001 -9.55057692899993,14.311202195 -9.55054377499994,14.3111412810001 -9.55048666799996,14.311124625 -9.55033057499998,14.3110960710001 -9.55015354299996,14.311073229 -9.55004884699997,14.311077036 -9.54997576499994,14.3110887290001 -9.55002544899997,14.310668165 -9.55008493499997,14.3104159420001 -9.55012776599995,14.310227965 -9.55011110999993,14.3100138130001 -9.55009207399996,14.3098781840001 -9.55000879299996,14.3097116220001 -9.54995168599993,14.3093927740001 -9.54993740899994,14.308971609 -9.54995406499995,14.308536168 -9.54991599399995,14.308474302 -9.54979464099995,14.308383882 -9.54965901199995,14.308253012 -9.54953765899995,14.3081007270001 -9.54942820399998,14.307991271 -9.54911411499995,14.308110244 -9.54885475399993,14.308186387 -9.54860966999996,14.308253012 -9.54842645099995,14.308300601 -9.54815757199998,14.308376744 -9.54805525499995,14.3084100560001 -9.54790058999993,14.307853263 -9.54784586299996,14.307755705 -9.54771047099996,14.3075008640001 -9.54751630699997,14.307182493 -9.54744063999993,14.306974052 -9.54740923199995,14.3069412150001 -9.54721221199998,14.306944071 -9.54691668299995,14.307009744 -9.54621854899995,14.307198197 -9.54596727799998,14.3072610150001 -9.54581308899998,14.307303845 -9.54569030899995,14.307289568 -9.54551042199995,14.307235317 -9.54529626999994,14.3072510210001 -9.54515635799993,14.3073195490001 -9.54430260699996,14.307523707</coordinates></LinearRing></outerBoundaryIs></Polygon>
  </Placemark>
  <Placemark id="SE_0001.76">
	<name>90728.0</name>
	<description>6576.0</description>
	<Style><LineStyle><color>ff0000ff</color></LineStyle><PolyStyle><fill>0</fill></PolyStyle></Style>
	<ExtendedData><SchemaData schemaUrl="#SE_0001">
		<SimpleData name="fid">6593.0</SimpleData>
		<SimpleData name="id">01</SimpleData>
		<SimpleData name="objectid">Kayes</SimpleData>
		<SimpleData name="region">13</SimpleData>
		<SimpleData name="lregion">Diema</SimpleData>
		<SimpleData name="cercle">1308</SimpleData>
		<SimpleData name="lcercle">Fatao</SimpleData>
		<SimpleData name="commune">RU</SimpleData>
		<SimpleData name="lcommune">0001</SimpleData>
		<SimpleData name="type_com">001</SimpleData>
		<SimpleData name="num_se">1123.0</SimpleData>
		<SimpleData name="num_dd">1306.0</SimpleData>
		<SimpleData name="pop_se">1308001.0</SimpleData>
		<SimpleData name="idzc">13080001.0</SimpleData>
		<SimpleData name="iddd">Accessible</SimpleData>
		<SimpleData name="idse">SE Sedentaire</SimpleData>
		<SimpleData name="resultat_c">Commune Sedentaire</SimpleData>
		<SimpleData name="statut_se">CAPI</SimpleData>
		<SimpleData name="mode_vie_c">Oui</SimpleData>
		<SimpleData name="statut_col">Non</SimpleData>
		<SimpleData name="emprise">CAPI</SimpleData>
		<SimpleData name="affiche_in">Carto RGPH5 2019-2020</SimpleData>
		<SimpleData name="date_modif">0.0026417839</SimpleData>
	</SchemaData></ExtendedData>
      <Polygon><outerBoundaryIs><LinearRing><coordinates>-9.42512426699994,14.257169806 -9.44374057799996,14.210189697 -9.44375009599997,14.208907961 -9.44468474799993,14.2084520560001 -9.44487510499994,14.2083568780001 -9.44539144799995,14.208040409 -9.44550566299995,14.207866709 -9.44556038999997,14.2078024630001 -9.44570236499993,14.2077068880001 -9.44600455599993,14.2075474640001 -9.44607118099998,14.2075034440001 -9.44612352899998,14.2074855980001 -9.446208,14.2074570450001 -9.44630674799993,14.2073606770001 -9.44646379199997,14.2072036320001 -9.44659585199997,14.2071655610001 -9.44661369799996,14.2070763310001 -9.44658990399995,14.2069644960001 -9.44656372999998,14.2068598000001 -9.44645308499997,14.206841954 -9.44645903299994,14.206733689 -9.44650900199997,14.2065754540001 -9.44661012899996,14.2065802130001 -9.44684450599993,14.2065100190001 -9.44713242099994,14.2063529750001 -9.44778875499998,14.205459884 -9.44894993199995,14.2046508670001 -9.44941799899993,14.2041723290001 -9.44965594499996,14.203601259 -9.44963600799997,14.2021128850001 -9.45592488699998,14.178848617 -9.46227313899993,14.179704868 -9.46366679399995,14.1798928440001 -9.46529327899998,14.180112224 -9.46548727099997,14.1807203130001 -9.46663355699997,14.1843134760001 -9.46856364199994,14.190363544 -9.46958955299993,14.193579378 -9.46962442399996,14.193688686 -9.46972303299998,14.1939977870001 -9.46996130899993,14.194744691 -9.47009679999996,14.195169402 -9.47016757199998,14.1953912450001 -9.47053390899993,14.196539568 -9.47113651499996,14.198428504 -9.47208155299995,14.2013908340001 -9.48178184099993,14.205281369 -9.48204605199993,14.205419765 -9.48611938499994,14.2075534160001 -9.48927714399997,14.20920748 -9.49034790099995,14.2138474290001 -9.49034790099995,14.2177735380001 -9.48513371599995,14.2179477060001 -9.48335788099996,14.218639007 -9.48349,14.21879 -9.48118687099998,14.218803651 -9.47165481499997,14.218860147 -9.45934573399995,14.2710035960001 -9.45576283399993,14.2695552340001 -9.45468612899998,14.2691199830001 -9.45259339199993,14.268274009 -9.45103395399997,14.267643617 -9.44549354999998,14.265403947 -9.44179246599998,14.263907809 -9.43995845399996,14.263166422 -9.43602585899993,14.2615766980001 -9.42608381699995,14.257557697 -9.42512426699994,14.257169806</coordinates></LinearRing></outerBoundaryIs></Polygon>
  </Placemark>
  <Placemark id="SE_0001.77">
	<name>90740.0</name>
	<description>6588.0</description>
	<Style><LineStyle><color>ff0000ff</color></LineStyle><PolyStyle><fill>0</fill></PolyStyle></Style>
	<ExtendedData><SchemaData schemaUrl="#SE_0001">
		<SimpleData name="fid">6605.0</SimpleData>
		<SimpleData name="id">01</SimpleData>
		<SimpleData name="objectid">Kayes</SimpleData>
		<SimpleData name="region">13</SimpleData>
		<SimpleData name="lregion">Diema</SimpleData>
		<SimpleData name="cercle">1314</SimpleData>
		<SimpleData name="lcercle">Madiga Sacko</SimpleData>
		<SimpleData name="commune">RU</SimpleData>
		<SimpleData name="lcommune">0001</SimpleData>
		<SimpleData name="type_com">001</SimpleData>
		<SimpleData name="num_se">816.0</SimpleData>
		<SimpleData name="num_dd">1302.0</SimpleData>
		<SimpleData name="pop_se">1314001.0</SimpleData>
		<SimpleData name="idzc">13140001.0</SimpleData>
		<SimpleData name="iddd">Accessible</SimpleData>
		<SimpleData name="idse">SE Sedentaire</SimpleData>
		<SimpleData name="resultat_c">Commune Sedentaire</SimpleData>
		<SimpleData name="statut_se">CAPI</SimpleData>
		<SimpleData name="mode_vie_c">Non</SimpleData>
		<SimpleData name="statut_col">Non</SimpleData>
		<SimpleData name="emprise">CAPI</SimpleData>
		<SimpleData name="affiche_in">Carto RGPH5 2019-2020</SimpleData>
		<SimpleData name="date_modif">0.0012633586</SimpleData>
	</SchemaData></ExtendedData>
      <Polygon><outerBoundaryIs><LinearRing><coordinates>-9.15682715299994,14.306422028 -9.15691317399995,14.3063458190001 -9.15811456999995,14.3041108900001 -9.15825847499997,14.303843187 -9.16065701999997,14.2993812280001 -9.17445789399994,14.2893874920001 -9.19933336399993,14.288022374 -9.19692002199997,14.293471336 -9.18823498999996,14.3138157280001 -9.19120931599997,14.339156987 -9.18199070899993,14.342134426 -9.17861135799996,14.337338415 -9.16869540499994,14.323265583 -9.16455727299996,14.3173927 -9.15682715299994,14.306422028</coordinates></LinearRing></outerBoundaryIs></Polygon>
  </Placemark>
  <Placemark id="SE_0001.78">
	<name>90788.0</name>
	<description>6636.0</description>
	<Style><LineStyle><color>ff0000ff</color></LineStyle><PolyStyle><fill>0</fill></PolyStyle></Style>
	<ExtendedData><SchemaData schemaUrl="#SE_0001">
		<SimpleData name="fid">6653.0</SimpleData>
		<SimpleData name="id">01</SimpleData>
		<SimpleData name="objectid">Kayes</SimpleData>
		<SimpleData name="region">13</SimpleData>
		<SimpleData name="lregion">Diema</SimpleData>
		<SimpleData name="cercle">1301</SimpleData>
		<SimpleData name="lcercle">Diema</SimpleData>
		<SimpleData name="commune">RU</SimpleData>
		<SimpleData name="lcommune">0001</SimpleData>
		<SimpleData name="type_com">006</SimpleData>
		<SimpleData name="num_se">700.0</SimpleData>
		<SimpleData name="num_dd">1301.0</SimpleData>
		<SimpleData name="pop_se">1301006.0</SimpleData>
		<SimpleData name="idzc">13010001.0</SimpleData>
		<SimpleData name="iddd">Accessible</SimpleData>
		<SimpleData name="idse">SE Sedentaire</SimpleData>
		<SimpleData name="resultat_c">Commune Sedentaire</SimpleData>
		<SimpleData name="statut_se">CAPI</SimpleData>
		<SimpleData name="mode_vie_c">Oui</SimpleData>
		<SimpleData name="statut_col">Non</SimpleData>
		<SimpleData name="emprise">CAPI</SimpleData>
		<SimpleData name="affiche_in">Carto RGPH5 2019-2020</SimpleData>
		<SimpleData name="date_modif">0.0005053785</SimpleData>
	</SchemaData></ExtendedData>
      <Polygon><outerBoundaryIs><LinearRing><coordinates>-9.19311758199996,14.5324884560001 -9.19308783899993,14.531709183 -9.19287368799996,14.5317062080001 -9.19284096999996,14.531158933 -9.19278743199993,14.5305224270001 -9.19269522799993,14.529802639 -9.19255840899996,14.528806241 -9.19268927899998,14.5288389580001 -9.19452741299995,14.528580192 -9.19433110699993,14.527881225 -9.19416454499998,14.5274618450001 -9.19404259799995,14.527152514 -9.19387345499996,14.526482447 -9.19373326799996,14.5259270920001 -9.19398311099997,14.524773054 -9.19398343399996,14.506188443 -9.21579665199994,14.504295783 -9.21252489299997,14.528685259 -9.21232351999993,14.529964567 -9.19861282899996,14.5301807120001 -9.19630713099997,14.5305661850001 -9.19530418799997,14.5306732610001 -9.19540079399997,14.5310221140001 -9.19541792599995,14.5313561900001 -9.19548074399995,14.531835889 -9.19549216499996,14.5320719310001 -9.19488111999993,14.5321480740001 -9.19457750099997,14.5322127950001 -9.19412254799994,14.532316539 -9.19381416999994,14.5323812620001 -9.19361143999993,14.532426947 -9.19317837799997,14.532504042 -9.19311758199996,14.5324884560001</coordinates></LinearRing></outerBoundaryIs></Polygon>
  </Placemark>
  <Placemark id="SE_0001.79">
	<name>90818.0</name>
	<description>6666.0</description>
	<Style><LineStyle><color>ff0000ff</color></LineStyle><PolyStyle><fill>0</fill></PolyStyle></Style>
	<ExtendedData><SchemaData schemaUrl="#SE_0001">
		<SimpleData name="fid">6683.0</SimpleData>
		<SimpleData name="id">01</SimpleData>
		<SimpleData name="objectid">Kayes</SimpleData>
		<SimpleData name="region">13</SimpleData>
		<SimpleData name="lregion">Diema</SimpleData>
		<SimpleData name="cercle">1304</SimpleData>
		<SimpleData name="lcercle">Dianguirde</SimpleData>
		<SimpleData name="commune">RU</SimpleData>
		<SimpleData name="lcommune">0001</SimpleData>
		<SimpleData name="type_com">001</SimpleData>
		<SimpleData name="num_se">1073.0</SimpleData>
		<SimpleData name="num_dd">1302.0</SimpleData>
		<SimpleData name="pop_se">1304001.0</SimpleData>
		<SimpleData name="idzc">13040001.0</SimpleData>
		<SimpleData name="iddd">Accessible</SimpleData>
		<SimpleData name="idse">SE Sedentaire</SimpleData>
		<SimpleData name="resultat_c">Commune Sedentaire</SimpleData>
		<SimpleData name="statut_se">CAPI</SimpleData>
		<SimpleData name="mode_vie_c">Oui</SimpleData>
		<SimpleData name="statut_col">Non</SimpleData>
		<SimpleData name="emprise">CAPI</SimpleData>
		<SimpleData name="affiche_in">Carto RGPH5 2019-2020</SimpleData>
		<SimpleData name="date_modif">0.0045132188</SimpleData>
	</SchemaData></ExtendedData>
      <Polygon><outerBoundaryIs><LinearRing><coordinates>-8.95711142399995,14.488168499 -8.95711129499995,14.4881651200001 -8.95700687399994,14.485432777 -8.95694050199995,14.4836960390001 -8.95571264799997,14.451567176 -8.96486536199995,14.450980901 -8.96892636399997,14.450133873 -9.00341151599997,14.42963701 -9.00641103399994,14.4216810950001 -9.01286981299995,14.4193878 -9.02367155499996,14.4219158670001 -9.04475032199997,14.4326380150001 -9.04719854599995,14.4347740490001 -9.04202748399996,14.446038286 -9.02591351299998,14.4839894830001 -9.01816520599994,14.4933008410001 -9.01730466399994,14.4932574330001 -9.01706433799995,14.4931527370001 -9.01682758199996,14.493112286 -9.01659439499997,14.493063507 -9.01649207799994,14.4930349530001 -9.01643853999997,14.493071835 -9.01637905399997,14.4930730250001 -9.01634217199995,14.4930694550001 -9.01620773199994,14.49322769 -9.01604711899995,14.493290745 -9.01590435099996,14.493290745 -9.01580917299998,14.493241966 -9.01569495899997,14.4931848590001 -9.01554981099997,14.493155116 -9.01551411899993,14.493105385 -9.01557788899993,14.492858873 -9.01557884099998,14.492757984 -9.01545225299998,14.4927408520001 -9.01535517099995,14.492748466 -9.01516100699996,14.492797959 -9.01497826499997,14.4928388860001 -9.01490307399996,14.4928645840001 -9.01474698099997,14.4928693430001 -9.01455567299996,14.492909318 -9.01446810799996,14.492935016 -9.01431487099995,14.4929930750001 -9.01409691299995,14.4931589230001 -9.01419209099993,14.493646713 -9.01220433499998,14.49430346 -9.01203153999995,14.4943605510001 -9.01219287499993,14.494967482 -9.01230115499993,14.4953748250001 -9.01140171799995,14.495260611 -8.95711142399995,14.488168499</coordinates></LinearRing></outerBoundaryIs></Polygon>
  </Placemark>
  <Placemark id="SE_0001.80">
	<name>90840.0</name>
	<description>6688.0</description>
	<Style><LineStyle><color>ff0000ff</color></LineStyle><PolyStyle><fill>0</fill></PolyStyle></Style>
	<ExtendedData><SchemaData schemaUrl="#SE_0001">
		<SimpleData name="fid">6705.0</SimpleData>
		<SimpleData name="id">01</SimpleData>
		<SimpleData name="objectid">Kayes</SimpleData>
		<SimpleData name="region">13</SimpleData>
		<SimpleData name="lregion">Diema</SimpleData>
		<SimpleData name="cercle">1306</SimpleData>
		<SimpleData name="lcercle">Dioumara koussata</SimpleData>
		<SimpleData name="commune">RU</SimpleData>
		<SimpleData name="lcommune">0001</SimpleData>
		<SimpleData name="type_com">001</SimpleData>
		<SimpleData name="num_se">721.0</SimpleData>
		<SimpleData name="num_dd">1308.0</SimpleData>
		<SimpleData name="pop_se">1306001.0</SimpleData>
		<SimpleData name="idzc">13060001.0</SimpleData>
		<SimpleData name="iddd">Accessible</SimpleData>
		<SimpleData name="idse">SE Sedentaire</SimpleData>
		<SimpleData name="resultat_c">Commune Sedentaire</SimpleData>
		<SimpleData name="statut_se">CAPI</SimpleData>
		<SimpleData name="mode_vie_c">Oui</SimpleData>
		<SimpleData name="statut_col">Non</SimpleData>
		<SimpleData name="emprise">CAPI</SimpleData>
		<SimpleData name="affiche_in">Carto RGPH5 2019-2020</SimpleData>
		<SimpleData name="date_modif">0.0011022452</SimpleData>
	</SchemaData></ExtendedData>
      <Polygon><outerBoundaryIs><LinearRing><coordinates>-8.56891400099994,14.5443660510001 -8.56882992599998,14.5438086840001 -8.56799233599997,14.542679166 -8.56783534299996,14.5415403430001 -8.56783534299996,14.541403524 -8.56783415299998,14.541285741 -8.56772945699993,14.541222685 -8.56769376499994,14.5411096610001 -8.56765688299993,14.540965704 -8.56763570599998,14.5408764740001 -8.56761821699996,14.5408021160001 -8.56761770399993,14.54070726 -8.567659,14.5407279080001 -8.56784602599993,14.540766455 -8.56785531899993,14.540768341 -8.56786017299993,14.540741643 -8.56787230899994,14.5406681170001 -8.56787302299995,14.540608155 -8.56789156499997,14.5405482790001 -8.56791238499994,14.5404703520001 -8.56791952299994,14.540472731 -8.56800815799994,14.540488198 -8.56813498399993,14.540523057 -8.56821398199997,14.5405278160001 -8.56824289899993,14.540518422 -8.56821874799994,14.5404009750001 -8.56815735799995,14.540065471 -8.56814212999996,14.539996466 -8.56808597399993,14.539988852 -8.56806503499996,14.5399679130001 -8.56799365099994,14.5398294280001 -8.56814355699993,14.5398189590001 -8.56820827899998,14.5397851700001 -8.56824063899995,14.5397580440001 -8.56823350099995,14.5397242560001 -8.56823921199998,14.539648589 -8.56825967499998,14.539595289 -8.56828489699996,14.5395833920001 -8.56830298099993,14.539565308 -8.56830773999997,14.5395381820001 -8.56830583699997,14.539492497 -8.56828632499997,14.5394220650001 -8.56828775299994,14.539313561 -8.56830726399994,14.5392474120001 -8.56831630599993,14.5392031540001 -8.56834152899995,14.538824344 -8.56831273699993,14.5384551710001 -8.56880052699995,14.5383243000001 -8.57221628499997,14.5372376650001 -8.57295986699995,14.534560771 -8.57040594999995,14.5017582560001 -8.59858312199998,14.4987214560001 -8.59889245199997,14.5013150680001 -8.60096675099993,14.530370772 -8.58658494399998,14.5382091230001 -8.58647817599996,14.5382673120001 -8.57517339299994,14.544428628 -8.56891400099994,14.5443660510001</coordinates></LinearRing></outerBoundaryIs></Polygon>
  </Placemark>
  <Placemark id="SE_0001.81">
	<name>90853.0</name>
	<description>6701.0</description>
	<Style><LineStyle><color>ff0000ff</color></LineStyle><PolyStyle><fill>0</fill></PolyStyle></Style>
	<ExtendedData><SchemaData schemaUrl="#SE_0001">
		<SimpleData name="fid">6718.0</SimpleData>
		<SimpleData name="id">01</SimpleData>
		<SimpleData name="objectid">Kayes</SimpleData>
		<SimpleData name="region">13</SimpleData>
		<SimpleData name="lregion">Diema</SimpleData>
		<SimpleData name="cercle">1309</SimpleData>
		<SimpleData name="lcercle">Gomitradougou</SimpleData>
		<SimpleData name="commune">RU</SimpleData>
		<SimpleData name="lcommune">0001</SimpleData>
		<SimpleData name="type_com">001</SimpleData>
		<SimpleData name="num_se">1037.0</SimpleData>
		<SimpleData name="num_dd">1308.0</SimpleData>
		<SimpleData name="pop_se">1309001.0</SimpleData>
		<SimpleData name="idzc">13090001.0</SimpleData>
		<SimpleData name="iddd">Accessible</SimpleData>
		<SimpleData name="idse">SE Sedentaire</SimpleData>
		<SimpleData name="resultat_c">Commune Sedentaire</SimpleData>
		<SimpleData name="statut_se">CAPI</SimpleData>
		<SimpleData name="mode_vie_c">Non</SimpleData>
		<SimpleData name="statut_col">Non</SimpleData>
		<SimpleData name="emprise">CAPI</SimpleData>
		<SimpleData name="affiche_in">Carto RGPH5 2019-2020</SimpleData>
		<SimpleData name="date_modif">0.0027353707</SimpleData>
	</SchemaData></ExtendedData>
      <Polygon><outerBoundaryIs><LinearRing><coordinates>-8.25496718599993,14.403971632 -8.25764538799996,14.398762203 -8.28322061299997,14.411297231 -8.30992051599998,14.421738959 -8.28638812799994,14.4647837200001 -8.23313875499997,14.4387739920001 -8.25496718599993,14.403971632</coordinates></LinearRing></outerBoundaryIs></Polygon>
  </Placemark>
  <Placemark id="SE_0001.82">
	<name>90859.0</name>
	<description>6707.0</description>
	<Style><LineStyle><color>ff0000ff</color></LineStyle><PolyStyle><fill>0</fill></PolyStyle></Style>
	<ExtendedData><SchemaData schemaUrl="#SE_0001">
		<SimpleData name="fid">6724.0</SimpleData>
		<SimpleData name="id">01</SimpleData>
		<SimpleData name="objectid">Kayes</SimpleData>
		<SimpleData name="region">15</SimpleData>
		<SimpleData name="lregion">Kita</SimpleData>
		<SimpleData name="cercle">1512</SimpleData>
		<SimpleData name="lcercle">Guemoukouraba</SimpleData>
		<SimpleData name="commune">RU</SimpleData>
		<SimpleData name="lcommune">0001</SimpleData>
		<SimpleData name="type_com">001</SimpleData>
		<SimpleData name="num_se">1012.0</SimpleData>
		<SimpleData name="num_dd">1522.0</SimpleData>
		<SimpleData name="pop_se">1512001.0</SimpleData>
		<SimpleData name="idzc">15120001.0</SimpleData>
		<SimpleData name="iddd">Accessible</SimpleData>
		<SimpleData name="idse">SE Sedentaire</SimpleData>
		<SimpleData name="resultat_c">Commune Sedentaire</SimpleData>
		<SimpleData name="statut_se">CAPI</SimpleData>
		<SimpleData name="mode_vie_c">Oui</SimpleData>
		<SimpleData name="statut_col">Non</SimpleData>
		<SimpleData name="emprise">CAPI</SimpleData>
		<SimpleData name="affiche_in">Carto RGPH5 2019-2020</SimpleData>
		<SimpleData name="date_modif">0.0007427623</SimpleData>
	</SchemaData></ExtendedData>
      <Polygon><outerBoundaryIs><LinearRing><coordinates>-9.32050404999995,14.3345154 -9.31000978099996,14.3291196100001 -9.30138349499993,14.324684275 -9.30131394899996,14.324648516 -9.29724610399995,14.32257057 -9.29081319399995,14.319284495 -9.31988789399998,14.3197153130001 -9.32007230199997,14.3197331590001 -9.32029835099996,14.3197658770001 -9.32042327299996,14.319786697 -9.32064337299994,14.31979562 -9.32080696099996,14.3198253640001 -9.32092295899997,14.3198670040001 -9.32104490699993,14.3199086450001 -9.32122931499993,14.3199175680001 -9.32135423699998,14.3199086450001 -9.32153567099994,14.3198848500001 -9.32174387299995,14.3198907990001 -9.32200263999994,14.3199235160001 -9.32226140599994,14.3199562340001 -9.32235658499997,14.3199502850001 -9.32270160699994,14.319962183 -9.32306447399998,14.3200008490001 -9.32308231999997,14.320226898 -9.32311503799997,14.3202566410001 -9.32311206399993,14.3203428960001 -9.32317262099997,14.3203441750001 -9.32336297799998,14.3203608310001 -9.32353667799993,14.3203608310001 -9.32376986599996,14.3203465550001 -9.32408633399996,14.320339416 -9.32432903899996,14.3203132420001 -9.32447180699995,14.3203013450001 -9.32475020299995,14.320268033 -9.32497863199995,14.3202371 -9.32512139899995,14.3202252020001 -9.32516184999997,14.3201942690001 -9.32538551999994,14.3201776130001 -9.32550449299993,14.3201728540001 -9.32553423599995,14.319998202 -9.32557944599995,14.3198149830001 -9.32561156799994,14.3196424720001 -9.32560680899996,14.3195687090001 -9.32561870699993,14.319327194 -9.32563774199997,14.319113042 -9.32565082899993,14.318825127 -9.32584237599997,14.318807281 -9.32596372899997,14.3187918150001 -9.32611363499996,14.3187834870001 -9.32627781699995,14.3187715890001 -9.32640868799996,14.3187680200001 -9.32651814299993,14.318745415 -9.32662997799997,14.318741846 -9.32672991499993,14.3187489850001 -9.32685007799995,14.318740656 -9.32694882499993,14.318727569 -9.32705828099995,14.3187180520001 -9.32721889399994,14.318696636 -9.32739497399996,14.3186633240001 -9.32775189399996,14.3185966990001 -9.32773285799993,14.318383737 -9.32773047799998,14.318271903 -9.32772928899993,14.318224313 -9.32773761699997,14.3181362730001 -9.32772214999994,14.318012541 -9.32769359699995,14.317750801 -9.32764005899998,14.3173688970001 -9.32769835599993,14.3173677070001 -9.32775784199993,14.3173546200001 -9.32787919499998,14.3173510510001 -9.32805527499994,14.317330826 -9.32827537499998,14.3173094110001 -9.32849785499997,14.31726658 -9.32880242599998,14.317202335 -9.32879052799996,14.316991753 -9.32875602599995,14.316754996 -9.32881670199993,14.316745478 -9.32894757299994,14.316731202 -9.32906178699994,14.316724063 -9.32919596499994,14.316702779 -9.32921099699996,14.3167003950001 -9.32923429799996,14.316696699 -9.32929008399998,14.316684638 -9.32930443799995,14.3166815340001 -9.32931801099994,14.3166785990001 -9.32936635799996,14.316668146 -9.32984308299996,14.3164401220001 -9.32983059099996,14.3163516060001 -9.32982711099993,14.3163205500001 -9.32982131099993,14.316268801 -9.32982523699997,14.3162259710001 -9.32989662099993,14.316213835 -9.32994587599995,14.316198131 -9.33002868099993,14.3161524450001 -9.33005544999997,14.3161370980001 -9.33006008999996,14.3161256760001 -9.33007115399994,14.3160617880001 -9.33009252199997,14.3160106290001 -9.33021625399994,14.316001112 -9.33037996099995,14.31598969 -9.33049306399994,14.315942862 -9.33053161199996,14.3159338200001 -9.33056682799997,14.3159319170001 -9.33065581899996,14.3159176400001 -9.33075718399994,14.3158936080001 -9.33083570699995,14.3158733820001 -9.33095111099993,14.3158638640001 -9.33104747899995,14.3158829000001 -9.33114503699994,14.315865054 -9.33122593799993,14.315826983 -9.33130802999995,14.3158115160001 -9.33132349599998,14.3157936700001 -9.33135561899996,14.315785342 -9.33138774199995,14.3157686860001 -9.33144603799997,14.3157627370001 -9.33152693999995,14.31574965 -9.33151385299993,14.3155295500001 -9.33152456099998,14.3154522180001 -9.33150195599995,14.3154189050001 -9.33149719699998,14.3153522800001 -9.33149719699998,14.315233307 -9.33151385299993,14.315190477 -9.33156382199996,14.3151690620001 -9.33171134799994,14.315159544 -9.33191122299996,14.3151547850001 -9.33216820499996,14.3151309900001 -9.33248229399993,14.3151547850001 -9.33286300699996,14.315173821 -9.33333889999994,14.31522141 -9.33374340799998,14.3152452040001 -9.33403846099998,14.315273758 -9.33449055899996,14.3153070700001 -9.33486651399994,14.3153736950001 -9.33528529899996,14.315402249 -9.33563745899994,14.3154403200001 -9.33588016399995,14.3154403200001 -9.34039657099993,14.3154677320001 -9.34930527299997,14.3158674810001 -9.37023840199993,14.3202309660001 -9.36712452899997,14.321178724 -9.35864970399996,14.323758336 -9.35846413299993,14.323814822 -9.35310712699993,14.325445416 -9.35041894999995,14.326263657 -9.34273898999993,14.328601325 -9.34111279499996,14.3290963150001 -9.33774814599997,14.330120466 -9.33753009799995,14.330186837 -9.33732662299997,14.3302487710001 -9.32735992799996,14.3332824870001 -9.32433762999995,14.334202432 -9.32154725799995,14.335051779 -9.32050404999995,14.3345154</coordinates></LinearRing></outerBoundaryIs></Polygon>
  </Placemark>
  <Placemark id="SE_0001.83">
	<name>90882.0</name>
	<description>6730.0</description>
	<Style><LineStyle><color>ff0000ff</color></LineStyle><PolyStyle><fill>0</fill></PolyStyle></Style>
	<ExtendedData><SchemaData schemaUrl="#SE_0001">
		<SimpleData name="fid">6747.0</SimpleData>
		<SimpleData name="id">01</SimpleData>
		<SimpleData name="objectid">Kayes</SimpleData>
		<SimpleData name="region">15</SimpleData>
		<SimpleData name="lregion">Kita</SimpleData>
		<SimpleData name="cercle">1521</SimpleData>
		<SimpleData name="lcercle">Madina</SimpleData>
		<SimpleData name="commune">RU</SimpleData>
		<SimpleData name="lcommune">0001</SimpleData>
		<SimpleData name="type_com">001</SimpleData>
		<SimpleData name="num_se">829.0</SimpleData>
		<SimpleData name="num_dd">1520.0</SimpleData>
		<SimpleData name="pop_se">1521001.0</SimpleData>
		<SimpleData name="idzc">15210001.0</SimpleData>
		<SimpleData name="iddd">Accessible</SimpleData>
		<SimpleData name="idse">SE Sedentaire</SimpleData>
		<SimpleData name="resultat_c">Commune Sedentaire</SimpleData>
		<SimpleData name="statut_se">CAPI</SimpleData>
		<SimpleData name="mode_vie_c">Non</SimpleData>
		<SimpleData name="statut_col">Non</SimpleData>
		<SimpleData name="emprise">CAPI</SimpleData>
		<SimpleData name="affiche_in">Carto RGPH5 2019-2020</SimpleData>
		<SimpleData name="date_modif">0.10572738</SimpleData>
	</SchemaData></ExtendedData>
      <Polygon><outerBoundaryIs><LinearRing><coordinates>-8.99843952799995,13.994790973 -8.99827786199995,13.994558511 -8.99816512799993,13.99439641 -8.99237931099998,13.986076897 -8.99011865699993,13.982826269 -8.98917602799997,13.9814708490001 -8.98567312699993,13.974505795 -8.98387291299997,13.970926309 -8.98137040599994,13.965950407 -8.98105252799996,13.965318349 -8.97803502799997,13.958326974 -8.95288990299997,13.948140973 -8.94736365299997,13.9516168490001 -8.94495253099996,13.955969597 -8.94220177799997,13.9609354740001 -8.94102542299993,13.961525195 -8.93716566399996,13.9521297310001 -8.93344775599996,13.946775943 -8.92839140199993,13.93279661 -8.92987856499997,13.9259556600001 -8.94356046599995,13.904243078 -8.97211399799994,13.8658742690001 -8.99769320399997,13.841187361 -9.02244282799995,13.820471705 -9.03505397099997,13.811905645 -9.04147851599993,13.805243154 -9.04540462599994,13.802625747 -9.04540462599994,13.800484232 -9.04373900399997,13.796558122 -9.04147851599993,13.7928699570001 -9.03719548599997,13.7878730890001 -9.03207964499995,13.7819244360001 -9.02886737199998,13.7760947570001 -9.02851045299997,13.7708599430001 -9.03136580699993,13.7621749100001 -9.03374526799996,13.7600333950001 -9.15985670099997,13.6535525150001 -9.17013753199996,13.648216894 -9.17001090299993,13.6485654730001 -9.17509877799995,13.649163098 -9.17979090299997,13.655416599 -9.18629852799995,13.662164348 -9.19142927799993,13.668479974 -9.19187090299994,13.6766904740001 -9.20939802799995,13.6837663490001 -9.21190902799998,13.692134599 -9.21668202799998,13.6923149740001 -9.21940240299995,13.6991965990001 -9.22584530899996,13.7032029390001 -9.22908172999996,13.705215417 -9.23044977799998,13.7060660990001 -9.23820490299994,13.707381723 -9.24584067899997,13.708677187 -9.26105465299997,13.711258349 -9.26269690299995,13.713569099 -9.27712252799995,13.718816099 -9.29138540299994,13.7176864740001 -9.30123857599995,13.719128916 -9.31415790299997,13.721020224 -9.31890227799994,13.7255585980001 -9.32003777799997,13.7299945980001 -9.32051802799998,13.7318704740001 -9.32062290299996,13.732424098 -9.31858710899996,13.737811209 -9.31844090299995,13.738198099 -9.31671237099994,13.7402422390001 -9.31686088099997,13.743421105 -9.31712240299993,13.749018973 -9.32111165299995,13.749788428 -9.32569565299997,13.750672599 -9.33113215299994,13.753027349 -9.33083077799995,13.755188473 -9.33028459399998,13.7591044550001 -9.33026952799997,13.759212474 -9.32859419799996,13.7627433690001 -9.32816765299998,13.7636423480001 -9.32851166299997,13.7638350080001 -9.33567333199994,13.767845821 -9.34279458999993,13.773060286 -9.35097921599993,13.7771040010001 -9.35254327799993,13.776949223 -9.35621590299996,13.785405224 -9.36453440399993,13.788510973 -9.38147815399998,13.791504724 -9.38428465399994,13.788186723 -9.38872077899993,13.7829418490001 -9.39663027899996,13.780091349 -9.39804202899995,13.781742224 -9.40135802899994,13.785619974 -9.40580768199993,13.785690075 -9.40984895999998,13.785753743 -9.41327540399993,13.7858077240001 -9.41271752899996,13.799657724 -9.41564615399994,13.802943349 -9.41351377899997,13.8116560990001 -9.41603102899995,13.8197938480001 -9.42126315399997,13.824087224 -9.42153117199996,13.8274030600001 -9.42181365399995,13.8308978490001 -9.42189365399997,13.8376807240001 -9.41900265399994,13.840570348 -9.41089390399998,13.8382808490001 -9.40560352899996,13.841732598 -9.39787340399994,13.8431027230001 -9.38515215399997,13.843276099 -9.38104252899996,13.851308224 -9.38146090499993,13.854553045 -9.38154445699996,13.8552010560001 -9.38178400899994,13.857058964 -9.38192127899993,13.8581235980001 -9.38391225599997,13.859021215 -9.38495921799995,13.860496481 -9.38495921799995,13.86178139 -9.38462014499993,13.8627334720001 -9.38465420799997,13.862866049 -9.38465772199993,13.8629561270001 -9.38466682499995,13.863189447 -9.38433636799994,13.8635261540001 -9.38273102899996,13.8651618490001 -9.38096656599993,13.866959589 -9.38044440399995,13.8674915980001 -9.38443215399997,13.8779004740001 -9.37688015399993,13.882655599 -9.37958049699995,13.891379025 -9.38029465399995,13.893686099 -9.37822453499996,13.895512706 -9.37775112299994,13.895930429 -9.36932363099993,13.903366579 -9.36473821299995,13.907412606 -9.35751402799997,13.911492724 -9.35673289299996,13.916075571 -9.35641327799993,13.917950724 -9.35328901699995,13.926872583 -9.35089540299998,13.9269893490001 -9.34869540299997,13.928589474 -9.34262077799997,13.930360348 -9.34321873299996,13.9340766510001 -9.34344385099996,13.9354757610001 -9.34361918899998,13.9365654920001 -9.34424944799997,13.9404825620001 -9.34579552799994,13.950091474 -9.34569552799996,13.951592723 -9.34329552799994,13.955692099 -9.33978440299995,13.9617165990001 -9.32749590299994,13.966093099 -9.32466727799994,13.964261724 -9.31415552799996,13.960098224 -9.30699977799998,13.9607437240001 -9.30267602799995,13.961133724 -9.30151879099998,13.960656004 -9.29267477799993,13.957005098 -9.28555890299998,13.9540674740001 -9.28385365299994,13.9547028490001 -9.27555527799996,13.957794973 -9.27062690299994,13.963214974 -9.25553740299995,13.9658972240001 -9.25356241399993,13.966834772 -9.24340552799993,13.9716563490001 -9.23064377799994,13.977758598 -9.22608404799996,13.977558598 -9.22088315299993,13.977330474 -9.21969765299997,13.975985098 -9.21415327799997,13.969693348 -9.20600252799994,13.9675603490001 -9.20013190299994,13.969560974 -9.18998827799993,13.9616338480001 -9.18488588899993,13.953105647 -9.18353677799996,13.950850723 -9.17884115299995,13.952958848 -9.17060977799997,13.9509722240001 -9.16691740299996,13.953827849 -9.16632579999998,13.9565259190001 -9.16599521399996,13.958033593 -9.16523678299995,13.961492499 -9.16430840299995,13.9657264730001 -9.16351752799994,13.9693333480001 -9.15732419799997,13.980256599 -9.15168502799997,13.9902024740001 -9.14605452799998,13.993313974 -9.14298965299997,13.9920607240001 -9.14111652799994,13.991294849 -9.13792002799994,13.988101349 -9.13192190299998,13.987389276 -9.12760127799993,13.9868763490001 -9.12526853999998,13.9887237950001 -9.12083140299995,13.992237849 -9.11561749299995,13.993499668 -9.11426668399997,13.993826578 -9.11190202799997,13.994398849 -9.11008508399993,13.998856599 -9.10675128399993,14.0070358580001 -9.10309384099997,14.016009151 -9.10093549699997,14.0213045040001 -9.09849377799998,14.027295098 -9.09818967899997,14.030754356 -9.09750390299996,14.038555349 -9.09707757299998,14.038732446 -9.08046877799995,14.045631724 -9.07028327799998,14.044424223 -9.06812940299994,14.043855099 -9.05388565299995,14.0400914730001 -9.04567181099998,14.038887744 -9.04500832199994,14.0387905110001 -9.03896827799997,14.037905349 -9.03503515299997,14.032075224 -9.02870690299994,14.0248964740001 -9.02160353999994,14.0213610500001 -9.01565340299993,14.018399598 -9.01084615299993,14.0167513490001 -9.00805564599995,14.007905539 -9.00727115299998,14.005418724 -9.00403191499993,14.001520708 -8.99843952799995,13.994790973</coordinates></LinearRing></outerBoundaryIs></Polygon>
  </Placemark>
  <Placemark id="SE_0001.84">
	<name>90900.0</name>
	<description>6748.0</description>
	<Style><LineStyle><color>ff0000ff</color></LineStyle><PolyStyle><fill>0</fill></PolyStyle></Style>
	<ExtendedData><SchemaData schemaUrl="#SE_0001">
		<SimpleData name="fid">6765.0</SimpleData>
		<SimpleData name="id">01</SimpleData>
		<SimpleData name="objectid">Kayes</SimpleData>
		<SimpleData name="region">15</SimpleData>
		<SimpleData name="lregion">Kita</SimpleData>
		<SimpleData name="cercle">1522</SimpleData>
		<SimpleData name="lcercle">Makano</SimpleData>
		<SimpleData name="commune">RU</SimpleData>
		<SimpleData name="lcommune">0001</SimpleData>
		<SimpleData name="type_com">001</SimpleData>
		<SimpleData name="num_se">822.0</SimpleData>
		<SimpleData name="num_dd">1516.0</SimpleData>
		<SimpleData name="pop_se">1522001.0</SimpleData>
		<SimpleData name="idzc">15220001.0</SimpleData>
		<SimpleData name="iddd">Accessible</SimpleData>
		<SimpleData name="idse">SE Sedentaire</SimpleData>
		<SimpleData name="resultat_c">Commune Sedentaire</SimpleData>
		<SimpleData name="statut_se">CAPI</SimpleData>
		<SimpleData name="mode_vie_c">Non</SimpleData>
		<SimpleData name="statut_col">Non</SimpleData>
		<SimpleData name="emprise">CAPI</SimpleData>
		<SimpleData name="affiche_in">Carto RGPH5 2019-2020</SimpleData>
		<SimpleData name="date_modif">0.0090984564</SimpleData>
	</SchemaData></ExtendedData>
      <Polygon><outerBoundaryIs><LinearRing><coordinates>-8.97652580999994,12.5466756230001 -8.97476741199995,12.544487288 -8.97155667599998,12.540491509 -8.96875143999995,12.532563668 -8.96827032099998,12.5312039840001 -8.96334753499997,12.517291765 -8.95709531099993,12.5079905310001 -8.95150495499996,12.499673939 -8.956848,12.497608 -8.959401,12.4950420010001 -8.961527,12.4924770010001 -8.966208,12.4907660010001 -8.96645294399997,12.4904846060001 -8.969185,12.487346001 -8.973015,12.484780001 -8.976417,12.480505001 -8.97982,12.477940001 -8.98361547899998,12.475269339 -8.99195263699994,12.483133808 -8.99883813999998,12.489628925 -9.00638179499998,12.4967448800001 -9.01191061999998,12.501960239 -9.01419689699998,12.50411689 -9.02859427599998,12.517697985 -9.04666436299993,12.534743556 -9.04895609299996,12.5369053540001 -9.07453852799995,12.561037347 -9.07867501999993,12.563720866 -9.08001474299994,12.564590002 -9.08709801499998,12.569185222 -9.08348596799993,12.586678862 -9.07967882999998,12.603810981 -9.07938925799994,12.6060310300001 -9.04042724099997,12.622173821 -9.03806336599996,12.623259451 -8.97652580999994,12.5466756230001</coordinates></LinearRing></outerBoundaryIs></Polygon>
  </Placemark>
  <Placemark id="SE_0001.85">
	<name>90908.0</name>
	<description>6756.0</description>
	<Style><LineStyle><color>ff0000ff</color></LineStyle><PolyStyle><fill>0</fill></PolyStyle></Style>
	<ExtendedData><SchemaData schemaUrl="#SE_0001">
		<SimpleData name="fid">6773.0</SimpleData>
		<SimpleData name="id">01</SimpleData>
		<SimpleData name="objectid">Kayes</SimpleData>
		<SimpleData name="region">15</SimpleData>
		<SimpleData name="lregion">Kita</SimpleData>
		<SimpleData name="cercle">1530</SimpleData>
		<SimpleData name="lcercle">Sirakoro</SimpleData>
		<SimpleData name="commune">RU</SimpleData>
		<SimpleData name="lcommune">0001</SimpleData>
		<SimpleData name="type_com">001</SimpleData>
		<SimpleData name="num_se">893.0</SimpleData>
		<SimpleData name="num_dd">1516.0</SimpleData>
		<SimpleData name="pop_se">1530001.0</SimpleData>
		<SimpleData name="idzc">15300001.0</SimpleData>
		<SimpleData name="iddd">Accessible</SimpleData>
		<SimpleData name="idse">SE Sedentaire</SimpleData>
		<SimpleData name="resultat_c">Commune Sedentaire</SimpleData>
		<SimpleData name="statut_se">CAPI</SimpleData>
		<SimpleData name="mode_vie_c">Non</SimpleData>
		<SimpleData name="statut_col">Non</SimpleData>
		<SimpleData name="emprise">CAPI</SimpleData>
		<SimpleData name="affiche_in">Carto RGPH5 2019-2020</SimpleData>
		<SimpleData name="date_modif">0.0153962101</SimpleData>
	</SchemaData></ExtendedData>
      <Polygon><outerBoundaryIs><LinearRing><coordinates>-9.08709801499998,12.569185222 -9.08001474299994,12.564590002 -9.07867501999993,12.563720866 -9.07453852799995,12.561037347 -9.04895609299996,12.5369053540001 -9.04666436299993,12.534743556 -9.02859427599998,12.517697985 -9.01419689699998,12.50411689 -9.01191061999998,12.501960239 -9.00638179499998,12.4967448800001 -8.99883813999998,12.489628925 -8.99195263699994,12.483133808 -8.98361547899998,12.475269339 -8.984075,12.474946001 -8.98622436699998,12.4733259230001 -8.987478,12.472381001 -8.990456,12.469815001 -8.996414,12.466821001 -8.99770181499997,12.465850314 -8.999817,12.464256 -9.002369,12.46169 -9.00392357999993,12.459736494 -9.00444863999996,12.4590766970001 -9.005771,12.457415 -9.008324,12.455705 -9.013005,12.453566 -9.016834,12.450573 -9.020663,12.447152 -9.02449,12.4428770010001 -9.02832,12.4411660010001 -9.032149,12.4381730010001 -9.034701,12.435181001 -9.03853,12.431760001 -9.042784,12.428767001 -9.047843,12.432262 -9.057762,12.431655 -9.058212,12.431775 -9.078178,12.437083 -9.085883,12.439132 -9.093564,12.4449500010001 -9.103255,12.449153 -9.103829,12.449402 -9.104237,12.450133001 -9.106671,12.454500001 -9.107312,12.4549440010001 -9.108904,12.4560470010001 -9.112328,12.458418001 -9.117942,12.4589310010001 -9.11825295699998,12.4590766970001 -9.122742,12.46118 -9.124934,12.46221 -9.12766,12.463894001 -9.131664,12.466367001 -9.135876,12.46897 -9.14408516899994,12.4766593730001 -9.146789,12.4791920010001 -9.147584,12.479698001 -9.154469,12.484090001 -9.158294,12.485211001 -9.159629,12.485606 -9.161708,12.486221001 -9.163173,12.4862840010001 -9.16861141799995,12.486519297 -9.16858946999997,12.487932057 -9.16840738599996,12.499652826 -9.16839869499995,12.5015040230001 -9.16839557499998,12.5021685620001 -9.16835433699993,12.5109522240001 -9.16828959799994,12.524741745 -9.12273185999993,12.559218566 -9.10052949999994,12.5760206900001 -9.09919325899995,12.57703192 -9.09128899099994,12.571904085 -9.08709801499998,12.569185222</coordinates></LinearRing></outerBoundaryIs></Polygon>
  </Placemark>
  <Placemark id="SE_0001.86">
	<name>90920.0</name>
	<description>6768.0</description>
	<Style><LineStyle><color>ff0000ff</color></LineStyle><PolyStyle><fill>0</fill></PolyStyle></Style>
	<ExtendedData><SchemaData schemaUrl="#SE_0001">
		<SimpleData name="fid">6785.0</SimpleData>
		<SimpleData name="id">01</SimpleData>
		<SimpleData name="objectid">Kayes</SimpleData>
		<SimpleData name="region">15</SimpleData>
		<SimpleData name="lregion">Kita</SimpleData>
		<SimpleData name="cercle">1529</SimpleData>
		<SimpleData name="lcercle">Senko</SimpleData>
		<SimpleData name="commune">RU</SimpleData>
		<SimpleData name="lcommune">0001</SimpleData>
		<SimpleData name="type_com">001</SimpleData>
		<SimpleData name="num_se">1115.0</SimpleData>
		<SimpleData name="num_dd">1516.0</SimpleData>
		<SimpleData name="pop_se">1529001.0</SimpleData>
		<SimpleData name="idzc">15290001.0</SimpleData>
		<SimpleData name="iddd">Accessible</SimpleData>
		<SimpleData name="idse">SE Sedentaire</SimpleData>
		<SimpleData name="resultat_c">Commune Sedentaire</SimpleData>
		<SimpleData name="statut_se">CAPI</SimpleData>
		<SimpleData name="mode_vie_c">Oui</SimpleData>
		<SimpleData name="statut_col">Non</SimpleData>
		<SimpleData name="emprise">CAPI</SimpleData>
		<SimpleData name="affiche_in">Carto RGPH5 2019-2020</SimpleData>
		<SimpleData name="date_modif">0.0035738801</SimpleData>
	</SchemaData></ExtendedData>
      <Polygon><outerBoundaryIs><LinearRing><coordinates>-9.33010519299995,12.812714671 -9.29770322699994,12.777387521 -9.302141,12.777068001 -9.308996,12.774082 -9.319538,12.772627001 -9.322409,12.770241001 -9.329432,12.768815 -9.338876,12.765594 -9.33933943599993,12.7655007450001 -9.35242348299994,12.7628679060001 -9.35568471299996,12.7622116630001 -9.359117,12.761521 -9.369977,12.7583260010001 -9.40815327299993,12.7384509230001 -9.41835518199997,12.736315765 -9.42236789099996,12.735475944 -9.42385435199998,12.753747032 -9.38140822699995,12.7687179960001 -9.35856540099996,12.8031250020001 -9.35376245899994,12.807876191 -9.35267742499997,12.808095101 -9.35185889099995,12.8082473870001 -9.35124023099996,12.811959346 -9.35080240999997,12.8154333590001 -9.34958055899995,12.823884594 -9.33341176999994,12.8137535170001 -9.33067997799998,12.8120418240001 -9.33065504099994,12.8120261990001 -9.33010519299995,12.812714671</coordinates></LinearRing></outerBoundaryIs></Polygon>
  </Placemark>
  <Placemark id="SE_0001.87">
	<name>90978.0</name>
	<description>6826.0</description>
	<Style><LineStyle><color>ff0000ff</color></LineStyle><PolyStyle><fill>0</fill></PolyStyle></Style>
	<ExtendedData><SchemaData schemaUrl="#SE_0001">
		<SimpleData name="fid">6843.0</SimpleData>
		<SimpleData name="id">01</SimpleData>
		<SimpleData name="objectid">Kayes</SimpleData>
		<SimpleData name="region">15</SimpleData>
		<SimpleData name="lregion">Kita</SimpleData>
		<SimpleData name="cercle">1507</SimpleData>
		<SimpleData name="lcercle">Dindenko</SimpleData>
		<SimpleData name="commune">RU</SimpleData>
		<SimpleData name="lcommune">0001</SimpleData>
		<SimpleData name="type_com">001</SimpleData>
		<SimpleData name="num_se">814.0</SimpleData>
		<SimpleData name="num_dd">1522.0</SimpleData>
		<SimpleData name="pop_se">1507001.0</SimpleData>
		<SimpleData name="idzc">15070001.0</SimpleData>
		<SimpleData name="iddd">Accessible</SimpleData>
		<SimpleData name="idse">SE Sedentaire</SimpleData>
		<SimpleData name="resultat_c">Commune Sedentaire</SimpleData>
		<SimpleData name="statut_se">CAPI</SimpleData>
		<SimpleData name="mode_vie_c">Oui</SimpleData>
		<SimpleData name="statut_col">Non</SimpleData>
		<SimpleData name="emprise">CAPI</SimpleData>
		<SimpleData name="affiche_in">Carto RGPH5 2019-2020</SimpleData>
		<SimpleData name="date_modif">0.0030422409</SimpleData>
	</SchemaData></ExtendedData>
      <Polygon><outerBoundaryIs><LinearRing><coordinates>-9.45969282299995,14.1377599460001 -9.49571900699993,14.1240674210001 -9.49593018399997,14.1240852670001 -9.49657858699993,14.1241447530001 -9.49734001399997,14.1241507020001 -9.49788728999994,14.1241596250001 -9.49836615699996,14.124097164 -9.49907999499993,14.124013883 -9.49992767799995,14.1239424990001 -9.50086812299998,14.1238034240001 -9.50108941299993,14.1237837940001 -9.50124407799996,14.123764163 -9.50133152299998,14.123695159 -9.50151831099993,14.1236749330001 -9.50161884299996,14.123674339 -9.50175625699995,14.1236606570001 -9.50183894299994,14.123654113 -9.50192638799996,14.123657682 -9.50199666599997,14.12367579 -9.50210516899995,14.123681501 -9.50220010999993,14.123675076 -9.50231075499994,14.12365723 -9.50238927699996,14.1236172550001 -9.50252062299995,14.1235230290001 -9.50261627699996,14.1234602110001 -9.50269122999993,14.123448076 -9.50276689699996,14.1234416510001 -9.50284541899993,14.123446648 -9.50292179999997,14.1234830540001 -9.50301888199994,14.123531595 -9.50303548499994,14.1235327470001 -9.50305133099994,14.1230809900001 -9.50304990299998,14.12271265 -9.50303705399995,14.1224456740001 -9.50300136199996,14.1221115980001 -9.50293568899997,14.1217589620001 -9.50290142499995,14.121617622 -9.50286858799996,14.1214134640001 -9.50282861299996,14.121273552 -9.50278149999997,14.121030847 -9.50271439899996,14.120685349 -9.50267156899997,14.12049404 -9.50261731699993,14.120195656 -9.50258590799996,14.120048605 -9.50255449899993,14.119884422 -9.50251452399993,14.1196874030001 -9.50245456199997,14.119391874 -9.50242458099996,14.119193427 -9.50238888899997,14.1189978350001 -9.50238888899997,14.118737998 -9.50242172499998,14.1186180730001 -9.50248454299998,14.118419626 -9.50259019099997,14.1182111850001 -9.50274866299998,14.1179356440001 -9.50281005299996,14.1178257130001 -9.50293568899997,14.1176244100001 -9.50309701599997,14.117350296 -9.50319124299995,14.1171604150001 -9.50318410499995,14.116939125 -9.50232565499994,14.1051692130001 -9.46618015499996,14.069727637 -9.46855648399998,14.0437068360001 -9.50715282199997,14.0385664660001 -9.51159382799995,14.0678094780001 -9.51384719799995,14.082647407 -9.51513210599995,14.1044908590001 -9.51573147899995,14.1206739190001 -9.51598871199997,14.12761922 -9.49600123999994,14.1363280470001 -9.47249593599997,14.145890176 -9.46726112199997,14.1429158500001 -9.45969282299995,14.1377599460001</coordinates></LinearRing></outerBoundaryIs></Polygon>
  </Placemark>
  <Placemark id="SE_0001.88">
	<name>90989.0</name>
	<description>6837.0</description>
	<Style><LineStyle><color>ff0000ff</color></LineStyle><PolyStyle><fill>0</fill></PolyStyle></Style>
	<ExtendedData><SchemaData schemaUrl="#SE_0001">
		<SimpleData name="fid">6854.0</SimpleData>
		<SimpleData name="id">01</SimpleData>
		<SimpleData name="objectid">Kayes</SimpleData>
		<SimpleData name="region">15</SimpleData>
		<SimpleData name="lregion">Kita</SimpleData>
		<SimpleData name="cercle">1509</SimpleData>
		<SimpleData name="lcercle">Djougoun</SimpleData>
		<SimpleData name="commune">RU</SimpleData>
		<SimpleData name="lcommune">0001</SimpleData>
		<SimpleData name="type_com">001</SimpleData>
		<SimpleData name="num_se">742.0</SimpleData>
		<SimpleData name="num_dd">1506.0</SimpleData>
		<SimpleData name="pop_se">1509001.0</SimpleData>
		<SimpleData name="idzc">15090001.0</SimpleData>
		<SimpleData name="iddd">Accessible</SimpleData>
		<SimpleData name="idse">SE Sedentaire</SimpleData>
		<SimpleData name="resultat_c">Commune Sedentaire</SimpleData>
		<SimpleData name="statut_se">CAPI</SimpleData>
		<SimpleData name="mode_vie_c">Non</SimpleData>
		<SimpleData name="statut_col">Non</SimpleData>
		<SimpleData name="emprise">CAPI</SimpleData>
		<SimpleData name="affiche_in">Carto RGPH5 2019-2020</SimpleData>
		<SimpleData name="date_modif">0.0037928762</SimpleData>
	</SchemaData></ExtendedData>
      <Polygon><outerBoundaryIs><LinearRing><coordinates>-9.60950895499997,14.201298675 -9.60854756299995,14.204790046 -9.60831552499997,14.2056327120001 -9.60819259199997,14.206079152 -9.60730029399997,14.216043144 -9.60819259199997,14.220207202 -9.61102955499996,14.2244779320001 -9.61254581799994,14.226760497 -9.61426244499995,14.228776887 -9.61426683899998,14.2287930250001 -9.61601992999994,14.2308790770001 -9.61607934399996,14.230949776 -9.62500970999997,14.2415762700001 -9.62503783699998,14.2416097390001 -9.62643945499997,14.243277563 -9.62807590999995,14.2452248280001 -9.62838344099993,14.2455907670001 -9.62987073899995,14.247360545 -9.63324768499996,14.2513788690001 -9.63063339699994,14.2530443640001 -9.62997876699995,14.253287512 -9.62977892099997,14.253361741 -9.62911551099995,14.25360815 -9.62543608499993,14.2549747940001 -9.61920410999994,14.2572895270001 -9.61397716999994,14.2592309620001 -9.60640262699997,14.262800574 -9.60362651499997,14.2641088570001 -9.59935093599995,14.255855995 -9.59851067399995,14.254234094 -9.59681927099996,14.250851288 -9.59506045499995,14.2473336570001 -9.58637542299994,14.2342466220001 -9.57923703999995,14.2244908320001 -9.57542990199994,14.218304233 -9.56377054299998,14.206406928 -9.55365783399998,14.1978408680001 -9.54830404699993,14.1926060540001 -9.54673307199994,14.1909228660001 -9.54644225099997,14.1906112720001 -9.54351850699993,14.1873352380001 -9.53805858899995,14.181217439 -9.54588957199996,14.172035964 -9.54749629399993,14.170152155 -9.55391680699995,14.1626243920001 -9.55464015899997,14.161776294 -9.55680927899994,14.1592330990001 -9.55685210899998,14.1592616510001 -9.55864837799993,14.160365728 -9.55956418799997,14.160928631 -9.56067240399994,14.1616097960001 -9.56411162999996,14.163723717 -9.57117643799995,14.1680661030001 -9.58334166799995,14.175543464 -9.59516921599993,14.1828132690001 -9.59510555599996,14.183028123 -9.59511214299994,14.1830347100001 -9.59703886799997,14.184961435 -9.60090549199998,14.1862998820001 -9.60570173299993,14.1882697680001 -9.60923360599998,14.189720358 -9.61030327799995,14.1933750700001 -9.61101820199997,14.195817726 -9.61029857299997,14.1984311140001 -9.60967484799994,14.200696222 -9.60950895499997,14.201298675</coordinates></LinearRing></outerBoundaryIs></Polygon>
  </Placemark>
  <Placemark id="SE_0001.89">
	<name>91019.0</name>
	<description>6867.0</description>
	<Style><LineStyle><color>ff0000ff</color></LineStyle><PolyStyle><fill>0</fill></PolyStyle></Style>
	<ExtendedData><SchemaData schemaUrl="#SE_0001">
		<SimpleData name="fid">6884.0</SimpleData>
		<SimpleData name="id">01</SimpleData>
		<SimpleData name="objectid">Kayes</SimpleData>
		<SimpleData name="region">15</SimpleData>
		<SimpleData name="lregion">Kita</SimpleData>
		<SimpleData name="cercle">1528</SimpleData>
		<SimpleData name="lcercle">Sefeto Ouest</SimpleData>
		<SimpleData name="commune">RU</SimpleData>
		<SimpleData name="lcommune">0001</SimpleData>
		<SimpleData name="type_com">001</SimpleData>
		<SimpleData name="num_se">877.0</SimpleData>
		<SimpleData name="num_dd">1521.0</SimpleData>
		<SimpleData name="pop_se">1528001.0</SimpleData>
		<SimpleData name="idzc">15280001.0</SimpleData>
		<SimpleData name="iddd">Accessible</SimpleData>
		<SimpleData name="idse">SE Sedentaire</SimpleData>
		<SimpleData name="resultat_c">Commune Sedentaire</SimpleData>
		<SimpleData name="statut_se">CAPI</SimpleData>
		<SimpleData name="mode_vie_c">Oui</SimpleData>
		<SimpleData name="statut_col">Non</SimpleData>
		<SimpleData name="emprise">CAPI</SimpleData>
		<SimpleData name="affiche_in">Carto RGPH5 2019-2020</SimpleData>
		<SimpleData name="date_modif">0.0019699954</SimpleData>
	</SchemaData></ExtendedData>
      <Polygon><outerBoundaryIs><LinearRing><coordinates>-9.82381094099998,14.1424826620001 -9.82365725699998,14.1454308310001 -9.81403778699996,14.15786853 -9.80381562199995,14.171802653 -9.79294624399995,14.1874119180001 -9.78880780399993,14.193465669 -9.78808931799995,14.19313177 -9.78722769699993,14.1909163350001 -9.78403544899993,14.182708302 -9.78290303899996,14.179796605 -9.78009388099997,14.172573588 -9.77950616199996,14.171062423 -9.77493793299993,14.1620603260001 -9.77435708199994,14.1609157090001 -9.77150430599994,14.159278408 -9.76985755799996,14.1583332860001 -9.76992032299995,14.157553213 -9.76997700899994,14.156848683 -9.77009295499994,14.155407639 -9.77009738399994,14.155352598 -9.77021824899998,14.15385042 -9.77026099799997,14.1533191120001 -9.77026623599994,14.1531396980001 -9.77027109199997,14.152973392 -9.77038159999995,14.149188479 -9.77045315199996,14.146737822 -9.77073688999997,14.137019805 -9.77047836999998,14.1317201480001 -9.77045566799995,14.131254757 -9.77049728199995,14.131260733 -9.77110190899998,14.131347567 -9.77838424599997,14.132393408 -9.78972911199997,14.133424759 -9.80823865999997,14.133930139 -9.81761639499996,14.134186186 -9.81791163299994,14.134209217 -9.81894769399997,14.1342900400001 -9.82154055499996,14.1354977070001 -9.82198836999993,14.135594623 -9.82227889299998,14.1356574980001 -9.82252908599997,14.135711643 -9.82341105799998,14.135902517 -9.82393131799995,14.1360151120001 -9.82441662699995,14.136120141 -9.82486327199996,14.136216802 -9.82536112599996,14.1363245480001 -9.82536672799995,14.13632576 -9.82538510199993,14.136591159 -9.82538565499993,14.1365991480001 -9.82543616899994,14.1373287860001 -9.82545238899996,14.1375630790001 -9.82541108199996,14.1376870010001 -9.82513829999994,14.1385053450001 -9.82503993599994,14.138522703 -9.82480868399995,14.1385635130001 -9.82475875699993,14.1385723240001 -9.82449108699996,14.1386195600001 -9.82393905199996,14.1396950760001 -9.82381094099998,14.1424826620001</coordinates></LinearRing></outerBoundaryIs></Polygon>
  </Placemark>
  <Placemark id="SE_0001.90">
	<name>91029.0</name>
	<description>6877.0</description>
	<Style><LineStyle><color>ff0000ff</color></LineStyle><PolyStyle><fill>0</fill></PolyStyle></Style>
	<ExtendedData><SchemaData schemaUrl="#SE_0001">
		<SimpleData name="fid">6894.0</SimpleData>
		<SimpleData name="id">01</SimpleData>
		<SimpleData name="objectid">Kayes</SimpleData>
		<SimpleData name="region">15</SimpleData>
		<SimpleData name="lregion">Kita</SimpleData>
		<SimpleData name="cercle">1520</SimpleData>
		<SimpleData name="lcercle">Kourouninkoto</SimpleData>
		<SimpleData name="commune">RU</SimpleData>
		<SimpleData name="lcommune">0001</SimpleData>
		<SimpleData name="type_com">001</SimpleData>
		<SimpleData name="num_se">1027.0</SimpleData>
		<SimpleData name="num_dd">1522.0</SimpleData>
		<SimpleData name="pop_se">1520001.0</SimpleData>
		<SimpleData name="idzc">15200001.0</SimpleData>
		<SimpleData name="iddd">Accessible</SimpleData>
		<SimpleData name="idse">SE Sedentaire</SimpleData>
		<SimpleData name="resultat_c">Commune Sedentaire</SimpleData>
		<SimpleData name="statut_se">CAPI</SimpleData>
		<SimpleData name="mode_vie_c">Oui</SimpleData>
		<SimpleData name="statut_col">Non</SimpleData>
		<SimpleData name="emprise">CAPI</SimpleData>
		<SimpleData name="affiche_in">Carto RGPH5 2019-2020</SimpleData>
		<SimpleData name="date_modif">0.0046435252</SimpleData>
	</SchemaData></ExtendedData>
      <Polygon><outerBoundaryIs><LinearRing><coordinates>-9.68275899799994,13.82487308 -9.67192599599997,13.8588164870001 -9.64636028999996,13.860913451 -9.58022910799997,13.8574063240001 -9.57984315899995,13.857720651 -9.57952335999994,13.857792987 -9.57918833199994,13.857806312 -9.57903223899996,13.8577625300001 -9.57892754299996,13.8576882900001 -9.57880761799993,13.857654026 -9.57860203199994,13.857680676 -9.57837608599993,13.8576677670001 -9.57834171099995,13.857667281 -9.57830764699997,13.8574915090001 -9.57820057099997,13.857229768 -9.57807445899994,13.856770532 -9.57805542399996,13.85660397 -9.57801973199997,13.8561304570001 -9.57796500399996,13.855747364 -9.57787934399994,13.8551382220001 -9.57780082099993,13.854593326 -9.57775799099994,13.8541412280001 -9.57757420499996,13.8536897550001 -9.57754758399994,13.8536869590001 -9.57726038399994,13.853796274 -9.60117449699993,13.796471872 -9.64250592099995,13.8099998180001 -9.66086090199997,13.8160074800001 -9.68275899799994,13.82487308</coordinates></LinearRing></outerBoundaryIs></Polygon>
  </Placemark>
  <Placemark id="SE_0001.91">
	<name>91037.0</name>
	<description>6885.0</description>
	<Style><LineStyle><color>ff0000ff</color></LineStyle><PolyStyle><fill>0</fill></PolyStyle></Style>
	<ExtendedData><SchemaData schemaUrl="#SE_0001">
		<SimpleData name="fid">6902.0</SimpleData>
		<SimpleData name="id">01</SimpleData>
		<SimpleData name="objectid">Kayes</SimpleData>
		<SimpleData name="region">15</SimpleData>
		<SimpleData name="lregion">Kita</SimpleData>
		<SimpleData name="cercle">1525</SimpleData>
		<SimpleData name="lcercle">Saboula</SimpleData>
		<SimpleData name="commune">RU</SimpleData>
		<SimpleData name="lcommune">0001</SimpleData>
		<SimpleData name="type_com">001</SimpleData>
		<SimpleData name="num_se">974.0</SimpleData>
		<SimpleData name="num_dd">1511.0</SimpleData>
		<SimpleData name="pop_se">1525001.0</SimpleData>
		<SimpleData name="idzc">15250001.0</SimpleData>
		<SimpleData name="iddd">Accessible</SimpleData>
		<SimpleData name="idse">SE Sedentaire</SimpleData>
		<SimpleData name="resultat_c">Commune Sedentaire</SimpleData>
		<SimpleData name="statut_se">CAPI</SimpleData>
		<SimpleData name="mode_vie_c">Non</SimpleData>
		<SimpleData name="statut_col">Non</SimpleData>
		<SimpleData name="emprise">CAPI</SimpleData>
		<SimpleData name="affiche_in">Carto RGPH5 2019-2020</SimpleData>
		<SimpleData name="date_modif">0.0041716152</SimpleData>
	</SchemaData></ExtendedData>
      <Polygon><outerBoundaryIs><LinearRing><coordinates>-9.508915,13.2777120010001 -9.510443,13.2616830010001 -9.51230108599998,13.2580724580001 -9.51331069699995,13.257645316 -9.51357585399995,13.257533134 -9.51916758699997,13.2542613750001 -9.52523521199993,13.247301452 -9.53100540499997,13.2415907450001 -9.53945249199995,13.236117984 -9.54212938599994,13.2354636330001 -9.54379500799996,13.233916983 -9.54504422499997,13.2310616300001 -9.54546063099997,13.228087304 -9.54676933499996,13.226064761 -9.55300793199996,13.223347339 -9.55671989099994,13.2211772700001 -9.55878561299994,13.219045351 -9.55860715299997,13.216784864 -9.55652512499995,13.214940782 -9.55111185099997,13.2138700240001 -9.54741199899996,13.2140129370001 -9.54432677499994,13.214132109 -9.53857385399994,13.2143543240001 -9.54025406099993,13.202019885 -9.54091233999998,13.197187447 -9.54273927899993,13.183775848 -9.54538092899998,13.183977956 -9.54948852899997,13.1842922230001 -9.55345564799995,13.184595723 -9.55423703899993,13.185166145 -9.55855953999998,13.1883216090001 -9.56079447099995,13.18995313 -9.56251290099993,13.1912075970001 -9.57114117599997,13.189930825 -9.57307,13.192272001 -9.57942769499994,13.191010481 -9.57903386699996,13.1961462940001 -9.57545882099993,13.2024688290001 -9.57546477799997,13.2025058830001 -9.58008731699994,13.231259316 -9.58326297499997,13.25101276 -9.58348361699996,13.2511523000001 -9.58348038299994,13.251197844 -9.58247927699995,13.2652950180001 -9.58098626999993,13.2654585980001 -9.57888427499995,13.265688901 -9.53658428299997,13.2814261770001 -9.52356800899997,13.2855211840001 -9.508915,13.2777120010001</coordinates></LinearRing></outerBoundaryIs></Polygon>
  </Placemark>
  <Placemark id="SE_0001.92">
	<name>91048.0</name>
	<description>6896.0</description>
	<Style><LineStyle><color>ff0000ff</color></LineStyle><PolyStyle><fill>0</fill></PolyStyle></Style>
	<ExtendedData><SchemaData schemaUrl="#SE_0001">
		<SimpleData name="fid">6913.0</SimpleData>
		<SimpleData name="id">01</SimpleData>
		<SimpleData name="objectid">Kayes</SimpleData>
		<SimpleData name="region">15</SimpleData>
		<SimpleData name="lregion">Kita</SimpleData>
		<SimpleData name="cercle">1523</SimpleData>
		<SimpleData name="lcercle">Namala Guimba</SimpleData>
		<SimpleData name="commune">RU</SimpleData>
		<SimpleData name="lcommune">0001</SimpleData>
		<SimpleData name="type_com">001</SimpleData>
		<SimpleData name="num_se">926.0</SimpleData>
		<SimpleData name="num_dd">1510.0</SimpleData>
		<SimpleData name="pop_se">1523001.0</SimpleData>
		<SimpleData name="idzc">15230001.0</SimpleData>
		<SimpleData name="iddd">Accessible</SimpleData>
		<SimpleData name="idse">SE Sedentaire</SimpleData>
		<SimpleData name="resultat_c">Commune Sedentaire</SimpleData>
		<SimpleData name="statut_se">CAPI</SimpleData>
		<SimpleData name="mode_vie_c">Oui</SimpleData>
		<SimpleData name="statut_col">Non</SimpleData>
		<SimpleData name="emprise">CAPI</SimpleData>
		<SimpleData name="affiche_in">Carto RGPH5 2019-2020</SimpleData>
		<SimpleData name="date_modif">0.0006868164</SimpleData>
	</SchemaData></ExtendedData>
      <Polygon><outerBoundaryIs><LinearRing><coordinates>-9.37342557999995,13.3866465350001 -9.37316311399996,13.386377512 -9.37316307599997,13.386377474 -9.36985198799994,13.383028327 -9.36662742099998,13.379766696 -9.36270883299994,13.375803067 -9.36100594099997,13.374080602 -9.36113338599995,13.373920764 -9.36181397599995,13.373067184 -9.36370485599997,13.370695691 -9.36466929799997,13.3694861110001 -9.36563373999996,13.368276532 -9.36856666699993,13.3645981290001 -9.36957498099997,13.3633335260001 -9.37170951799993,13.360656444 -9.37278035099996,13.3593134340001 -9.37431834299997,13.3573845220001 -9.37680875399997,13.354261111 -9.37737410099993,13.3535520660001 -9.37896383299994,13.351558266 -9.37902551799993,13.351480902 -9.37905240399994,13.3514471820001 -9.37976252899995,13.35055656 -9.38241309599994,13.3472322870001 -9.38373430999997,13.346622295 -9.38401646499995,13.3464920280001 -9.38451029099997,13.3462640330001 -9.38841926799995,13.351639135 -9.38868083599993,13.3580694400001 -9.38854401699996,13.359372195 -9.38831757099996,13.360866695 -9.38819859799997,13.3613277150001 -9.38807665099995,13.3616043270001 -9.38773162899997,13.36238955 -9.38759816499993,13.362642248 -9.38752582899997,13.3628782910001 -9.38743065099993,13.363030576 -9.38736402599994,13.3632513900001 -9.38720983699994,13.3635978400001 -9.38716833899997,13.3636703020001 -9.38705222199997,13.3639634520001 -9.38696084999998,13.364134773 -9.38691135699997,13.3642185300001 -9.38680475799993,13.3643727190001 -9.38690245799995,13.364519151 -9.38697027299997,13.364641218 -9.38700310899998,13.3647204540001 -9.38699597099998,13.3647718500001 -9.38698274099994,13.3648177260001 -9.38699035599996,13.364979529 -9.38705317299997,13.3651108760001 -9.38714073699998,13.3654325790001 -9.38720545899997,13.3656172250001 -9.38738058699994,13.3659884210001 -9.39038978699995,13.3741811560001 -9.37735527399997,13.390674389 -9.37342557999995,13.3866465350001</coordinates></LinearRing></outerBoundaryIs></Polygon>
  </Placemark>
  <Placemark id="SE_0001.93">
	<name>91083.0</name>
	<description>6931.0</description>
	<Style><LineStyle><color>ff0000ff</color></LineStyle><PolyStyle><fill>0</fill></PolyStyle></Style>
	<ExtendedData><SchemaData schemaUrl="#SE_0001">
		<SimpleData name="fid">6948.0</SimpleData>
		<SimpleData name="id">01</SimpleData>
		<SimpleData name="objectid">Kayes</SimpleData>
		<SimpleData name="region">15</SimpleData>
		<SimpleData name="lregion">Kita</SimpleData>
		<SimpleData name="cercle">1531</SimpleData>
		<SimpleData name="lcercle">Souransan tomoto</SimpleData>
		<SimpleData name="commune">RU</SimpleData>
		<SimpleData name="lcommune">0001</SimpleData>
		<SimpleData name="type_com">001</SimpleData>
		<SimpleData name="num_se">1080.0</SimpleData>
		<SimpleData name="num_dd">1511.0</SimpleData>
		<SimpleData name="pop_se">1531001.0</SimpleData>
		<SimpleData name="idzc">15310001.0</SimpleData>
		<SimpleData name="iddd">Accessible</SimpleData>
		<SimpleData name="idse">SE Sedentaire</SimpleData>
		<SimpleData name="resultat_c">Commune Sedentaire</SimpleData>
		<SimpleData name="statut_se">CAPI</SimpleData>
		<SimpleData name="mode_vie_c">Oui</SimpleData>
		<SimpleData name="statut_col">Non</SimpleData>
		<SimpleData name="emprise">CAPI</SimpleData>
		<SimpleData name="affiche_in">Carto RGPH5 2019-2020</SimpleData>
		<SimpleData name="date_modif">0.0001801148</SimpleData>
	</SchemaData></ExtendedData>
      <Polygon><outerBoundaryIs><LinearRing><coordinates>-9.45899727899996,13.2728108470001 -9.46076215399995,13.259919597 -9.46670318899993,13.258848211 -9.46674271999996,13.2588410820001 -9.46693736199995,13.25880598 -9.46766633999994,13.2586745200001 -9.46861905799994,13.258502709 -9.47094987599996,13.258082378 -9.47267171899995,13.257771867 -9.47368657499993,13.2577838030001 -9.47372220399996,13.2577842220001 -9.47316665999995,13.2614930340001 -9.47292303499995,13.2631194790001 -9.47276079899996,13.2642025660001 -9.47253268599997,13.2657254530001 -9.47219615099993,13.2679721640001 -9.46919626499994,13.2678012700001 -9.46923329999993,13.26884046 -9.46930007599997,13.2699809100001 -9.46898161099995,13.270144827 -9.46899915099993,13.2703450770001 -9.46941421199995,13.270760137 -9.46962538899993,13.2707779830001 -9.46965810599994,13.270879586 -9.46974662199995,13.2709666750001 -9.46995077999998,13.2710808890001 -9.47004072399994,13.2712265120001 -9.46998932699995,13.271390694 -9.47004215099997,13.2714292420001 -9.47006213899994,13.271699073 -9.47008212599997,13.271901803 -9.47007927099997,13.2720459980001 -9.47006356599996,13.272184483 -9.46999789299997,13.27238293 -9.46984227699994,13.2727823220001 -9.46995649099995,13.2731297240001 -9.46989363299997,13.274167565 -9.46157602399995,13.2741989680001 -9.45971813399996,13.2742059820001 -9.45949874999997,13.2742068100001 -9.45917044699996,13.27420805 -9.45903225999996,13.2730930870001 -9.45899727899996,13.2728108470001</coordinates></LinearRing></outerBoundaryIs></Polygon>
  </Placemark>
  <Placemark id="SE_0001.94">
	<name>91091.0</name>
	<description>6939.0</description>
	<Style><LineStyle><color>ff0000ff</color></LineStyle><PolyStyle><fill>0</fill></PolyStyle></Style>
	<ExtendedData><SchemaData schemaUrl="#SE_0001">
		<SimpleData name="fid">6956.0</SimpleData>
		<SimpleData name="id">01</SimpleData>
		<SimpleData name="objectid">Kayes</SimpleData>
		<SimpleData name="region">15</SimpleData>
		<SimpleData name="lregion">Kita</SimpleData>
		<SimpleData name="cercle">1533</SimpleData>
		<SimpleData name="lcercle">Toukoto</SimpleData>
		<SimpleData name="commune">RU</SimpleData>
		<SimpleData name="lcommune">0001</SimpleData>
		<SimpleData name="type_com">001</SimpleData>
		<SimpleData name="num_se">663.0</SimpleData>
		<SimpleData name="num_dd">1511.0</SimpleData>
		<SimpleData name="pop_se">1533001.0</SimpleData>
		<SimpleData name="idzc">15330001.0</SimpleData>
		<SimpleData name="iddd">Accessible</SimpleData>
		<SimpleData name="idse">SE Sedentaire</SimpleData>
		<SimpleData name="resultat_c">Commune Sedentaire</SimpleData>
		<SimpleData name="statut_se">CAPI</SimpleData>
		<SimpleData name="mode_vie_c">Oui</SimpleData>
		<SimpleData name="statut_col">Non</SimpleData>
		<SimpleData name="emprise">CAPI</SimpleData>
		<SimpleData name="affiche_in">Carto RGPH5 2019-2020</SimpleData>
		<SimpleData name="date_modif">0.0010746808</SimpleData>
	</SchemaData></ExtendedData>
      <Polygon><outerBoundaryIs><LinearRing><coordinates>-9.87895795499998,13.450824029 -9.87928632099994,13.4497675480001 -9.87963015299994,13.448569489 -9.88016553199998,13.448926409 -9.88119464899995,13.449640248 -9.88162889999995,13.4499376800001 -9.88275779699995,13.4494390950001 -9.89150265399996,13.447830223 -9.89549866899995,13.4473332050001 -9.89917855599998,13.4468755090001 -9.90772707299993,13.445812259 -9.90519332699995,13.4515465260001 -9.89948261999996,13.457971071 -9.89876878199993,13.469630431 -9.90114824299997,13.4831933580001 -9.88771473399993,13.489034964 -9.88698030699993,13.487959582 -9.88116634299996,13.4877752740001 -9.86719913199994,13.487332499 -9.87430753699994,13.4645011710001 -9.87600647199997,13.459542374 -9.87679169399996,13.457191466 -9.87727710399997,13.4557257180001 -9.87777441099996,13.454194773 -9.87806565799997,13.453393847 -9.87847254499997,13.4521945980001 -9.87877235699995,13.451373684 -9.87895795499998,13.450824029</coordinates></LinearRing></outerBoundaryIs></Polygon>
  </Placemark>
  <Placemark id="SE_0001.95">
	<name>91100.0</name>
	<description>6948.0</description>
	<Style><LineStyle><color>ff0000ff</color></LineStyle><PolyStyle><fill>0</fill></PolyStyle></Style>
	<ExtendedData><SchemaData schemaUrl="#SE_0001">
		<SimpleData name="fid">6965.0</SimpleData>
		<SimpleData name="id">01</SimpleData>
		<SimpleData name="objectid">Kayes</SimpleData>
		<SimpleData name="region">15</SimpleData>
		<SimpleData name="lregion">Kita</SimpleData>
		<SimpleData name="cercle">1524</SimpleData>
		<SimpleData name="lcercle">Niantanso</SimpleData>
		<SimpleData name="commune">RU</SimpleData>
		<SimpleData name="lcommune">0001</SimpleData>
		<SimpleData name="type_com">001</SimpleData>
		<SimpleData name="num_se">859.0</SimpleData>
		<SimpleData name="num_dd">1514.0</SimpleData>
		<SimpleData name="pop_se">1524001.0</SimpleData>
		<SimpleData name="idzc">15240001.0</SimpleData>
		<SimpleData name="iddd">Accessible</SimpleData>
		<SimpleData name="idse">SE Sedentaire</SimpleData>
		<SimpleData name="resultat_c">Commune Sedentaire</SimpleData>
		<SimpleData name="statut_se">CAPI</SimpleData>
		<SimpleData name="mode_vie_c">Oui</SimpleData>
		<SimpleData name="statut_col">Non</SimpleData>
		<SimpleData name="emprise">CAPI</SimpleData>
		<SimpleData name="affiche_in">Carto RGPH5 2019-2020</SimpleData>
		<SimpleData name="date_modif">0.001987202</SimpleData>
	</SchemaData></ExtendedData>
      <Polygon><outerBoundaryIs><LinearRing><coordinates>-10.224944475,13.2395508750001 -10.2284903679999,13.2383581710001 -10.2341202109999,13.26513641 -10.196341016,13.2807803750001 -10.19409565,13.2818850260001 -10.186881281,13.2854342740001 -10.180618646,13.288515298 -10.1756058829999,13.2909814230001 -10.1739486889999,13.2828154590001 -10.1734647989999,13.2817708970001 -10.173444,13.281726 -10.173172,13.281283 -10.173044,13.280912 -10.173087,13.280355 -10.173101,13.279712 -10.173238,13.278733 -10.1732600409999,13.278640667 -10.173263939,13.278624338 -10.173386,13.278113 -10.1735193919999,13.277648007 -10.173528,13.277618 -10.173559322,13.2776086220001 -10.173742064,13.277290726 -10.173857,13.277019 -10.174076457,13.276550263 -10.174076714,13.276549715 -10.174088163,13.276525259 -10.1728170379999,13.275974547 -10.1728541689999,13.275894696 -10.1730526159999,13.275490663 -10.1731412939999,13.275279282 -10.173158427,13.27517649 -10.173147005,13.275035626 -10.173070862,13.2749118940001 -10.1730784769999,13.2743522440001 -10.174165048,13.2481100100001 -10.1883858369999,13.2467426260001 -10.193230226,13.2462768190001 -10.199543729,13.2453805550001 -10.2051217539999,13.244100352 -10.2179640439999,13.2411529410001 -10.224944475,13.2395508750001</coordinates></LinearRing></outerBoundaryIs></Polygon>
  </Placemark>
  <Placemark id="SE_0001.96">
	<name>91124.0</name>
	<description>6972.0</description>
	<Style><LineStyle><color>ff0000ff</color></LineStyle><PolyStyle><fill>0</fill></PolyStyle></Style>
	<ExtendedData><SchemaData schemaUrl="#SE_0001">
		<SimpleData name="fid">6989.0</SimpleData>
		<SimpleData name="id">01</SimpleData>
		<SimpleData name="objectid">Kayes</SimpleData>
		<SimpleData name="region">15</SimpleData>
		<SimpleData name="lregion">Kita</SimpleData>
		<SimpleData name="cercle">1516</SimpleData>
		<SimpleData name="lcercle">Kobri</SimpleData>
		<SimpleData name="commune">RU</SimpleData>
		<SimpleData name="lcommune">0001</SimpleData>
		<SimpleData name="type_com">001</SimpleData>
		<SimpleData name="num_se">914.0</SimpleData>
		<SimpleData name="num_dd">1514.0</SimpleData>
		<SimpleData name="pop_se">1516001.0</SimpleData>
		<SimpleData name="idzc">15160001.0</SimpleData>
		<SimpleData name="iddd">Accessible</SimpleData>
		<SimpleData name="idse">SE Sedentaire</SimpleData>
		<SimpleData name="resultat_c">Commune Sedentaire</SimpleData>
		<SimpleData name="statut_se">CAPI</SimpleData>
		<SimpleData name="mode_vie_c">Non</SimpleData>
		<SimpleData name="statut_col">Oui</SimpleData>
		<SimpleData name="emprise">CAPI</SimpleData>
		<SimpleData name="affiche_in">Carto RGPH5 2019-2020</SimpleData>
		<SimpleData name="date_modif">2.00336e-05</SimpleData>
	</SchemaData></ExtendedData>
      <Polygon><outerBoundaryIs><LinearRing><coordinates>-9.90367862099993,13.1179513320001 -9.90368533299994,13.1192334290001 -9.90343648399994,13.119265973 -9.90169547699998,13.1194936630001 -9.90095017099998,13.119808661 -9.900593,13.119994 -9.89986671799994,13.120251712 -9.89888518999993,13.1206550310001 -9.89860266199997,13.120327893 -9.89824753799996,13.1199166970001 -9.89788220199995,13.119493676 -9.89780015599996,13.1193986750001 -9.89723265499993,13.1186312990001 -9.89703954999993,13.118282637 -9.89698629299994,13.118186479 -9.89694387799995,13.116853447 -9.89708708599994,13.1167325750001 -9.89737650399996,13.1164882960001 -9.898445,13.116289 -9.89858003299997,13.1162952920001 -9.89923205399998,13.116325676 -9.90138107999996,13.116594305 -9.90175453999996,13.116814887 -9.90367862099993,13.1179513320001</coordinates></LinearRing></outerBoundaryIs></Polygon>
  </Placemark>
  <Placemark id="SE_0001.97">
	<name>91142.0</name>
	<description>6990.0</description>
	<Style><LineStyle><color>ff0000ff</color></LineStyle><PolyStyle><fill>0</fill></PolyStyle></Style>
	<ExtendedData><SchemaData schemaUrl="#SE_0001">
		<SimpleData name="fid">7007.0</SimpleData>
		<SimpleData name="id">01</SimpleData>
		<SimpleData name="objectid">Kayes</SimpleData>
		<SimpleData name="region">15</SimpleData>
		<SimpleData name="lregion">Kita</SimpleData>
		<SimpleData name="cercle">1532</SimpleData>
		<SimpleData name="lcercle">Tambaga</SimpleData>
		<SimpleData name="commune">RU</SimpleData>
		<SimpleData name="lcommune">0001</SimpleData>
		<SimpleData name="type_com">001</SimpleData>
		<SimpleData name="num_se">806.0</SimpleData>
		<SimpleData name="num_dd">1513.0</SimpleData>
		<SimpleData name="pop_se">1532001.0</SimpleData>
		<SimpleData name="idzc">15320001.0</SimpleData>
		<SimpleData name="iddd">Accessible</SimpleData>
		<SimpleData name="idse">SE Sedentaire</SimpleData>
		<SimpleData name="resultat_c">Commune Sedentaire</SimpleData>
		<SimpleData name="statut_se">CAPI</SimpleData>
		<SimpleData name="mode_vie_c">Oui</SimpleData>
		<SimpleData name="statut_col">Non</SimpleData>
		<SimpleData name="emprise">CAPI</SimpleData>
		<SimpleData name="affiche_in">Carto RGPH5 2019-2020</SimpleData>
		<SimpleData name="date_modif">0.00050963</SimpleData>
	</SchemaData></ExtendedData>
      <Polygon><outerBoundaryIs><LinearRing><coordinates>-9.86966663599998,12.9656861330001 -9.86031196099998,12.9502406170001 -9.88284454599994,12.9468910300001 -9.89311144399994,12.9552276520001 -9.89989934099998,12.9607393590001 -9.87537139399996,12.9692949820001 -9.87529102799994,12.968170786 -9.87526723299993,12.96771274 -9.87478539199998,12.967879302 -9.87400998599998,12.968233544 -9.87368875799996,12.968358466 -9.87356740599995,12.968372743 -9.87323547099993,12.968219268 -9.87288033699997,12.967864133 -9.87260193999998,12.9676856730001 -9.87235566499993,12.967496506 -9.87193806999994,12.9672930620001 -9.87162754999997,12.9671431560001 -9.87094583499993,12.966864759 -9.87037476399996,12.966572086 -9.86966663599998,12.9656861330001</coordinates></LinearRing></outerBoundaryIs></Polygon>
  </Placemark>
  <Placemark id="SE_0001.98">
	<name>91148.0</name>
	<description>6996.0</description>
	<Style><LineStyle><color>ff0000ff</color></LineStyle><PolyStyle><fill>0</fill></PolyStyle></Style>
	<ExtendedData><SchemaData schemaUrl="#SE_0001">
		<SimpleData name="fid">7013.0</SimpleData>
		<SimpleData name="id">01</SimpleData>
		<SimpleData name="objectid">Kayes</SimpleData>
		<SimpleData name="region">15</SimpleData>
		<SimpleData name="lregion">Kita</SimpleData>
		<SimpleData name="cercle">1506</SimpleData>
		<SimpleData name="lcercle">Bougaribaya</SimpleData>
		<SimpleData name="commune">RU</SimpleData>
		<SimpleData name="lcommune">0001</SimpleData>
		<SimpleData name="type_com">001</SimpleData>
		<SimpleData name="num_se">1038.0</SimpleData>
		<SimpleData name="num_dd">1513.0</SimpleData>
		<SimpleData name="pop_se">1506001.0</SimpleData>
		<SimpleData name="idzc">15060001.0</SimpleData>
		<SimpleData name="iddd">Accessible</SimpleData>
		<SimpleData name="idse">SE Sedentaire</SimpleData>
		<SimpleData name="resultat_c">Commune Sedentaire</SimpleData>
		<SimpleData name="statut_se">CAPI</SimpleData>
		<SimpleData name="mode_vie_c">Non</SimpleData>
		<SimpleData name="statut_col">Non</SimpleData>
		<SimpleData name="emprise">CAPI</SimpleData>
		<SimpleData name="affiche_in">Carto RGPH5 2019-2020</SimpleData>
		<SimpleData name="date_modif">0.0011479223</SimpleData>
	</SchemaData></ExtendedData>
      <Polygon><outerBoundaryIs><LinearRing><coordinates>-9.82683913599993,12.8228972000001 -9.82711636099998,12.8222635450001 -9.82997171399995,12.8193368070001 -9.83382644099993,12.813697485 -9.83631327199993,12.809789607 -9.83784446599998,12.807606607 -9.83851915699995,12.806322638 -9.88593828499995,12.827537702 -9.88043244799997,12.831485646 -9.87256777599993,12.837124986 -9.87231848399995,12.83730374 -9.86904398699994,12.839651707 -9.86707229199993,12.8410655050001 -9.86666906599993,12.841354638 -9.85884409599993,12.846965509 -9.82683913599993,12.8228972000001</coordinates></LinearRing></outerBoundaryIs></Polygon>
  </Placemark>
  <Placemark id="SE_0001.99">
	<name>91155.0</name>
	<description>7003.0</description>
	<Style><LineStyle><color>ff0000ff</color></LineStyle><PolyStyle><fill>0</fill></PolyStyle></Style>
	<ExtendedData><SchemaData schemaUrl="#SE_0001">
		<SimpleData name="fid">7020.0</SimpleData>
		<SimpleData name="id">01</SimpleData>
		<SimpleData name="objectid">Kayes</SimpleData>
		<SimpleData name="region">15</SimpleData>
		<SimpleData name="lregion">Kita</SimpleData>
		<SimpleData name="cercle">1505</SimpleData>
		<SimpleData name="lcercle">Boudofo</SimpleData>
		<SimpleData name="commune">RU</SimpleData>
		<SimpleData name="lcommune">0001</SimpleData>
		<SimpleData name="type_com">001</SimpleData>
		<SimpleData name="num_se">980.0</SimpleData>
		<SimpleData name="num_dd">1507.0</SimpleData>
		<SimpleData name="pop_se">1505001.0</SimpleData>
		<SimpleData name="idzc">15050001.0</SimpleData>
		<SimpleData name="iddd">Accessible</SimpleData>
		<SimpleData name="idse">SE Sedentaire</SimpleData>
		<SimpleData name="resultat_c">Commune Sedentaire</SimpleData>
		<SimpleData name="statut_se">CAPI</SimpleData>
		<SimpleData name="mode_vie_c">Non</SimpleData>
		<SimpleData name="statut_col">Non</SimpleData>
		<SimpleData name="emprise">CAPI</SimpleData>
		<SimpleData name="affiche_in">Carto RGPH5 2019-2020</SimpleData>
		<SimpleData name="date_modif">0.0014876032</SimpleData>
	</SchemaData></ExtendedData>
      <Polygon><outerBoundaryIs><LinearRing><coordinates>-9.48699705299998,13.101757359 -9.48697340399997,13.1011814730001 -9.48715444899995,13.100654145 -9.48728541099996,13.1002726940001 -9.48777342799997,13.0988512530001 -9.48714828799996,13.096435173 -9.48693413699993,13.094436425 -9.48698239399994,13.0934350860001 -9.48702931499997,13.092461472 -9.48731727699993,13.091772109 -9.48746866099998,13.091409705 -9.48781453699996,13.090581699 -9.48879011599996,13.089130228 -9.49154455299993,13.087867144 -9.49175182799996,13.087263416 -9.49210075199994,13.0871563330001 -9.50246501199996,13.0726415280001 -9.50258576199997,13.07265275 -9.50268112599997,13.072661612 -9.50574254199995,13.072946114 -9.50781766299997,13.073138957 -9.51504209199993,13.073810333 -9.51926880099995,13.074203127 -9.52225219999997,13.074480378 -9.53472343499993,13.0756393450001 -9.54332927899998,13.076439098 -9.54385977099997,13.07700391 -9.54476665399994,13.0779694620001 -9.54818660899997,13.0816106660001 -9.54933489799993,13.082833244 -9.55131484599997,13.084941283 -9.55245415799993,13.0861543 -9.56116846699996,13.095432375 -9.56217226199993,13.096501109 -9.53508067899998,13.1017730360001 -9.53633561499993,13.097833499 -9.53188019399994,13.098017499 -9.52645502199994,13.098350623 -9.52628395199997,13.103368699 -9.52436446599995,13.103939632 -9.51719746599997,13.097114923 -9.49987457299994,13.0945735810001 -9.49865912799993,13.104161225 -9.48699705299998,13.101757359</coordinates></LinearRing></outerBoundaryIs></Polygon>
  </Placemark>
  <Placemark id="SE_0001.100">
	<name>91242.0</name>
	<description>7090.0</description>
	<Style><LineStyle><color>ff0000ff</color></LineStyle><PolyStyle><fill>0</fill></PolyStyle></Style>
	<ExtendedData><SchemaData schemaUrl="#SE_0001">
		<SimpleData name="fid">7107.0</SimpleData>
		<SimpleData name="id">01</SimpleData>
		<SimpleData name="objectid">Kayes</SimpleData>
		<SimpleData name="region">15</SimpleData>
		<SimpleData name="lregion">Kita</SimpleData>
		<SimpleData name="cercle">1501</SimpleData>
		<SimpleData name="lcercle">Kita Commune</SimpleData>
		<SimpleData name="commune">UR</SimpleData>
		<SimpleData name="lcommune">0001</SimpleData>
		<SimpleData name="type_com">001</SimpleData>
		<SimpleData name="num_se">703.0</SimpleData>
		<SimpleData name="num_dd">1502.0</SimpleData>
		<SimpleData name="pop_se">1501001.0</SimpleData>
		<SimpleData name="idzc">15010001.0</SimpleData>
		<SimpleData name="iddd">Accessible</SimpleData>
		<SimpleData name="idse">SE Sedentaire</SimpleData>
		<SimpleData name="resultat_c">Commune Sedentaire</SimpleData>
		<SimpleData name="statut_se">CAPI</SimpleData>
		<SimpleData name="mode_vie_c">Non</SimpleData>
		<SimpleData name="statut_col">Oui</SimpleData>
		<SimpleData name="emprise">CAPI</SimpleData>
		<SimpleData name="affiche_in">Carto RGPH5 2019-2020</SimpleData>
		<SimpleData name="date_modif">1.39449e-05</SimpleData>
	</SchemaData></ExtendedData>
      <Polygon><outerBoundaryIs><LinearRing><coordinates>-9.46642942199998,13.03681306 -9.46641360999996,13.0368011460001 -9.46641678899994,13.036771092 -9.46803609299997,13.033927218 -9.46743840199997,13.032870283 -9.46725994299993,13.032599025 -9.46724142599993,13.03257088 -9.46712982199995,13.0324012410001 -9.46712785799997,13.032398255 -9.46822356999996,13.0323428500001 -9.46826597099994,13.032380367 -9.46942757699998,13.03345168 -9.46971756399995,13.033844706 -9.46987849199996,13.034062815 -9.46988362699994,13.034068631 -9.47050607499995,13.0347736800001 -9.46979973599997,13.0356073560001 -9.46932887799994,13.036138986 -9.47010315899996,13.0372155330001 -9.47038500499997,13.037588645 -9.47064412599997,13.0379316720001 -9.47049989499993,13.0380700580001 -9.46962263699993,13.0389157710001 -9.46830475499996,13.0376787230001 -9.46739682499998,13.036940497 -9.46719838599995,13.0373840660001 -9.46712720899995,13.037338864 -9.46642942199998,13.03681306</coordinates></LinearRing></outerBoundaryIs></Polygon>
  </Placemark>
  <Placemark id="SE_0001.101">
	<name>91302.0</name>
	<description>7150.0</description>
	<Style><LineStyle><color>ff0000ff</color></LineStyle><PolyStyle><fill>0</fill></PolyStyle></Style>
	<ExtendedData><SchemaData schemaUrl="#SE_0001">
		<SimpleData name="fid">7167.0</SimpleData>
		<SimpleData name="id">01</SimpleData>
		<SimpleData name="objectid">Kayes</SimpleData>
		<SimpleData name="region">15</SimpleData>
		<SimpleData name="lregion">Kita</SimpleData>
		<SimpleData name="cercle">1503</SimpleData>
		<SimpleData name="lcercle">Bendougouba</SimpleData>
		<SimpleData name="commune">RU</SimpleData>
		<SimpleData name="lcommune">0001</SimpleData>
		<SimpleData name="type_com">001</SimpleData>
		<SimpleData name="num_se">845.0</SimpleData>
		<SimpleData name="num_dd">1505.0</SimpleData>
		<SimpleData name="pop_se">1503001.0</SimpleData>
		<SimpleData name="idzc">15030001.0</SimpleData>
		<SimpleData name="iddd">Accessible</SimpleData>
		<SimpleData name="idse">SE Sedentaire</SimpleData>
		<SimpleData name="resultat_c">Commune Sedentaire</SimpleData>
		<SimpleData name="statut_se">CAPI</SimpleData>
		<SimpleData name="mode_vie_c">Oui</SimpleData>
		<SimpleData name="statut_col">Non</SimpleData>
		<SimpleData name="emprise">CAPI</SimpleData>
		<SimpleData name="affiche_in">Carto RGPH5 2019-2020</SimpleData>
		<SimpleData name="date_modif">0.0008339745</SimpleData>
	</SchemaData></ExtendedData>
      <Polygon><outerBoundaryIs><LinearRing><coordinates>-9.38865595199997,13.0685288130001 -9.38857628499994,13.067775413 -9.38777786799994,13.05953134 -9.38848423699994,13.059555421 -9.38894228299995,13.0595821900001 -9.39026883299994,13.0595762410001 -9.39128605199994,13.0595613690001 -9.39158348499996,13.0595435230001 -9.39175599599997,13.059538764 -9.39191898899998,13.0595221080001 -9.39253169999995,13.059519729 -9.39270896999994,13.059489985 -9.39285292799997,13.0595256770001 -9.39346206999994,13.0595673180001 -9.39413426699997,13.0596089590001 -9.39433414199993,13.059566128 -9.39439600799994,13.0595423340001 -9.39402005299996,13.058728558 -9.39366789299993,13.05810038 -9.39358937099996,13.057996636 -9.39356938299994,13.0579395290001 -9.39349942699994,13.0578367360001 -9.39340234499997,13.0577782010001 -9.39333809999994,13.0577011070001 -9.39330954599995,13.0576382890001 -9.39344231999996,13.0576083080001 -9.39350513799997,13.057618301 -9.39380066699994,13.0575611940001 -9.39437744799994,13.057452691 -9.39465441699997,13.0573913010001 -9.39473008399995,13.05736132 -9.39462443599996,13.0571757220001 -9.39454876899993,13.057008684 -9.39454615199998,13.0569691850001 -9.39462610199996,13.0569463420001 -9.39482597699993,13.056907794 -9.39494447399994,13.0568849520001 -9.39506011599997,13.0568506870001 -9.39520002799998,13.056783587 -9.39553695999996,13.0566736550001 -9.39556979599996,13.0566493850001 -9.39549698499997,13.0563881200001 -9.39544701599993,13.0561525530001 -9.39544273299998,13.055819905 -9.39560834299994,13.0554258660001 -9.39566116699996,13.055345916 -9.39568543799993,13.0552202810001 -9.39571827499998,13.0549661540001 -9.39576110499996,13.054410788 -9.39540322799996,13.0435907310001 -9.40277520099994,13.0435665040001 -9.40536881299994,13.043590298 -9.40669381999993,13.0439998730001 -9.42965265399994,13.0510967230001 -9.42951356799995,13.055250044 -9.42932326699997,13.060932698 -9.42924915199995,13.063145892 -9.42914215199994,13.066341064 -9.42903969799994,13.069400493 -9.40539328199998,13.068525989 -9.38961745499995,13.068525989 -9.38865595199997,13.0685288130001</coordinates></LinearRing></outerBoundaryIs></Polygon>
  </Placemark>
  <Placemark id="SE_0001.102">
	<name>91321.0</name>
	<description>7169.0</description>
	<Style><LineStyle><color>ff0000ff</color></LineStyle><PolyStyle><fill>0</fill></PolyStyle></Style>
	<ExtendedData><SchemaData schemaUrl="#SE_0001">
		<SimpleData name="fid">7186.0</SimpleData>
		<SimpleData name="id">01</SimpleData>
		<SimpleData name="objectid">Kayes</SimpleData>
		<SimpleData name="region">15</SimpleData>
		<SimpleData name="lregion">Kita</SimpleData>
		<SimpleData name="cercle">1502</SimpleData>
		<SimpleData name="lcercle">Badia</SimpleData>
		<SimpleData name="commune">RU</SimpleData>
		<SimpleData name="lcommune">0001</SimpleData>
		<SimpleData name="type_com">001</SimpleData>
		<SimpleData name="num_se">779.0</SimpleData>
		<SimpleData name="num_dd">1505.0</SimpleData>
		<SimpleData name="pop_se">1502001.0</SimpleData>
		<SimpleData name="idzc">15020001.0</SimpleData>
		<SimpleData name="iddd">Accessible</SimpleData>
		<SimpleData name="idse">SE Sedentaire</SimpleData>
		<SimpleData name="resultat_c">Commune Sedentaire</SimpleData>
		<SimpleData name="statut_se">CAPI</SimpleData>
		<SimpleData name="mode_vie_c">Non</SimpleData>
		<SimpleData name="statut_col">Non</SimpleData>
		<SimpleData name="emprise">CAPI</SimpleData>
		<SimpleData name="affiche_in">Carto RGPH5 2019-2020</SimpleData>
		<SimpleData name="date_modif">0.0021637545</SimpleData>
	</SchemaData></ExtendedData>
      <Polygon><outerBoundaryIs><LinearRing><coordinates>-9.44170183699993,13.0092806390001 -9.43955668199993,13.007993545 -9.43648310999993,13.0061494030001 -9.43634804999994,13.006068366 -9.43172779299994,13.000139109 -9.42967879299994,12.99750959 -9.42829446399998,12.9957330550001 -9.42797966599994,12.995329069 -9.42526212099995,12.995763315 -9.42331971099998,12.9960737010001 -9.41944223799993,12.996693296 -9.41834743199996,12.995155922 -9.41734685099993,12.9937508630001 -9.41723547099997,12.993594457 -9.41719539999997,12.9935381880001 -9.41663670099996,12.9934583740001 -9.41651086099995,12.993440397 -9.41386415499994,12.9930622950001 -9.41201401599994,12.991298445 -9.40858220399997,12.991132276 -9.40807562699996,12.991107748 -9.40600251999996,12.9910073680001 -9.40598337999995,12.99100644 -9.40522849099995,12.9906677270001 -9.40316002099996,12.9897396220001 -9.40924327899995,12.9774504650001 -9.41150800699995,12.9695932440001 -9.42483298899998,12.9478211750001 -9.43359210199998,12.93624285 -9.43465145899995,12.937577305 -9.43495833599997,12.937828729 -9.45388323199995,12.953333876 -9.45551395899997,12.954669929 -9.45548266099996,12.955045758 -9.45546541399995,12.9552528560001 -9.45502739599993,12.96051255 -9.45455308399994,12.966208055 -9.45326359999996,12.969026818 -9.45069646299993,12.9746384790001 -9.45054582099993,12.974967776 -9.44936295099996,12.977553485 -9.44911157699994,12.978102978 -9.44908260499994,12.9781663090001 -9.44513478499994,12.9867960920001 -9.44282442299993,12.991846455 -9.44264947199997,12.99222889 -9.44281110899993,12.992439147 -9.44389469599997,12.9938486660001 -9.44434534999994,12.994434873 -9.44764053999995,12.998721227 -9.45146270499993,13.0036930640001 -9.45455092599997,13.007710194 -9.45599994399993,13.009980323 -9.45883395599998,13.014420274 -9.45243780299995,13.0125014290001 -9.45002319099996,13.011777045 -9.44900500399996,13.0114715890001 -9.44879543699994,13.011408719 -9.44778567299994,13.01110579 -9.44621805099996,13.0106355020001 -9.44170183699993,13.0092806390001</coordinates></LinearRing></outerBoundaryIs></Polygon>
  </Placemark>
  <Placemark id="SE_0001.103">
	<name>91334.0</name>
	<description>7182.0</description>
	<Style><LineStyle><color>ff0000ff</color></LineStyle><PolyStyle><fill>0</fill></PolyStyle></Style>
	<ExtendedData><SchemaData schemaUrl="#SE_0001">
		<SimpleData name="fid">7199.0</SimpleData>
		<SimpleData name="id">01</SimpleData>
		<SimpleData name="objectid">Kayes</SimpleData>
		<SimpleData name="region">15</SimpleData>
		<SimpleData name="lregion">Kita</SimpleData>
		<SimpleData name="cercle">1511</SimpleData>
		<SimpleData name="lcercle">Gadougou 2</SimpleData>
		<SimpleData name="commune">RU</SimpleData>
		<SimpleData name="lcommune">0001</SimpleData>
		<SimpleData name="type_com">001</SimpleData>
		<SimpleData name="num_se">918.0</SimpleData>
		<SimpleData name="num_dd">1515.0</SimpleData>
		<SimpleData name="pop_se">1511001.0</SimpleData>
		<SimpleData name="idzc">15110001.0</SimpleData>
		<SimpleData name="iddd">Accessible</SimpleData>
		<SimpleData name="idse">SE Sedentaire</SimpleData>
		<SimpleData name="resultat_c">Commune Sedentaire</SimpleData>
		<SimpleData name="statut_se">CAPI</SimpleData>
		<SimpleData name="mode_vie_c">Oui</SimpleData>
		<SimpleData name="statut_col">Non</SimpleData>
		<SimpleData name="emprise">CAPI</SimpleData>
		<SimpleData name="affiche_in">Carto RGPH5 2019-2020</SimpleData>
		<SimpleData name="date_modif">0.0009408147</SimpleData>
	</SchemaData></ExtendedData>
      <Polygon><outerBoundaryIs><LinearRing><coordinates>-9.49834878699994,12.5690285260001 -9.50599623099993,12.5674561540001 -9.52380901999993,12.5637937120001 -9.54102841199995,12.5626608580001 -9.54063966899997,12.562843081 -9.53535726499996,12.5689820910001 -9.52379308499997,12.5824022510001 -9.51251443999996,12.591253846 -9.51228765399998,12.591471561 -9.50926235299994,12.5897255300001 -9.50745396199994,12.588464416 -9.50486069299996,12.5859861270001 -9.50480933399996,12.58603892 -9.50472320699993,12.586127452 -9.50458936199993,12.5862315540001 -9.50444064599998,12.586308886 -9.50409562399994,12.5864308340001 -9.50396772799996,12.586526012 -9.50385172899996,12.586752061 -9.50382198599993,12.58701975 -9.50382942099998,12.587141698 -9.50369679299996,12.5872675470001 -9.50358410199993,12.587268829 -9.50357707399996,12.587258186 -9.50346888599995,12.5870943260001 -9.50336466499994,12.586807363 -9.50320207599998,12.586509076 -9.50313338199993,12.586244859 -9.50308912399993,12.586057833 -9.50297490899993,12.5858608140001 -9.50286355099996,12.5856552280001 -9.502741,12.58552 -9.50272512399994,12.585486928 -9.50263012599993,12.585289029 -9.50240740799995,12.5848683410001 -9.50226463999996,12.5846246840001 -9.50204192299998,12.5843715090001 -9.50188202299995,12.584230645 -9.50172402699997,12.584103106 -9.50137444099994,12.583904036 -9.50134915599995,12.583888814 -9.50117389499997,12.583783306 -9.500932,12.583688 -9.50051770699997,12.5834239550001 -9.49331877299994,12.582784304 -9.48575200899995,12.582111969 -9.48504255799998,12.5819227330001 -9.47816765999994,12.5800889550001 -9.47802440499993,12.56945195 -9.48102120499993,12.569389517 -9.49834878699994,12.5690285260001</coordinates></LinearRing></outerBoundaryIs></Polygon>
  </Placemark>
  <Placemark id="SE_0001.104">
	<name>91369.0</name>
	<description>7217.0</description>
	<Style><LineStyle><color>ff0000ff</color></LineStyle><PolyStyle><fill>0</fill></PolyStyle></Style>
	<ExtendedData><SchemaData schemaUrl="#SE_0001">
		<SimpleData name="fid">7234.0</SimpleData>
		<SimpleData name="id">01</SimpleData>
		<SimpleData name="objectid">Kayes</SimpleData>
		<SimpleData name="region">15</SimpleData>
		<SimpleData name="lregion">Kita</SimpleData>
		<SimpleData name="cercle">1517</SimpleData>
		<SimpleData name="lcercle">Kokofata</SimpleData>
		<SimpleData name="commune">RU</SimpleData>
		<SimpleData name="lcommune">0001</SimpleData>
		<SimpleData name="type_com">001</SimpleData>
		<SimpleData name="num_se">973.0</SimpleData>
		<SimpleData name="num_dd">1512.0</SimpleData>
		<SimpleData name="pop_se">1517001.0</SimpleData>
		<SimpleData name="idzc">15170001.0</SimpleData>
		<SimpleData name="iddd">Accessible</SimpleData>
		<SimpleData name="idse">SE Sedentaire</SimpleData>
		<SimpleData name="resultat_c">Commune Sedentaire</SimpleData>
		<SimpleData name="statut_se">CAPI</SimpleData>
		<SimpleData name="mode_vie_c">Oui</SimpleData>
		<SimpleData name="statut_col">Non</SimpleData>
		<SimpleData name="emprise">CAPI</SimpleData>
		<SimpleData name="affiche_in">Carto RGPH5 2019-2020</SimpleData>
		<SimpleData name="date_modif">0.000694346</SimpleData>
	</SchemaData></ExtendedData>
      <Polygon><outerBoundaryIs><LinearRing><coordinates>-9.94718172499995,12.885051371 -9.94978045699997,12.882027034 -9.95083848699994,12.8813434900001 -9.95149834199998,12.8809171880001 -9.95162726899997,12.8798269980001 -9.95486631499995,12.852438068 -9.95981058299998,12.859350578 -9.96486673999993,12.866419519 -9.98045906099998,12.888218916 -9.96362294399995,12.892962943 -9.96306599599995,12.893119878 -9.96255809199994,12.8932629920001 -9.96045165299995,12.893856538 -9.95820193399993,12.894490456 -9.94853428399995,12.897214575 -9.94993428599997,12.890147015 -9.94805035699994,12.889482545 -9.94782986999996,12.889404778 -9.94692926699997,12.8890871310001 -9.94695848099997,12.8887895820001 -9.94711034099993,12.8872428550001 -9.94723883199993,12.8862648960001 -9.94723883199993,12.885565335 -9.94718172499995,12.885051371</coordinates></LinearRing></outerBoundaryIs></Polygon>
  </Placemark>
  <Placemark id="SE_0001.105">
	<name>91378.0</name>
	<description>7226.0</description>
	<Style><LineStyle><color>ff0000ff</color></LineStyle><PolyStyle><fill>0</fill></PolyStyle></Style>
	<ExtendedData><SchemaData schemaUrl="#SE_0001">
		<SimpleData name="fid">7243.0</SimpleData>
		<SimpleData name="id">01</SimpleData>
		<SimpleData name="objectid">Kayes</SimpleData>
		<SimpleData name="region">15</SimpleData>
		<SimpleData name="lregion">Kita</SimpleData>
		<SimpleData name="cercle">1519</SimpleData>
		<SimpleData name="lcercle">Koulou</SimpleData>
		<SimpleData name="commune">RU</SimpleData>
		<SimpleData name="lcommune">0001</SimpleData>
		<SimpleData name="type_com">001</SimpleData>
		<SimpleData name="num_se">1104.0</SimpleData>
		<SimpleData name="num_dd">1517.0</SimpleData>
		<SimpleData name="pop_se">1519001.0</SimpleData>
		<SimpleData name="idzc">15190001.0</SimpleData>
		<SimpleData name="iddd">Accessible</SimpleData>
		<SimpleData name="idse">SE Sedentaire</SimpleData>
		<SimpleData name="resultat_c">Commune Sedentaire</SimpleData>
		<SimpleData name="statut_se">CAPI</SimpleData>
		<SimpleData name="mode_vie_c">Oui</SimpleData>
		<SimpleData name="statut_col">Non</SimpleData>
		<SimpleData name="emprise">CAPI</SimpleData>
		<SimpleData name="affiche_in">Carto RGPH5 2019-2020</SimpleData>
		<SimpleData name="date_modif">0.0046149996</SimpleData>
	</SchemaData></ExtendedData>
      <Polygon><outerBoundaryIs><LinearRing><coordinates>-9.86433138699994,12.29406843 -9.96117360699998,12.2287365280001 -9.96185173399994,12.228716058 -9.96221400699994,12.2287206980001 -9.96236605499996,12.2287171290001 -9.96245599799994,12.228719271 -9.96258520299995,12.2286907170001 -9.96268799599994,12.2286457450001 -9.96281363099996,12.2286000600001 -9.96302778299997,12.2285522330001 -9.96317269199994,12.228509402 -9.96325621099993,12.2284480120001 -9.96334544099994,12.2284744240001 -9.96347678699993,12.2285001220001 -9.96364739499995,12.228527248 -9.96379087599996,12.2285693650001 -9.96382942299994,12.228597204 -9.96386225999993,12.2285957770001 -9.96389152699993,12.2285800720001 -9.96406213499995,12.2285836410001 -9.96422774499996,12.228585783 -9.96441120199995,12.228594349 -9.96451042499996,12.228585783 -9.96469388199995,12.2285800720001 -9.96479024999996,12.228560799 -9.96483236599994,12.2285136850001 -9.96486375099994,12.228480016 -9.96503316899998,12.2284229090001 -9.96978266999997,12.228865311 -9.96099117099993,12.2725996190001 -9.96097216899994,12.272694148 -9.95745809499994,12.290175305 -9.95645011599993,12.29447305 -9.95405502699998,12.3046850530001 -9.94992200699994,12.322307116 -9.94196345599994,12.3197172270001 -9.93875641299996,12.3186735840001 -9.92654331999995,12.3146991740001 -9.92177968999994,12.3131489840001 -9.91274078699996,12.310207527 -9.90984817899994,12.3092662080001 -9.89257896799995,12.3036464250001 -9.88100693299998,12.299880629 -9.87847127899994,12.299055471 -9.86767180599998,12.295246573 -9.86433138699994,12.29406843</coordinates></LinearRing></outerBoundaryIs></Polygon>
  </Placemark>
  <Placemark id="SE_0001.106">
	<name>100979.0</name>
	<description>16811.0</description>
	<Style><LineStyle><color>ff0000ff</color></LineStyle><PolyStyle><fill>0</fill></PolyStyle></Style>
	<ExtendedData><SchemaData schemaUrl="#SE_0001">
		<SimpleData name="fid">16916.0</SimpleData>
		<SimpleData name="id">01</SimpleData>
		<SimpleData name="objectid">Kayes</SimpleData>
		<SimpleData name="region">13</SimpleData>
		<SimpleData name="lregion">Diema</SimpleData>
		<SimpleData name="cercle">1302</SimpleData>
		<SimpleData name="lcercle">Bema</SimpleData>
		<SimpleData name="commune">RU</SimpleData>
		<SimpleData name="lcommune">0001</SimpleData>
		<SimpleData name="type_com">004</SimpleData>
		<SimpleData name="num_se">803.0</SimpleData>
		<SimpleData name="num_dd">1304.0</SimpleData>
		<SimpleData name="pop_se">1302004.0</SimpleData>
		<SimpleData name="idzc">13020001.0</SimpleData>
		<SimpleData name="iddd">Accessible</SimpleData>
		<SimpleData name="idse">SE Sedentaire</SimpleData>
		<SimpleData name="resultat_c">Commune Sedentaire</SimpleData>
		<SimpleData name="statut_se">CAPI</SimpleData>
		<SimpleData name="mode_vie_c">Oui</SimpleData>
		<SimpleData name="statut_col">Non</SimpleData>
		<SimpleData name="emprise">CAPI</SimpleData>
		<SimpleData name="affiche_in">Carto RGPH5 2019-2020</SimpleData>
		<SimpleData name="date_modif">9.4141e-05</SimpleData>
	</SchemaData></ExtendedData>
      <Polygon><outerBoundaryIs><LinearRing><coordinates>-9.34035514499993,15.0522802790001 -9.34018099299993,15.045977248 -9.34814582599995,15.046373144 -9.34886347099996,15.0461732690001 -9.34950425999995,15.045996475 -9.34981121099997,15.0458744090001 -9.34996539999997,15.0458337200001 -9.34996468599996,15.0458080220001 -9.34989829899996,15.0455574640001 -9.34991543099994,15.045551754 -9.35006105399998,15.0455396180001 -9.35025164899997,15.045478228 -9.35041012099998,15.0454546720001 -9.35049292599996,15.045456099 -9.35052005199998,15.045397565 -9.35056859299993,15.045246945 -9.35057073399997,15.0449664060001 -9.35056002699997,15.044682299 -9.35054003899995,15.0445687980001 -9.35058857999996,15.044436024 -9.35066067799994,15.04432538 -9.35069065899995,15.0441683350001 -9.35071992699994,15.04409481 -9.35072991999994,15.043847822 -9.35070707799997,15.043785004 -9.35065853699996,15.0436836390001 -9.35064425999997,15.0436044030001 -9.35065853699996,15.043480195 -9.35057144799993,15.0434273710001 -9.35051148599996,15.04330816 -9.35045437899993,15.043160395 -9.35044081599995,15.0429862190001 -9.35045080999993,15.042811328 -9.35049209299996,15.042757791 -9.35067055299993,15.042827985 -9.35089422199997,15.0428672460001 -9.35146370699994,15.0430302390001 -9.35157316199997,15.043069501 -9.35169570399995,15.043282462 -9.35186345599993,15.043538255 -9.35205024399994,15.0437381290001 -9.35216874099996,15.0438159760001 -9.35226136099993,15.044122768 -9.35236796099997,15.044360715 -9.35251168099995,15.044607227 -9.35254975199996,15.0447052600001 -9.35268109799995,15.044903232 -9.35282862499997,15.0452049470001 -9.35298090999993,15.0454571700001 -9.35313700299997,15.0456532380001 -9.35334068499998,15.045891184 -9.35351771699993,15.0461148530001 -9.35369855599993,15.0463328120001 -9.35385845599995,15.0465621920001 -9.35402692099996,15.046764922 -9.35418586899993,15.0470761550001 -9.35444380299998,15.047530157 -9.35445236899994,15.0476548400001 -9.35381372199993,15.0502589220001 -9.35299069599995,15.052923252 -9.34035514499993,15.0522802790001</coordinates></LinearRing></outerBoundaryIs></Polygon>
  </Placemark>
  <Placemark id="SE_0001.107">
	<name>101018.0</name>
	<description>16850.0</description>
	<Style><LineStyle><color>ff0000ff</color></LineStyle><PolyStyle><fill>0</fill></PolyStyle></Style>
	<ExtendedData><SchemaData schemaUrl="#SE_0001">
		<SimpleData name="fid">16955.0</SimpleData>
		<SimpleData name="id">01</SimpleData>
		<SimpleData name="objectid">Kayes</SimpleData>
		<SimpleData name="region">13</SimpleData>
		<SimpleData name="lregion">Diema</SimpleData>
		<SimpleData name="cercle">1311</SimpleData>
		<SimpleData name="lcercle">Guedebine</SimpleData>
		<SimpleData name="commune">RU</SimpleData>
		<SimpleData name="lcommune">0001</SimpleData>
		<SimpleData name="type_com">001</SimpleData>
		<SimpleData name="num_se">783.0</SimpleData>
		<SimpleData name="num_dd">1303.0</SimpleData>
		<SimpleData name="pop_se">1311001.0</SimpleData>
		<SimpleData name="idzc">13110001.0</SimpleData>
		<SimpleData name="iddd">Accessible</SimpleData>
		<SimpleData name="idse">SE Sedentaire</SimpleData>
		<SimpleData name="resultat_c">Commune Sedentaire</SimpleData>
		<SimpleData name="statut_se">CAPI</SimpleData>
		<SimpleData name="mode_vie_c">Oui</SimpleData>
		<SimpleData name="statut_col">Non</SimpleData>
		<SimpleData name="emprise">CAPI</SimpleData>
		<SimpleData name="affiche_in">Carto RGPH5 2019-2020</SimpleData>
		<SimpleData name="date_modif">0.000885841</SimpleData>
	</SchemaData></ExtendedData>
      <Polygon><outerBoundaryIs><LinearRing><coordinates>-9.38245714299995,15.1383418990001 -9.37402075099993,15.1097405250001 -9.37322173799993,15.1073189000001 -9.37250229299997,15.1052913940001 -9.36526938899993,15.0849079500001 -9.36526822099995,15.084904657 -9.38170734699997,15.082587975 -9.38257324799997,15.082465948 -9.38257419799993,15.082469272 -9.39552442599995,15.1277870230001 -9.39609549599993,15.127815577 -9.39680267199998,15.1278365160001 -9.39699969199995,15.127823667 -9.39710819499993,15.127797969 -9.39720955999996,15.127765846 -9.39733091299996,15.1277223020001 -9.39734497499995,15.127875563 -9.39732439299996,15.1279386190001 -9.39729762399998,15.1279713370001 -9.39718935799993,15.128037367 -9.39707506499997,15.128241524 -9.39699321199993,15.128403328 -9.39699511499998,15.1285908290001 -9.39701145399994,15.128648761 -9.39701668899994,15.1287553610001 -9.39701859199994,15.128795812 -9.39709635299994,15.129009868 -9.39720961599994,15.129263043 -9.39728742399996,15.1295055100001 -9.39728932799994,15.1295676140001 -9.39729670399993,15.1296092540001 -9.39729265899996,15.1296656480001 -9.39729908299995,15.129846249 -9.39729194499995,15.1299361920001 -9.39728837599995,15.130115366 -9.39728409299994,15.1302117340001 -9.39729123099994,15.1303373690001 -9.39733120599993,15.130653362 -9.39746445599997,15.1309522220001 -9.39763637199997,15.131046806 -9.39766968399994,15.131099154 -9.39772976599994,15.1312526290001 -9.39781780599998,15.131485221 -9.39784159999994,15.1315583900001 -9.39786539499994,15.1317535060001 -9.39791250099995,15.132054322 -9.39804456099995,15.1322108900001 -9.39806240699994,15.1322242150001 -9.39808953299996,15.132282988 -9.39810285799996,15.132311541 -9.39813735999996,15.132391491 -9.39815877499996,15.132445267 -9.39818280799994,15.1325261690001 -9.39844259699993,15.132879233 -9.39768116999994,15.1334503040001 -9.39603458299996,15.134202213 -9.39474015599995,15.1351444800001 -9.39245597999997,15.1357390790001 -9.38392661499995,15.1379593770001 -9.38245714299995,15.1383418990001</coordinates></LinearRing></outerBoundaryIs></Polygon>
  </Placemark>
  <Placemark id="SE_0001.108">
	<name>101021.0</name>
	<description>16853.0</description>
	<Style><LineStyle><color>ff0000ff</color></LineStyle><PolyStyle><fill>0</fill></PolyStyle></Style>
	<ExtendedData><SchemaData schemaUrl="#SE_0001">
		<SimpleData name="fid">16958.0</SimpleData>
		<SimpleData name="id">01</SimpleData>
		<SimpleData name="objectid">Kayes</SimpleData>
		<SimpleData name="region">11</SimpleData>
		<SimpleData name="lregion">Kayes</SimpleData>
		<SimpleData name="cercle">1111</SimpleData>
		<SimpleData name="lcercle">Hawa Dembaya</SimpleData>
		<SimpleData name="commune">RU</SimpleData>
		<SimpleData name="lcommune">0001</SimpleData>
		<SimpleData name="type_com">001</SimpleData>
		<SimpleData name="num_se">983.0</SimpleData>
		<SimpleData name="num_dd">1117.0</SimpleData>
		<SimpleData name="pop_se">1111001.0</SimpleData>
		<SimpleData name="idzc">11110001.0</SimpleData>
		<SimpleData name="iddd">Accessible</SimpleData>
		<SimpleData name="idse">SE Sedentaire</SimpleData>
		<SimpleData name="resultat_c">Commune Sedentaire</SimpleData>
		<SimpleData name="statut_se">CAPI</SimpleData>
		<SimpleData name="mode_vie_c">Non</SimpleData>
		<SimpleData name="statut_col">Non</SimpleData>
		<SimpleData name="emprise">CAPI</SimpleData>
		<SimpleData name="affiche_in">Carto RGPH5 2019-2020</SimpleData>
		<SimpleData name="date_modif">0.0018364508</SimpleData>
	</SchemaData></ExtendedData>
      <Polygon><outerBoundaryIs><LinearRing><coordinates>-11.261290201,14.401161772 -11.261315526,14.401132369 -11.261433296,14.400956772 -11.261742533,14.400495694 -11.262046256,14.400042838 -11.2661142929999,14.393977331 -11.2675638879999,14.3921678310001 -11.272191893,14.3863907780001 -11.290203446,14.427925396 -11.2876959399999,14.429099797 -11.2876886079999,14.4291032310001 -11.287118488,14.429370249 -11.286649751,14.429589784 -11.28649365,14.429662895 -11.286335643,14.429736899 -11.284414413,14.430636716 -11.283946552,14.430855841 -11.2809080329999,14.432278943 -11.279560234,14.433269163 -11.2781087619999,14.4343355500001 -11.272304011,14.438600265 -11.2719219279999,14.438880979 -11.2715805449999,14.439131791 -11.271454746,14.439307011 -11.27102138,14.4399106290001 -11.270527065,14.440599139 -11.270120339,14.441165649 -11.2698898579999,14.4414866770001 -11.269251961,14.442375177 -11.2691803069999,14.442474981 -11.268878631,14.442895172 -11.268202027,14.443837585 -11.266362897,14.4463992300001 -11.266250553,14.44655571 -11.265416687,14.447487677 -11.263020082,14.450166236 -11.263014486,14.450172491 -11.262955393,14.450181582 -11.2627230379999,14.4502173280001 -11.261810049,14.4503577880001 -11.261656923,14.450381346 -11.2603918909999,14.450575966 -11.260198155,14.450605771 -11.258963024,14.4507957910001 -11.258809836,14.450819358 -11.258065207,14.450933918 -11.2575855329999,14.4509456170001 -11.257578434,14.45094579 -11.257538355,14.4509467670001 -11.2575274819999,14.450947032 -11.2574816179999,14.450948151 -11.257455455,14.4509487890001 -11.2573673389999,14.4509509380001 -11.257350362,14.4509513520001 -11.257215741,14.4509546350001 -11.2563055109999,14.4509768360001 -11.2546615709999,14.4510169320001 -11.253700172,14.451040381 -11.252669367,14.4510655230001 -11.252083425,14.451079814 -11.2517978349999,14.45108678 -11.250260575,14.451124275 -11.249292,14.451107576 -11.2460212129999,14.4510511820001 -11.2392198759999,14.450933918 -11.233128456,14.447317137 -11.234296451,14.4450918000001 -11.2357015609999,14.442414695 -11.236855544,14.4402160540001 -11.2414953059999,14.4313760860001 -11.2462752079999,14.422269113 -11.2464282879999,14.421977456 -11.2476192079999,14.419708439 -11.248884405,14.417297908 -11.2489684619999,14.417137757 -11.2495323659999,14.4160633720001 -11.251212359,14.412862542 -11.259599446,14.4031248060001 -11.260440167,14.402148696 -11.2607772709999,14.401757305 -11.2611363729999,14.401340373 -11.261290201,14.401161772</coordinates></LinearRing></outerBoundaryIs></Polygon>
  </Placemark>
  <Placemark id="SE_0001.109">
	<name>101066.0</name>
	<description>16898.0</description>
	<Style><LineStyle><color>ff0000ff</color></LineStyle><PolyStyle><fill>0</fill></PolyStyle></Style>
	<ExtendedData><SchemaData schemaUrl="#SE_0001">
		<SimpleData name="fid">17003.0</SimpleData>
		<SimpleData name="id">01</SimpleData>
		<SimpleData name="objectid">Kayes</SimpleData>
		<SimpleData name="region">11</SimpleData>
		<SimpleData name="lregion">Kayes</SimpleData>
		<SimpleData name="cercle">1114</SimpleData>
		<SimpleData name="lcercle">Khouloum</SimpleData>
		<SimpleData name="commune">RU</SimpleData>
		<SimpleData name="lcommune">0001</SimpleData>
		<SimpleData name="type_com">003</SimpleData>
		<SimpleData name="num_se">809.0</SimpleData>
		<SimpleData name="num_dd">1125.0</SimpleData>
		<SimpleData name="pop_se">1114003.0</SimpleData>
		<SimpleData name="idzc">11140001.0</SimpleData>
		<SimpleData name="iddd">Accessible</SimpleData>
		<SimpleData name="idse">SE Sedentaire</SimpleData>
		<SimpleData name="resultat_c">Commune Sedentaire</SimpleData>
		<SimpleData name="statut_se">CAPI</SimpleData>
		<SimpleData name="mode_vie_c">Oui</SimpleData>
		<SimpleData name="statut_col">Non</SimpleData>
		<SimpleData name="emprise">CAPI</SimpleData>
		<SimpleData name="affiche_in">Carto RGPH5 2019-2020</SimpleData>
		<SimpleData name="date_modif">0.0001783065</SimpleData>
	</SchemaData></ExtendedData>
      <Polygon><outerBoundaryIs><LinearRing><coordinates>-11.3535362229999,14.4526182760001 -11.369416702,14.451641925 -11.369548767,14.451450236 -11.3697680939999,14.4513428970001 -11.369934198,14.4509517500001 -11.3700401679999,14.450753391 -11.370158891,14.450613892 -11.370335279,14.450491507 -11.370325217,14.450135673 -11.3702965749999,14.4499334130001 -11.370652186,14.450010423 -11.371340307,14.450179217 -11.371686035,14.4488934870001 -11.382423729,14.448861198 -11.382420419,14.448969633 -11.382361338,14.4509052390001 -11.382186466,14.456634378 -11.3756419769999,14.456689801 -11.369614477,14.456551587 -11.3663213029999,14.456589659 -11.3617201669999,14.457256183 -11.360033126,14.457500569 -11.357368497,14.45788657 -11.3538609089999,14.4583946830001 -11.3535362229999,14.4526182760001</coordinates></LinearRing></outerBoundaryIs></Polygon>
  </Placemark>
  <Placemark id="SE_0001.110">
	<name>101103.0</name>
	<description>16935.0</description>
	<Style><LineStyle><color>ff0000ff</color></LineStyle><PolyStyle><fill>0</fill></PolyStyle></Style>
	<ExtendedData><SchemaData schemaUrl="#SE_0001">
		<SimpleData name="fid">17040.0</SimpleData>
		<SimpleData name="id">01</SimpleData>
		<SimpleData name="objectid">Kayes</SimpleData>
		<SimpleData name="region">11</SimpleData>
		<SimpleData name="lregion">Kayes</SimpleData>
		<SimpleData name="cercle">1121</SimpleData>
		<SimpleData name="lcercle">Sadiola</SimpleData>
		<SimpleData name="commune">RU</SimpleData>
		<SimpleData name="lcommune">0001</SimpleData>
		<SimpleData name="type_com">007</SimpleData>
		<SimpleData name="num_se">1060.0</SimpleData>
		<SimpleData name="num_dd">1128.0</SimpleData>
		<SimpleData name="pop_se">1121007.0</SimpleData>
		<SimpleData name="idzc">11210001.0</SimpleData>
		<SimpleData name="iddd">Accessible</SimpleData>
		<SimpleData name="idse">SE Sedentaire</SimpleData>
		<SimpleData name="resultat_c">Commune Sedentaire</SimpleData>
		<SimpleData name="statut_se">CAPI</SimpleData>
		<SimpleData name="mode_vie_c">Oui</SimpleData>
		<SimpleData name="statut_col">Non</SimpleData>
		<SimpleData name="emprise">CAPI</SimpleData>
		<SimpleData name="affiche_in">Carto RGPH5 2019-2020</SimpleData>
		<SimpleData name="date_modif">2.5215e-05</SimpleData>
	</SchemaData></ExtendedData>
      <Polygon><outerBoundaryIs><LinearRing><coordinates>-11.693775568,13.900238793 -11.692383583,13.899096652 -11.692833327,13.897395579 -11.696482088,13.8966985160001 -11.697560102,13.896730163 -11.698044941,13.896814396 -11.698180571,13.895861423 -11.6987543779999,13.895952595 -11.700431898,13.89623813 -11.702238107,13.896549839 -11.702556955,13.896602188 -11.70257946,13.8970664300001 -11.701629996,13.897148869 -11.700615354,13.897150257 -11.700344096,13.8971716720001 -11.6998896179999,13.897183569 -11.6997325739999,13.897183569 -11.6997218659999,13.897525022 -11.6997253289999,13.8980420660001 -11.699792905,13.8980468250001 -11.7000645919999,13.8980644330001 -11.70004746,13.898275729 -11.700039132,13.8983679570001 -11.6998792319999,13.8984707490001 -11.6998088,13.8985754460001 -11.699714098,13.898776748 -11.699370028,13.898806015 -11.6992422499999,13.8988517010001 -11.699163728,13.898933792 -11.6991465959999,13.8989788590001 -11.699194185,13.8991906310001 -11.6990276229999,13.899233462 -11.6985326949999,13.899307225 -11.696537109,13.9006043360001 -11.695010596,13.900402274 -11.693775568,13.900238793</coordinates></LinearRing></outerBoundaryIs></Polygon>
  </Placemark>
  <Placemark id="SE_0001.111">
	<name>101219.0</name>
	<description>17051.0</description>
	<Style><LineStyle><color>ff0000ff</color></LineStyle><PolyStyle><fill>0</fill></PolyStyle></Style>
	<ExtendedData><SchemaData schemaUrl="#SE_0001">
		<SimpleData name="fid">17156.0</SimpleData>
		<SimpleData name="id">01</SimpleData>
		<SimpleData name="objectid">Kayes</SimpleData>
		<SimpleData name="region">14</SimpleData>
		<SimpleData name="lregion">Kenieba</SimpleData>
		<SimpleData name="cercle">1412</SimpleData>
		<SimpleData name="lcercle">Sitakilly</SimpleData>
		<SimpleData name="commune">RU</SimpleData>
		<SimpleData name="lcommune">0001</SimpleData>
		<SimpleData name="type_com">001</SimpleData>
		<SimpleData name="num_se">962.0</SimpleData>
		<SimpleData name="num_dd">1410.0</SimpleData>
		<SimpleData name="pop_se">1412001.0</SimpleData>
		<SimpleData name="idzc">14120001.0</SimpleData>
		<SimpleData name="iddd">Accessible</SimpleData>
		<SimpleData name="idse">SE Sedentaire</SimpleData>
		<SimpleData name="resultat_c">Commune Sedentaire</SimpleData>
		<SimpleData name="statut_se">CAPI</SimpleData>
		<SimpleData name="mode_vie_c">Oui</SimpleData>
		<SimpleData name="statut_col">Non</SimpleData>
		<SimpleData name="emprise">CAPI</SimpleData>
		<SimpleData name="affiche_in">Carto RGPH5 2019-2020</SimpleData>
		<SimpleData name="date_modif">0.000535247</SimpleData>
	</SchemaData></ExtendedData>
      <Polygon><outerBoundaryIs><LinearRing><coordinates>-11.2305842549999,13.120021964 -11.230216067,13.118862419 -11.227955203,13.111742222 -11.2279690149999,13.111701345 -11.22808615,13.111354685 -11.2281610929999,13.1111328920001 -11.2284674489999,13.1103238750001 -11.2284692989999,13.110316981 -11.228540455,13.110051761 -11.228598319,13.109836086 -11.228669703,13.109502961 -11.2286788009999,13.1094853920001 -11.228680249,13.1094825970001 -11.228755959,13.109336399 -11.2288236749999,13.1091482 -11.228760435,13.1091255160001 -11.2286047649999,13.109069678 -11.2284144079999,13.109003053 -11.228297814,13.108936428 -11.228200256,13.108853147 -11.2281502879999,13.108784143 -11.2280122789999,13.1086818260001 -11.2279546959999,13.108590217 -11.228261646,13.108554525 -11.228435347,13.108514074 -11.228663775,13.1084355520001 -11.228844614,13.1083451320001 -11.229070663,13.1082689890001 -11.2291272009999,13.108256425 -11.2291358059999,13.1082163250001 -11.229120934,13.1081568380001 -11.2290852419999,13.108103301 -11.22902873,13.10806166 -11.2289955369999,13.1080539270001 -11.228945568,13.10803965 -11.228908448,13.108013952 -11.2288741839999,13.107982543 -11.228859907,13.1079439960001 -11.228852769,13.1078997380001 -11.2288442029999,13.107798373 -11.228834209,13.1077698190001 -11.228808511,13.1077441210001 -11.228731416,13.107712712 -11.2287085739999,13.1076998630001 -11.22869858,13.1076598880001 -11.2286819239999,13.1075651850001 -11.228674785,13.107504271 -11.228680496,13.1074481160001 -11.2286928689999,13.1073362810001 -11.2287088589999,13.1072842190001 -11.228740268,13.107175001 -11.228763349,13.107072685 -11.228789047,13.1069927350001 -11.228802372,13.106868051 -11.228810938,13.1066091660001 -11.228873359,13.106428346 -11.2290369469999,13.105943531 -11.2292273039999,13.105565792 -11.229241433,13.1054567940001 -11.2293973229999,13.1053765560001 -11.233465473,13.1049152190001 -11.235114836,13.1048331280001 -11.250894289,13.103728314 -11.2509763429999,13.10491354 -11.252486505,13.126726987 -11.2525878239999,13.1281904790001 -11.2520046189999,13.128252574 -11.2466765569999,13.12881986 -11.2453340339999,13.1289628000001 -11.240043995,13.1295260380001 -11.2338127309999,13.1301894900001 -11.231510971,13.1229404960001 -11.2305842549999,13.120021964</coordinates></LinearRing></outerBoundaryIs></Polygon>
  </Placemark>
  <Placemark id="SE_0001.112">
	<name>101301.0</name>
	<description>17133.0</description>
	<Style><LineStyle><color>ff0000ff</color></LineStyle><PolyStyle><fill>0</fill></PolyStyle></Style>
	<ExtendedData><SchemaData schemaUrl="#SE_0001">
		<SimpleData name="fid">17238.0</SimpleData>
		<SimpleData name="id">01</SimpleData>
		<SimpleData name="objectid">Kayes</SimpleData>
		<SimpleData name="region">14</SimpleData>
		<SimpleData name="lregion">Kenieba</SimpleData>
		<SimpleData name="cercle">1403</SimpleData>
		<SimpleData name="lcercle">Dabia</SimpleData>
		<SimpleData name="commune">RU</SimpleData>
		<SimpleData name="lcommune">0001</SimpleData>
		<SimpleData name="type_com">001</SimpleData>
		<SimpleData name="num_se">959.0</SimpleData>
		<SimpleData name="num_dd">1404.0</SimpleData>
		<SimpleData name="pop_se">1403001.0</SimpleData>
		<SimpleData name="idzc">14030001.0</SimpleData>
		<SimpleData name="iddd">Accessible</SimpleData>
		<SimpleData name="idse">SE Sedentaire</SimpleData>
		<SimpleData name="resultat_c">Commune Sedentaire</SimpleData>
		<SimpleData name="statut_se">CAPI</SimpleData>
		<SimpleData name="mode_vie_c">Oui</SimpleData>
		<SimpleData name="statut_col">Non</SimpleData>
		<SimpleData name="emprise">CAPI</SimpleData>
		<SimpleData name="affiche_in">Carto RGPH5 2019-2020</SimpleData>
		<SimpleData name="date_modif">0.0003253002</SimpleData>
	</SchemaData></ExtendedData>
      <Polygon><outerBoundaryIs><LinearRing><coordinates>-11.1390386589999,12.669526465 -11.138981552,12.6694731650001 -11.1386408129999,12.669501718 -11.1383686029999,12.6695493070001 -11.137526936,12.6696485910001 -11.137147824,12.6697051250001 -11.1371229229999,12.6693071980001 -11.137069385,12.668864023 -11.1369890789999,12.6681561340001 -11.1369385149999,12.6677427020001 -11.136698979,12.665733994 -11.121998939,12.6419541600001 -11.121257624,12.6407549570001 -11.123268195,12.640690797 -11.1380276159999,12.6402198050001 -11.139415318,12.6468453250001 -11.139483933,12.647172922 -11.140169392,12.650445615 -11.144025429,12.6688560850001 -11.1415558109999,12.669789812 -11.1410168639999,12.6698647650001 -11.14006032,12.670003964 -11.139117895,12.6701303720001 -11.1390919589999,12.669912889 -11.1390519839999,12.669644486 -11.1390386589999,12.669526465</coordinates></LinearRing></outerBoundaryIs></Polygon>
  </Placemark>
  <Placemark id="SE_0001.113">
	<name>101359.0</name>
	<description>17191.0</description>
	<Style><LineStyle><color>ff0000ff</color></LineStyle><PolyStyle><fill>0</fill></PolyStyle></Style>
	<ExtendedData><SchemaData schemaUrl="#SE_0001">
		<SimpleData name="fid">17296.0</SimpleData>
		<SimpleData name="id">01</SimpleData>
		<SimpleData name="objectid">Kayes</SimpleData>
		<SimpleData name="region">14</SimpleData>
		<SimpleData name="lregion">Kenieba</SimpleData>
		<SimpleData name="cercle">1401</SimpleData>
		<SimpleData name="lcercle">Kenieba</SimpleData>
		<SimpleData name="commune">RU</SimpleData>
		<SimpleData name="lcommune">0001</SimpleData>
		<SimpleData name="type_com">001</SimpleData>
		<SimpleData name="num_se">969.0</SimpleData>
		<SimpleData name="num_dd">1402.0</SimpleData>
		<SimpleData name="pop_se">1401001.0</SimpleData>
		<SimpleData name="idzc">14010001.0</SimpleData>
		<SimpleData name="iddd">Accessible</SimpleData>
		<SimpleData name="idse">SE Sedentaire</SimpleData>
		<SimpleData name="resultat_c">Commune Sedentaire</SimpleData>
		<SimpleData name="statut_se">CAPI</SimpleData>
		<SimpleData name="mode_vie_c">Non</SimpleData>
		<SimpleData name="statut_col">Oui</SimpleData>
		<SimpleData name="emprise">CAPI</SimpleData>
		<SimpleData name="affiche_in">Carto RGPH5 2019-2020</SimpleData>
		<SimpleData name="date_modif">1.0122e-05</SimpleData>
	</SchemaData></ExtendedData>
      <Polygon><outerBoundaryIs><LinearRing><coordinates>-11.223965904,12.843263684 -11.223782026,12.8430865330001 -11.223484307,12.8427997060001 -11.223827408,12.84273326 -11.223868345,12.842725333 -11.2243949739999,12.842623345 -11.224970819,12.842511825 -11.22497549,12.842510921 -11.2249563779999,12.842196857 -11.2254896269999,12.842063717 -11.2254782049999,12.84202184 -11.225291656,12.8413232300001 -11.2258978469999,12.8412233870001 -11.2259395099999,12.8412099880001 -11.226011421,12.841509618 -11.2261856759999,12.842276553 -11.2271850499999,12.8421147510001 -11.228094825,12.841920864 -11.228926816,12.8417435540001 -11.229336357,12.841681082 -11.2300499209999,12.841572233 -11.230051992,12.8415717890001 -11.2302165899999,12.8428089930001 -11.230126906,12.842858402 -11.2290513889999,12.84300117 -11.228585015,12.8431249020001 -11.228366104,12.843400919 -11.227804552,12.8437245260001 -11.22754757,12.8438197040001 -11.2268337309999,12.8438672930001 -11.2264966659999,12.843900239 -11.225567858,12.843991025 -11.2248249359999,12.8441121550001 -11.224538894,12.843815712 -11.223965904,12.843263684</coordinates></LinearRing></outerBoundaryIs></Polygon>
  </Placemark>
  <Placemark id="SE_0001.114">
	<name>101428.0</name>
	<description>17260.0</description>
	<Style><LineStyle><color>ff0000ff</color></LineStyle><PolyStyle><fill>0</fill></PolyStyle></Style>
	<ExtendedData><SchemaData schemaUrl="#SE_0001">
		<SimpleData name="fid">17365.0</SimpleData>
		<SimpleData name="id">01</SimpleData>
		<SimpleData name="objectid">Kayes</SimpleData>
		<SimpleData name="region">15</SimpleData>
		<SimpleData name="lregion">Kita</SimpleData>
		<SimpleData name="cercle">1518</SimpleData>
		<SimpleData name="lcercle">Kotouba</SimpleData>
		<SimpleData name="commune">RU</SimpleData>
		<SimpleData name="lcommune">0001</SimpleData>
		<SimpleData name="type_com">001</SimpleData>
		<SimpleData name="num_se">857.0</SimpleData>
		<SimpleData name="num_dd">1520.0</SimpleData>
		<SimpleData name="pop_se">1518001.0</SimpleData>
		<SimpleData name="idzc">15180001.0</SimpleData>
		<SimpleData name="iddd">Accessible</SimpleData>
		<SimpleData name="idse">SE Sedentaire</SimpleData>
		<SimpleData name="resultat_c">Commune Sedentaire</SimpleData>
		<SimpleData name="statut_se">CAPI</SimpleData>
		<SimpleData name="mode_vie_c">Non</SimpleData>
		<SimpleData name="statut_col">Non</SimpleData>
		<SimpleData name="emprise">CAPI</SimpleData>
		<SimpleData name="affiche_in">Carto RGPH5 2019-2020</SimpleData>
		<SimpleData name="date_modif">0.0123471656</SimpleData>
	</SchemaData></ExtendedData>
      <Polygon><outerBoundaryIs><LinearRing><coordinates>-8.79744595899996,13.54057225 -8.80035877299997,13.5435484860001 -8.87248314799996,13.540663512 -8.87250699099997,13.540776577 -8.87258383299996,13.5411409600001 -8.87274404399994,13.541900678 -8.87332969699997,13.544677827 -8.87457305099997,13.550573781 -8.87585535799997,13.5566544480001 -8.87613867399995,13.5579979250001 -8.87640413099996,13.559256716 -8.87651104099996,13.559763678 -8.87770079999996,13.565405486 -8.87835903399997,13.568526815 -8.87924975299995,13.5727505830001 -8.87999441699998,13.57628176 -8.88065907099997,13.579433529 -8.88080267299995,13.5801144860001 -8.88093625899995,13.5807479490001 -8.88103390299995,13.581210974 -8.87968729099993,13.5831475260001 -8.87534448599996,13.5893928740001 -8.87419579099998,13.5910448020001 -8.87012103899997,13.596904667 -8.86884696499993,13.598736902 -8.86866666899994,13.598996184 -8.86479639299995,13.6045619940001 -8.86418346799996,13.6054434370001 -8.86365111099997,13.606209015 -8.86336329499994,13.6066229210001 -8.86026984999995,13.6110715770001 -8.85958258099993,13.612059932 -8.85896474099997,13.6129484430001 -8.85811234099998,13.6141742720001 -8.85756580599997,13.614960239 -8.85701175299994,13.6157570180001 -8.85236839399994,13.622434593 -8.85203945399996,13.6229076380001 -8.84927384599996,13.6268848350001 -8.84910032499994,13.627134373 -8.84508277799995,13.632911973 -8.84450692999997,13.633411068 -8.84444701499996,13.633462997 -8.84420880299996,13.633669458 -8.84337461299998,13.6343924610001 -8.84336813399995,13.634398076 -8.84306139099994,13.6346639340001 -8.84290363199995,13.634800666 -8.84196310899995,13.6356158290001 -8.83877070399996,13.638382725 -8.83648297299993,13.6403655290001 -8.83516681199995,13.6415062620001 -8.83481133999993,13.6418143540001 -8.83421476099994,13.642331417 -8.83239883899995,13.643905299 -8.83190151999997,13.644336332 -8.82977574199998,13.646178768 -8.82876300899994,13.6470565160001 -8.82579323199997,13.6496304570001 -8.82400315499996,13.651181938 -8.82391571599993,13.651257722 -8.82275786999998,13.6522612410001 -8.82223020999993,13.652718571 -8.82118660999993,13.653623071 -8.81703575199998,13.6572206700001 -8.81637469399993,13.657793618 -8.81591153199997,13.6581950460001 -8.81461158899998,13.659321721 -8.81244073899995,13.661203223 -8.81072078599993,13.6626939270001 -8.80731180299995,13.6656485350001 -8.80724583799997,13.665705707 -8.80652594399993,13.666329649 -8.80647562199994,13.666373262 -8.80498488799998,13.6676653010001 -8.80369252799994,13.6687854050001 -8.80178999699996,13.670310413 -8.79257825799993,13.6776942450001 -8.78008608699997,13.674719919 -8.75420940099997,13.663022239 -8.75791751299994,13.6360024260001 -8.75821589599997,13.6214581520001 -8.75821858299997,13.6213271560001 -8.75839208299993,13.6128701440001 -8.75849858699996,13.6076787220001 -8.75849967899995,13.60762551 -8.75890091999997,13.5880675020001 -8.75890508799995,13.5878643570001 -8.75892385699996,13.5869494990001 -8.75908542499997,13.5790740680001 -8.78678235099994,13.5296764570001 -8.78875984299998,13.5321287570001 -8.79104803299998,13.5340350180001 -8.79744595899996,13.54057225</coordinates></LinearRing></outerBoundaryIs></Polygon>
  </Placemark>
  <Placemark id="SE_0001.115">
	<name>101436.0</name>
	<description>17268.0</description>
	<Style><LineStyle><color>ff0000ff</color></LineStyle><PolyStyle><fill>0</fill></PolyStyle></Style>
	<ExtendedData><SchemaData schemaUrl="#SE_0001">
		<SimpleData name="fid">17373.0</SimpleData>
		<SimpleData name="id">01</SimpleData>
		<SimpleData name="objectid">Kayes</SimpleData>
		<SimpleData name="region">15</SimpleData>
		<SimpleData name="lregion">Kita</SimpleData>
		<SimpleData name="cercle">1504</SimpleData>
		<SimpleData name="lcercle">Benkadi founia</SimpleData>
		<SimpleData name="commune">RU</SimpleData>
		<SimpleData name="lcommune">0001</SimpleData>
		<SimpleData name="type_com">001</SimpleData>
		<SimpleData name="num_se">870.0</SimpleData>
		<SimpleData name="num_dd">1505.0</SimpleData>
		<SimpleData name="pop_se">1504001.0</SimpleData>
		<SimpleData name="idzc">15040001.0</SimpleData>
		<SimpleData name="iddd">Accessible</SimpleData>
		<SimpleData name="idse">SE Sedentaire</SimpleData>
		<SimpleData name="resultat_c">Commune Sedentaire</SimpleData>
		<SimpleData name="statut_se">CAPI</SimpleData>
		<SimpleData name="mode_vie_c">Non</SimpleData>
		<SimpleData name="statut_col">Non</SimpleData>
		<SimpleData name="emprise">CAPI</SimpleData>
		<SimpleData name="affiche_in">Carto RGPH5 2019-2020</SimpleData>
		<SimpleData name="date_modif">0.0008952637</SimpleData>
	</SchemaData></ExtendedData>
      <Polygon><outerBoundaryIs><LinearRing><coordinates>-9.50099111299994,13.015450979 -9.49509670099997,13.0146030820001 -9.49509206099998,13.0146024150001 -9.49492487999993,13.014578366 -9.49467544599997,13.010699329 -9.49443259099996,13.006922611 -9.49435285699997,13.005682634 -9.49595673899995,13.0024129400001 -9.49722737099995,12.9999858900001 -9.49750759199998,12.9968569220001 -9.49872111699995,12.9926452770001 -9.49729343999996,12.9849358230001 -9.49493777399994,12.9808669450001 -9.49479500599995,12.972086733 -9.50350383299997,12.970516289 -9.51007114599997,12.970516289 -9.51663845799993,12.973086107 -9.52113563899997,12.9743710160001 -9.52235198099993,12.9745807310001 -9.52235951299997,12.97467468 -9.52240366799998,12.975225477 -9.52272703499995,12.97925918 -9.52310302099994,12.983949259 -9.51634083499994,12.9920118650001 -9.51557734699998,12.993908656 -9.51177226999994,13.003361893 -9.51133484099995,13.0056404210001 -9.51129247599994,13.005861098 -9.51110976399997,13.006812827 -9.51021651099995,13.011465695 -9.50923195599995,13.016594152 -9.50923190199995,13.0165944350001 -9.50922715899998,13.0166191380001 -9.50922406199993,13.0166352700001 -9.50807662499994,13.016470213 -9.50404839699996,13.015890762 -9.50117999199995,13.015478149 -9.50099111299994,13.015450979</coordinates></LinearRing></outerBoundaryIs></Polygon>
  </Placemark>
  <Placemark id="SE_0001.116">
	<name>101463.0</name>
	<description>17295.0</description>
	<Style><LineStyle><color>ff0000ff</color></LineStyle><PolyStyle><fill>0</fill></PolyStyle></Style>
	<ExtendedData><SchemaData schemaUrl="#SE_0001">
		<SimpleData name="fid">17400.0</SimpleData>
		<SimpleData name="id">01</SimpleData>
		<SimpleData name="objectid">Kayes</SimpleData>
		<SimpleData name="region">15</SimpleData>
		<SimpleData name="lregion">Kita</SimpleData>
		<SimpleData name="cercle">1508</SimpleData>
		<SimpleData name="lcercle">Djidian</SimpleData>
		<SimpleData name="commune">RU</SimpleData>
		<SimpleData name="lcommune">0001</SimpleData>
		<SimpleData name="type_com">001</SimpleData>
		<SimpleData name="num_se">1068.0</SimpleData>
		<SimpleData name="num_dd">1509.0</SimpleData>
		<SimpleData name="pop_se">1508001.0</SimpleData>
		<SimpleData name="idzc">15080001.0</SimpleData>
		<SimpleData name="iddd">Accessible</SimpleData>
		<SimpleData name="idse">SE Sedentaire</SimpleData>
		<SimpleData name="resultat_c">Commune Sedentaire</SimpleData>
		<SimpleData name="statut_se">CAPI</SimpleData>
		<SimpleData name="mode_vie_c">Oui</SimpleData>
		<SimpleData name="statut_col">Non</SimpleData>
		<SimpleData name="emprise">CAPI</SimpleData>
		<SimpleData name="affiche_in">Carto RGPH5 2019-2020</SimpleData>
		<SimpleData name="date_modif">6.64536e-05</SimpleData>
	</SchemaData></ExtendedData>
      <Polygon><outerBoundaryIs><LinearRing><coordinates>-9.44093442099995,13.2037761710001 -9.45106893599996,13.2017147720001 -9.45221821599995,13.2018361240001 -9.45263224199994,13.2018718160001 -9.45324614299994,13.2018504010001 -9.45344601799997,13.201914647 -9.45368158399998,13.202021722 -9.45393856599998,13.2022001820001 -9.45412416399995,13.2023072580001 -9.45451677499995,13.2023358110001 -9.45478089499994,13.2023358110001 -9.45518064499993,13.202300119 -9.45544476499998,13.2022430120001 -9.45576599199995,13.202185905 -9.45609739099996,13.202179992 -9.45607724599995,13.2024645450001 -9.45608081499995,13.203264044 -9.45624856699993,13.203421088 -9.45663046999994,13.203667362 -9.45682677599996,13.2038315450001 -9.45679346299994,13.20402904 -9.45662690099994,13.204909441 -9.45473529499998,13.2096296450001 -9.44093442099995,13.2037761710001</coordinates></LinearRing></outerBoundaryIs></Polygon>
  </Placemark>
  <Placemark id="SE_0001.117">
	<name>101479.0</name>
	<description>17311.0</description>
	<Style><LineStyle><color>ff0000ff</color></LineStyle><PolyStyle><fill>0</fill></PolyStyle></Style>
	<ExtendedData><SchemaData schemaUrl="#SE_0001">
		<SimpleData name="fid">17416.0</SimpleData>
		<SimpleData name="id">01</SimpleData>
		<SimpleData name="objectid">Kayes</SimpleData>
		<SimpleData name="region">15</SimpleData>
		<SimpleData name="lregion">Kita</SimpleData>
		<SimpleData name="cercle">1510</SimpleData>
		<SimpleData name="lcercle">Gadougou 1</SimpleData>
		<SimpleData name="commune">RU</SimpleData>
		<SimpleData name="lcommune">0001</SimpleData>
		<SimpleData name="type_com">001</SimpleData>
		<SimpleData name="num_se">798.0</SimpleData>
		<SimpleData name="num_dd">1515.0</SimpleData>
		<SimpleData name="pop_se">1510001.0</SimpleData>
		<SimpleData name="idzc">15100001.0</SimpleData>
		<SimpleData name="iddd">Accessible</SimpleData>
		<SimpleData name="idse">SE Sedentaire</SimpleData>
		<SimpleData name="resultat_c">Commune Sedentaire</SimpleData>
		<SimpleData name="statut_se">CAPI</SimpleData>
		<SimpleData name="mode_vie_c">Oui</SimpleData>
		<SimpleData name="statut_col">Non</SimpleData>
		<SimpleData name="emprise">CAPI</SimpleData>
		<SimpleData name="affiche_in">Carto RGPH5 2019-2020</SimpleData>
		<SimpleData name="date_modif">0.0013377472</SimpleData>
	</SchemaData></ExtendedData>
      <Polygon><outerBoundaryIs><LinearRing><coordinates>-9.79925990399994,12.584305552 -9.79908382399998,12.5842627220001 -9.79890774399996,12.5842769980001 -9.79866027999998,12.5843293470001 -9.79798451299996,12.584372177 -9.79774656699993,12.584372177 -9.79191974299994,12.583284287 -9.78001469999998,12.5815660540001 -9.78032129499996,12.5801599440001 -9.78052824999997,12.579210808 -9.78504922599996,12.5514900860001 -9.78632223799997,12.549405339 -9.78603670199993,12.546121683 -9.78532286399997,12.5339864330001 -9.78546563199995,12.5247065340001 -9.78513467899995,12.5082416110001 -9.79904540499996,12.5076109620001 -9.80246927299993,12.5477357450001 -9.80371416099996,12.576196016 -9.80305742899998,12.578351807 -9.80357139299997,12.578851494 -9.80466780299997,12.5789963030001 -9.80493695899997,12.579593629 -9.80491890499997,12.579800069 -9.80490085199995,12.5800065080001 -9.80481519099993,12.5809278350001 -9.80469526599995,12.581643577 -9.80454488399994,12.582294598 -9.80446449999994,12.5824775 -9.80436789399994,12.58272243 -9.80434405799997,12.582782863 -9.80426692499998,12.583001133 -9.80421913899994,12.583100593 -9.80411394499993,12.58331954 -9.80408850399994,12.5833724930001 -9.80394056699993,12.5837254850001 -9.80369319699997,12.584173514 -9.80341321299994,12.584576025 -9.80326187899993,12.584784466 -9.80308056399997,12.5850428750001 -9.80299508199994,12.5851543480001 -9.80286926799994,12.5853184170001 -9.80244184799994,12.584898319 -9.80243232999993,12.5846413370001 -9.80226489799998,12.584437069 -9.80052101899997,12.584372177 -9.80001009799997,12.584364432 -9.79943122599997,12.5843579 -9.79925990399994,12.584305552</coordinates></LinearRing></outerBoundaryIs></Polygon>
  </Placemark>
  <Placemark id="SE_0001.118">
	<name>101503.0</name>
	<description>17335.0</description>
	<Style><LineStyle><color>ff0000ff</color></LineStyle><PolyStyle><fill>0</fill></PolyStyle></Style>
	<ExtendedData><SchemaData schemaUrl="#SE_0001">
		<SimpleData name="fid">17440.0</SimpleData>
		<SimpleData name="id">01</SimpleData>
		<SimpleData name="objectid">Kayes</SimpleData>
		<SimpleData name="region">15</SimpleData>
		<SimpleData name="lregion">Kita</SimpleData>
		<SimpleData name="cercle">1513</SimpleData>
		<SimpleData name="lcercle">Kassaro</SimpleData>
		<SimpleData name="commune">RU</SimpleData>
		<SimpleData name="lcommune">0001</SimpleData>
		<SimpleData name="type_com">001</SimpleData>
		<SimpleData name="num_se">857.0</SimpleData>
		<SimpleData name="num_dd">1519.0</SimpleData>
		<SimpleData name="pop_se">1513001.0</SimpleData>
		<SimpleData name="idzc">15130001.0</SimpleData>
		<SimpleData name="iddd">Accessible</SimpleData>
		<SimpleData name="idse">SE Sedentaire</SimpleData>
		<SimpleData name="resultat_c">Commune Sedentaire</SimpleData>
		<SimpleData name="statut_se">CAPI</SimpleData>
		<SimpleData name="mode_vie_c">Oui</SimpleData>
		<SimpleData name="statut_col">Non</SimpleData>
		<SimpleData name="emprise">CAPI</SimpleData>
		<SimpleData name="affiche_in">Carto RGPH5 2019-2020</SimpleData>
		<SimpleData name="date_modif">0.0001700408</SimpleData>
	</SchemaData></ExtendedData>
      <Polygon><outerBoundaryIs><LinearRing><coordinates>-8.87122288199993,12.9574965470001 -8.87112294499997,12.9571539040001 -8.87109255899998,12.957087883 -8.87108137399997,12.9570635800001 -8.87141828299997,12.9569206 -8.87150176499995,12.9569049730001 -8.87180470699997,12.956848264 -8.87189864899995,12.9567303600001 -8.87202238099997,12.956668494 -8.87235550499997,12.9565590390001 -8.87271242399993,12.9564448250001 -8.87299320099993,12.956425789 -8.87329777199994,12.956425789 -8.87376890499996,12.956435307 -8.87426383299993,12.956449584 -8.87471593099997,12.9564448250001 -8.87500438299998,12.956464856 -8.87499042999997,12.9566769410001 -8.87499994799998,12.956886334 -8.87496663499996,12.9570243430001 -8.87497139399994,12.957119521 -8.87513319799996,12.9572432530001 -8.87538541999993,12.95725753 -8.87581372299996,12.957162351 -8.87615160699994,12.9569719950001 -8.87664177599993,12.956800673 -8.87684071599995,12.956494895 -8.87786633699994,12.956473379 -8.87917886399993,12.9564165140001 -8.87925832199994,12.956404374 -8.87997215999997,12.9561711870001 -8.88073834599993,12.9558856520001 -8.88177103299995,12.955519215 -8.88232782599994,12.9553859650001 -8.88319870899994,12.95501239 -8.88375788199994,12.954845827 -8.88455500199996,12.9545602920001 -8.88484131899997,12.954397611 -8.88509522999993,12.9543307230001 -8.88565354999997,12.954247805 -8.88574739199993,12.954228958 -8.886504,12.954077 -8.887456,12.953911 -8.888265,12.953887 -8.88844806399993,12.953887 -8.88852301699995,12.953887 -8.889931,12.953887 -8.89105576499998,12.953914738 -8.89150571499994,12.961798668 -8.87256568099997,12.9657400940001 -8.87084257399994,12.9633849580001 -8.87027000199993,12.9627830420001 -8.86915645699997,12.9614311280001 -8.86976920799998,12.961195864 -8.87235295999994,12.960271962 -8.87189983899998,12.95889329 -8.87183559299996,12.958686277 -8.87181077799994,12.9586334100001 -8.87171306199997,12.9584252330001 -8.87165594399994,12.9583436350001 -8.87148462299996,12.9581009300001 -8.87132757799998,12.9577820820001 -8.87122288199993,12.9574965470001</coordinates></LinearRing></outerBoundaryIs></Polygon>
  </Placemark>
  <Placemark id="SE_0001.119">
	<name>101543.0</name>
	<description>17375.0</description>
	<Style><LineStyle><color>ff0000ff</color></LineStyle><PolyStyle><fill>0</fill></PolyStyle></Style>
	<ExtendedData><SchemaData schemaUrl="#SE_0001">
		<SimpleData name="fid">17480.0</SimpleData>
		<SimpleData name="id">01</SimpleData>
		<SimpleData name="objectid">Kayes</SimpleData>
		<SimpleData name="region">15</SimpleData>
		<SimpleData name="lregion">Kita</SimpleData>
		<SimpleData name="cercle">1514</SimpleData>
		<SimpleData name="lcercle">Kita Nord</SimpleData>
		<SimpleData name="commune">RU</SimpleData>
		<SimpleData name="lcommune">0001</SimpleData>
		<SimpleData name="type_com">001</SimpleData>
		<SimpleData name="num_se">730.0</SimpleData>
		<SimpleData name="num_dd">1507.0</SimpleData>
		<SimpleData name="pop_se">1514001.0</SimpleData>
		<SimpleData name="idzc">15140001.0</SimpleData>
		<SimpleData name="iddd">Accessible</SimpleData>
		<SimpleData name="idse">SE Sedentaire</SimpleData>
		<SimpleData name="resultat_c">Commune Sedentaire</SimpleData>
		<SimpleData name="statut_se">CAPI</SimpleData>
		<SimpleData name="mode_vie_c">Oui</SimpleData>
		<SimpleData name="statut_col">Non</SimpleData>
		<SimpleData name="emprise">CAPI</SimpleData>
		<SimpleData name="affiche_in">Carto RGPH5 2019-2020</SimpleData>
		<SimpleData name="date_modif">8.82685e-05</SimpleData>
	</SchemaData></ExtendedData>
      <Polygon><outerBoundaryIs><LinearRing><coordinates>-9.49442969799998,13.068166858 -9.49443564699993,13.0680538340001 -9.49287709999993,13.0682977290001 -9.49216920999993,13.0685475720001 -9.49161003699993,13.0687379290001 -9.49083671199998,13.068624905 -9.49093188999996,13.068416702 -9.49142562799994,13.066191906 -9.49085574799994,13.0647178300001 -9.49068625399997,13.064124603 -9.49054321699998,13.0636239730001 -9.49043696199993,13.0632520820001 -9.48861178199996,13.0591218050001 -9.49100755899997,13.057458932 -9.49241019099998,13.0576495080001 -9.49264753499995,13.057777308 -9.49349978699996,13.0587929020001 -9.49422432399996,13.0596563030001 -9.49463444199995,13.0601450230001 -9.49475000299998,13.0602827340001 -9.49496362299993,13.0605372970001 -9.49500484299995,13.060586416 -9.49504809199993,13.0606379550001 -9.49503905099994,13.060761212 -9.49491385599993,13.0624680400001 -9.49491385299996,13.0624680920001 -9.49488509999998,13.062932931 -9.49488785099993,13.0629858930001 -9.49489400599998,13.063025225 -9.49501015899995,13.063767469 -9.49512764499997,13.064518231 -9.49519043299995,13.0649194640001 -9.49545032099996,13.064873183 -9.49581675799993,13.0646590330001 -9.49613310299998,13.064518231 -9.49664005099993,13.064292596 -9.49732533599996,13.0640784440001 -9.497371,13.064061689 -9.49797435199997,13.0638403140001 -9.49798855899996,13.0638351010001 -9.50001900299998,13.063090114 -9.50093855599994,13.062725691 -9.50113066599994,13.062649558 -9.50116040699993,13.062637771 -9.50152546999993,13.062493094 -9.50180738499995,13.06238137 -9.50206725999993,13.0622783810001 -9.50215489499993,13.0622833480001 -9.50207479899996,13.062722664 -9.50206760999993,13.062762096 -9.50192562499996,13.063540861 -9.50175111799996,13.0644980010001 -9.50173039399994,13.064810504 -9.50155997099995,13.067380316 -9.50150770899995,13.068168385 -9.50144633999997,13.069093772 -9.50144536299996,13.0691085080001 -9.50137860499996,13.0701151550001 -9.50031966799997,13.0700537710001 -9.50022214499995,13.070048118 -9.49621947899993,13.069816099 -9.49598153299996,13.0689214220001 -9.49450867499996,13.0688105560001 -9.49455418199994,13.0684712240001 -9.49459271599994,13.0681838900001 -9.49442969799998,13.068166858</coordinates></LinearRing></outerBoundaryIs></Polygon>
  </Placemark>
  <Placemark id="SE_0001.120">
	<name>101553.0</name>
	<description>17385.0</description>
	<Style><LineStyle><color>ff0000ff</color></LineStyle><PolyStyle><fill>0</fill></PolyStyle></Style>
	<ExtendedData><SchemaData schemaUrl="#SE_0001">
		<SimpleData name="fid">17490.0</SimpleData>
		<SimpleData name="id">01</SimpleData>
		<SimpleData name="objectid">Kayes</SimpleData>
		<SimpleData name="region">15</SimpleData>
		<SimpleData name="lregion">Kita</SimpleData>
		<SimpleData name="cercle">1515</SimpleData>
		<SimpleData name="lcercle">Kita Ouest</SimpleData>
		<SimpleData name="commune">RU</SimpleData>
		<SimpleData name="lcommune">0001</SimpleData>
		<SimpleData name="type_com">003</SimpleData>
		<SimpleData name="num_se">954.0</SimpleData>
		<SimpleData name="num_dd">1508.0</SimpleData>
		<SimpleData name="pop_se">1515003.0</SimpleData>
		<SimpleData name="idzc">15150001.0</SimpleData>
		<SimpleData name="iddd">Accessible</SimpleData>
		<SimpleData name="idse">SE Sedentaire</SimpleData>
		<SimpleData name="resultat_c">Commune Sedentaire</SimpleData>
		<SimpleData name="statut_se">CAPI</SimpleData>
		<SimpleData name="mode_vie_c">Non</SimpleData>
		<SimpleData name="statut_col">Non</SimpleData>
		<SimpleData name="emprise">CAPI</SimpleData>
		<SimpleData name="affiche_in">Carto RGPH5 2019-2020</SimpleData>
		<SimpleData name="date_modif">0.0008053786</SimpleData>
	</SchemaData></ExtendedData>
      <Polygon><outerBoundaryIs><LinearRing><coordinates>-9.59072275999995,13.039755568 -9.59003567599996,13.0397195780001 -9.58688807299995,13.039554703 -9.58152375399993,13.039273716 -9.57772207999994,13.03907458 -9.57573215499997,13.038970347 -9.56801928699997,13.0391550860001 -9.56381105599996,13.039255881 -9.55762922799994,13.038052485 -9.56209368099996,13.0188658120001 -9.56223227399994,13.0177570700001 -9.56425054899995,13.017747505 -9.56733282499994,13.017732897 -9.58434164199997,13.017652287 -9.58624297799997,13.0177174450001 -9.59400641599996,13.0179835000001 -9.59764713899995,13.0180059740001 -9.59725085699995,13.0318054580001 -9.59701945099994,13.039863579 -9.59072275999995,13.039755568</coordinates></LinearRing></outerBoundaryIs></Polygon>
  </Placemark>
  <Placemark id="SE_0001.121">
	<name>101587.0</name>
	<description>17419.0</description>
	<Style><LineStyle><color>ff0000ff</color></LineStyle><PolyStyle><fill>0</fill></PolyStyle></Style>
	<ExtendedData><SchemaData schemaUrl="#SE_0001">
		<SimpleData name="fid">17524.0</SimpleData>
		<SimpleData name="id">01</SimpleData>
		<SimpleData name="objectid">Kayes</SimpleData>
		<SimpleData name="region">15</SimpleData>
		<SimpleData name="lregion">Kita</SimpleData>
		<SimpleData name="cercle">1527</SimpleData>
		<SimpleData name="lcercle">Sefeto Nord</SimpleData>
		<SimpleData name="commune">RU</SimpleData>
		<SimpleData name="lcommune">0001</SimpleData>
		<SimpleData name="type_com">002</SimpleData>
		<SimpleData name="num_se">714.0</SimpleData>
		<SimpleData name="num_dd">1506.0</SimpleData>
		<SimpleData name="pop_se">1527002.0</SimpleData>
		<SimpleData name="idzc">15270001.0</SimpleData>
		<SimpleData name="iddd">Accessible</SimpleData>
		<SimpleData name="idse">SE Sedentaire</SimpleData>
		<SimpleData name="resultat_c">Commune Sedentaire</SimpleData>
		<SimpleData name="statut_se">CAPI</SimpleData>
		<SimpleData name="mode_vie_c">Oui</SimpleData>
		<SimpleData name="statut_col">Non</SimpleData>
		<SimpleData name="emprise">CAPI</SimpleData>
		<SimpleData name="affiche_in">Carto RGPH5 2019-2020</SimpleData>
		<SimpleData name="date_modif">0.0020971684</SimpleData>
	</SchemaData></ExtendedData>
      <Polygon><outerBoundaryIs><LinearRing><coordinates>-9.75200679899996,14.3018817660001 -9.74912570299995,14.2960116250001 -9.74820778099996,14.294141387 -9.74365159099995,14.284858297 -9.74098339999995,14.279421943 -9.73970830599995,14.2759956510001 -9.73686048799993,14.268343305 -9.73658445499996,14.267601579 -9.73680146199996,14.2673750550001 -9.73680908899996,14.2673653140001 -9.73695945799994,14.267173277 -9.73708699699995,14.267087615 -9.73717075399998,14.267070484 -9.73726593299995,14.2670666760001 -9.73753243199997,14.2670800020001 -9.73789220699996,14.2671066520001 -9.73828624599997,14.26715424 -9.73852990199993,14.267140915 -9.73871216899994,14.2670812870001 -9.73883851799997,14.2670448810001 -9.73905838099995,14.2669606470001 -9.73909621399997,14.266950654 -9.73923327099993,14.2669270980001 -9.73937603899998,14.2668614250001 -9.73949596399996,14.266825732 -9.73962730999995,14.266797179 -9.73980148599998,14.266744354 -9.73992141099995,14.2666558380001 -9.73999208099997,14.266609439 -9.74013056599995,14.2665230650001 -9.74032258799997,14.266429552 -9.74045870299994,14.2663289830001 -9.74068259099994,14.2664161180001 -9.74094813899995,14.266473225 -9.74115657899995,14.2665603130001 -9.74137786899996,14.2666673890001 -9.74147780699997,14.266708791 -9.74170908999997,14.2667730370001 -9.74184186399998,14.266814439 -9.74222590899996,14.266814439 -9.74253999799993,14.2668272880001 -9.74266420599997,14.266852987 -9.74281839499997,14.2668858230001 -9.74289263399993,14.266888679 -9.74292261499994,14.2668758290001 -9.74302683599996,14.266797307 -9.74318673599993,14.266797307 -9.74339374899995,14.266815867 -9.74374638499995,14.2668101560001 -9.74390913999997,14.2668058730001 -9.74414613399995,14.266774464 -9.74443595299994,14.2667473390001 -9.74467722999998,14.266764471 -9.74481285899998,14.2667616150001 -9.74497704199996,14.2667516220001 -9.74510696099998,14.2667145020001 -9.74548957799993,14.2666231310001 -9.74606493199997,14.266528904 -9.74677222599996,14.2664430350001 -9.74752473099994,14.266172372 -9.75201224599994,14.2640779500001 -9.75413887499997,14.2630003310001 -9.77813736599995,14.2499652500001 -9.79816545499995,14.2668513470001 -9.78908982999997,14.271641958 -9.77986960999993,14.29110652 -9.77921699299998,14.2924842420001 -9.77605018199995,14.299169611 -9.76606152999994,14.3202563900001 -9.76459474599994,14.323352878 -9.76331204499996,14.3245271820001 -9.76318042699995,14.324647677 -9.75517870499993,14.308344424 -9.75200679899996,14.3018817660001</coordinates></LinearRing></outerBoundaryIs></Polygon>
  </Placemark>
  <Placemark id="SE_0001.122">
	<name>101600.0</name>
	<description>17432.0</description>
	<Style><LineStyle><color>ff0000ff</color></LineStyle><PolyStyle><fill>0</fill></PolyStyle></Style>
	<ExtendedData><SchemaData schemaUrl="#SE_0001">
		<SimpleData name="fid">17537.0</SimpleData>
		<SimpleData name="id">01</SimpleData>
		<SimpleData name="objectid">Kayes</SimpleData>
		<SimpleData name="region">16</SimpleData>
		<SimpleData name="lregion">Nioro</SimpleData>
		<SimpleData name="cercle">1612</SimpleData>
		<SimpleData name="lcercle">Sandare</SimpleData>
		<SimpleData name="commune">RU</SimpleData>
		<SimpleData name="lcommune">0001</SimpleData>
		<SimpleData name="type_com">001</SimpleData>
		<SimpleData name="num_se">998.0</SimpleData>
		<SimpleData name="num_dd">1607.0</SimpleData>
		<SimpleData name="pop_se">1612001.0</SimpleData>
		<SimpleData name="idzc">16120001.0</SimpleData>
		<SimpleData name="iddd">Accessible</SimpleData>
		<SimpleData name="idse">SE Sedentaire</SimpleData>
		<SimpleData name="resultat_c">Commune Sedentaire</SimpleData>
		<SimpleData name="statut_se">CAPI</SimpleData>
		<SimpleData name="mode_vie_c">Oui</SimpleData>
		<SimpleData name="statut_col">Non</SimpleData>
		<SimpleData name="emprise">CAPI</SimpleData>
		<SimpleData name="affiche_in">Carto RGPH5 2019-2020</SimpleData>
		<SimpleData name="date_modif">0.0021937003</SimpleData>
	</SchemaData></ExtendedData>
      <Polygon><outerBoundaryIs><LinearRing><coordinates>-10.305694435,14.702780144 -10.3056065919999,14.702762255 -10.305450499,14.702708955 -10.30529631,14.702623294 -10.3052106489999,14.7025509580001 -10.305204939,14.7024995620001 -10.3052353959999,14.702406287 -10.305279178,14.702305398 -10.3053515129999,14.7021816660001 -10.305477149,14.7018352170001 -10.3055342559999,14.701622017 -10.305499992,14.701326964 -10.305216822,14.700190288 -10.266900345,14.6801388100001 -10.266855617,14.674075311 -10.2667658299999,14.6619033540001 -10.265483087,14.635715598 -10.271275529,14.638154725 -10.2770337539999,14.643296843 -10.2786416009999,14.6441738500001 -10.283315531,14.646723267 -10.288625732,14.6478980900001 -10.299448276,14.650292458 -10.31386781,14.654432721 -10.3161248449999,14.678122667 -10.314948414,14.687921139 -10.3142089049999,14.6940804970001 -10.313608646,14.6990800410001 -10.313590495,14.699141755 -10.3133231109999,14.70005086 -10.313329742,14.700143697 -10.313363178,14.700611802 -10.313381787,14.7008723280001 -10.3133992539999,14.701116858 -10.313724054,14.7022837330001 -10.3132178929999,14.702432104 -10.3128609729999,14.70253918 -10.3125189259999,14.702631384 -10.312396978,14.7026611270001 -10.3123434409999,14.702646256 -10.3123107229999,14.7025927180001 -10.312266108,14.7023755920001 -10.3122452879999,14.7022863620001 -10.312159032,14.702271491 -10.3114213989999,14.702455899 -10.310772996,14.702604615 -10.309981826,14.702756306 -10.309824186,14.7027771260001 -10.309755777,14.702780101 -10.309303679,14.702896099 -10.308729634,14.703056713 -10.308545226,14.703116199 -10.308464919,14.703139994 -10.30839651,14.703223275 -10.3083251259999,14.7033749660001 -10.3081764099999,14.703538554 -10.3079087199999,14.703612912 -10.3077510809999,14.7036456290001 -10.3075845189999,14.703648604 -10.307397136,14.7036932190001 -10.307185959,14.703773525 -10.3070342679999,14.7038359860001 -10.306864732,14.7038687040001 -10.3067431549999,14.703912267 -10.3067419509999,14.7038826560001 -10.3066434689999,14.7030871760001 -10.3065654229999,14.702525623 -10.306546464,14.7023461430001 -10.306465153,14.702362511 -10.3062271699999,14.7024313210001 -10.30606,14.702513 -10.30598988,14.7025767710001 -10.305713243,14.702748935 -10.305694435,14.702780144</coordinates></LinearRing></outerBoundaryIs></Polygon>
  </Placemark>
  <Placemark id="SE_0001.123">
	<name>101690.0</name>
	<description>17522.0</description>
	<Style><LineStyle><color>ff0000ff</color></LineStyle><PolyStyle><fill>0</fill></PolyStyle></Style>
	<ExtendedData><SchemaData schemaUrl="#SE_0001">
		<SimpleData name="fid">17627.0</SimpleData>
		<SimpleData name="id">01</SimpleData>
		<SimpleData name="objectid">Kayes</SimpleData>
		<SimpleData name="region">16</SimpleData>
		<SimpleData name="lregion">Nioro</SimpleData>
		<SimpleData name="cercle">1601</SimpleData>
		<SimpleData name="lcercle">Nioro commune</SimpleData>
		<SimpleData name="commune">UR</SimpleData>
		<SimpleData name="lcommune">0001</SimpleData>
		<SimpleData name="type_com">001</SimpleData>
		<SimpleData name="num_se">596.0</SimpleData>
		<SimpleData name="num_dd">1602.0</SimpleData>
		<SimpleData name="pop_se">1601001.0</SimpleData>
		<SimpleData name="idzc">16010001.0</SimpleData>
		<SimpleData name="iddd">Accessible</SimpleData>
		<SimpleData name="idse">SE Sedentaire</SimpleData>
		<SimpleData name="resultat_c">Commune Sedentaire</SimpleData>
		<SimpleData name="statut_se">CAPI</SimpleData>
		<SimpleData name="mode_vie_c">Oui</SimpleData>
		<SimpleData name="statut_col">Non</SimpleData>
		<SimpleData name="emprise">CAPI</SimpleData>
		<SimpleData name="affiche_in">Carto RGPH5 2019-2020</SimpleData>
		<SimpleData name="date_modif">0.0001346511</SimpleData>
	</SchemaData></ExtendedData>
      <Polygon><outerBoundaryIs><LinearRing><coordinates>-9.58109020099994,15.2200473140001 -9.58088920899996,15.219606678 -9.58024675499996,15.2178696720001 -9.58081187699997,15.217548444 -9.58143053699996,15.2171796280001 -9.58233116299994,15.2166228340001 -9.58341400999996,15.2163396820001 -9.58394906799998,15.216023337 -9.58404572399996,15.2159661910001 -9.57884319599998,15.2021924900001 -9.57961757099997,15.201899999 -9.58059431999993,15.2016252880001 -9.58208944399996,15.201204783 -9.58312305599998,15.2009140800001 -9.58387735999997,15.2007019320001 -9.58453739499993,15.2022036130001 -9.59001609299997,15.214668482 -9.59179073799993,15.2187060680001 -9.58793577099993,15.2199757860001 -9.58647430199994,15.220457154 -9.58622037399994,15.22054079 -9.58512761799994,15.2209007120001 -9.58523502899993,15.2211462230001 -9.58528536899996,15.2212612860001 -9.58536080499994,15.221433711 -9.58457158199997,15.221837007 -9.58449660699995,15.221875319 -9.58448284999997,15.221882121 -9.58403749399997,15.222102297 -9.58398435199996,15.22212667 -9.58355761499996,15.222322392 -9.58352292799998,15.2223370680001 -9.58306046699994,15.221325839 -9.58194212099994,15.2218374230001 -9.58109020099994,15.2200473140001</coordinates></LinearRing></outerBoundaryIs></Polygon>
  </Placemark>
  <Placemark id="SE_0001.124">
	<name>101729.0</name>
	<description>17561.0</description>
	<Style><LineStyle><color>ff0000ff</color></LineStyle><PolyStyle><fill>0</fill></PolyStyle></Style>
	<ExtendedData><SchemaData schemaUrl="#SE_0001">
		<SimpleData name="fid">17666.0</SimpleData>
		<SimpleData name="id">01</SimpleData>
		<SimpleData name="objectid">Kayes</SimpleData>
		<SimpleData name="region">16</SimpleData>
		<SimpleData name="lregion">Nioro</SimpleData>
		<SimpleData name="cercle">1613</SimpleData>
		<SimpleData name="lcercle">Simbi</SimpleData>
		<SimpleData name="commune">RU</SimpleData>
		<SimpleData name="lcommune">0001</SimpleData>
		<SimpleData name="type_com">003</SimpleData>
		<SimpleData name="num_se">750.0</SimpleData>
		<SimpleData name="num_dd">1605.0</SimpleData>
		<SimpleData name="pop_se">1613003.0</SimpleData>
		<SimpleData name="idzc">16130001.0</SimpleData>
		<SimpleData name="iddd">Accessible</SimpleData>
		<SimpleData name="idse">SE Sedentaire</SimpleData>
		<SimpleData name="resultat_c">Commune Sedentaire</SimpleData>
		<SimpleData name="statut_se">CAPI</SimpleData>
		<SimpleData name="mode_vie_c">Oui</SimpleData>
		<SimpleData name="statut_col">Non</SimpleData>
		<SimpleData name="emprise">CAPI</SimpleData>
		<SimpleData name="affiche_in">Carto RGPH5 2019-2020</SimpleData>
		<SimpleData name="date_modif">0.002476059</SimpleData>
	</SchemaData></ExtendedData>
      <Polygon><outerBoundaryIs><LinearRing><coordinates>-9.69788459799997,14.873434005 -9.68352370899993,14.904529467 -9.68314656499996,14.9049951280001 -9.68286102899998,14.9053936870001 -9.68246841799993,14.9059766550001 -9.68180811799994,14.9068689540001 -9.68164155599993,14.907130694 -9.68158206899994,14.90741028 -9.68149727899993,14.9077759370001 -9.68139104599993,14.907756432 -9.68130181599997,14.9077504840001 -9.68123340699998,14.9077296630001 -9.68111443399994,14.9076701770001 -9.68099843499994,14.907580947 -9.68092407699993,14.9075303830001 -9.68084674399995,14.9074619740001 -9.68078130899994,14.9074292560001 -9.68074264299997,14.9074024870001 -9.68067423299993,14.9073281290001 -9.68059987499993,14.907325155 -9.68037977499995,14.9073608470001 -9.68028816599997,14.90739059 -9.68009542999994,14.9074262820001 -9.68000263099998,14.9074405590001 -9.67996693899994,14.907466733 -9.67980751499994,14.9076309160001 -9.67968378299997,14.9077641650001 -9.67959812199996,14.9078783800001 -9.67954101499993,14.90791883 -9.67948152899993,14.9079783170001 -9.67942917999994,14.9080068710001 -9.67927927399995,14.9080378040001 -9.67912698899994,14.9080449420001 -9.67908891799993,14.9080378040001 -9.67902705199998,14.90796642 -9.67901753399997,14.907899795 -9.67899849799994,14.9077903400001 -9.67903180999997,14.9076832640001 -9.67911985099994,14.907495286 -9.67921502899998,14.9073858310001 -9.67936255599994,14.9071669210001 -9.67951246199993,14.9069480100001 -9.67960050199997,14.906800484 -9.67973850999994,14.906626783 -9.67984796599995,14.9064554620001 -9.67988841599993,14.9063674220001 -9.67994790299997,14.9063126940001 -9.68000738899997,14.906158029 -9.68001214799995,14.9060699890001 -9.68000025099997,14.9060176410001 -9.67991696999997,14.906005744 -9.67952673799994,14.9060200210001 -9.67928403299993,14.906000985 -9.67920996499993,14.9059966300001 -9.67915047899993,14.9059549890001 -9.67904340299998,14.905752735 -9.67830576999995,14.904551107 -9.63468611399998,14.865058302 -9.63183075999996,14.848877967 -9.69712316999994,14.848306897 -9.69788459799997,14.873434005</coordinates></LinearRing></outerBoundaryIs></Polygon>
  </Placemark>
  <Placemark id="SE_0001.125">
	<name>101761.0</name>
	<description>17593.0</description>
	<Style><LineStyle><color>ff0000ff</color></LineStyle><PolyStyle><fill>0</fill></PolyStyle></Style>
	<ExtendedData><SchemaData schemaUrl="#SE_0001">
		<SimpleData name="fid">17698.0</SimpleData>
		<SimpleData name="id">01</SimpleData>
		<SimpleData name="objectid">Kayes</SimpleData>
		<SimpleData name="region">17</SimpleData>
		<SimpleData name="lregion">Yelimane</SimpleData>
		<SimpleData name="cercle">1709</SimpleData>
		<SimpleData name="lcercle">Marekafo</SimpleData>
		<SimpleData name="commune">RU</SimpleData>
		<SimpleData name="lcommune">0001</SimpleData>
		<SimpleData name="type_com">001</SimpleData>
		<SimpleData name="num_se">955.0</SimpleData>
		<SimpleData name="num_dd">1706.0</SimpleData>
		<SimpleData name="pop_se">1709001.0</SimpleData>
		<SimpleData name="idzc">17090001.0</SimpleData>
		<SimpleData name="iddd">Accessible</SimpleData>
		<SimpleData name="idse">SE Sedentaire</SimpleData>
		<SimpleData name="resultat_c">Commune Sedentaire</SimpleData>
		<SimpleData name="statut_se">CAPI</SimpleData>
		<SimpleData name="mode_vie_c">Oui</SimpleData>
		<SimpleData name="statut_col">Non</SimpleData>
		<SimpleData name="emprise">CAPI</SimpleData>
		<SimpleData name="affiche_in">Carto RGPH5 2019-2020</SimpleData>
		<SimpleData name="date_modif">0.000420594</SimpleData>
	</SchemaData></ExtendedData>
      <Polygon><outerBoundaryIs><LinearRing><coordinates>-10.942776543,15.011225816 -10.942652414,15.0112508 -10.9425286819999,15.011243662 -10.9423502229999,15.0110961350001 -10.942102759,15.0108915010001 -10.942013529,15.010869432 -10.941920373,15.0108797830001 -10.94181758,15.0109119050001 -10.941721926,15.010937604 -10.941666604,15.010982932 -10.941652684,15.011007917 -10.941648401,15.01108858 -10.941656967,15.0111456870001 -10.9416662469999,15.011259545 -10.941649828,15.011322362 -10.94155346,15.0113494880001 -10.941440674,15.011344848 -10.941301832,15.011350559 -10.9412197409999,15.0113494880001 -10.9410255769999,15.0113609100001 -10.940942058,15.0113787560001 -10.9407164849999,15.011398743 -10.94061619,15.011402312 -10.9404413,15.011460609 -10.940143867,15.011512957 -10.94009033,15.011492732 -10.940026084,15.0112690620001 -10.93995589,15.011098931 -10.9398880749999,15.0109133330001 -10.9397286509999,15.0107479600001 -10.9395823149999,15.010607572 -10.939489516,15.010460046 -10.939327712,15.010173321 -10.939195652,15.0099770150001 -10.9390969049999,15.009793797 -10.939101664,15.009593922 -10.9391242679999,15.009436877 -10.939284882,15.0090847170001 -10.9391480629999,15.008767059 -10.9389398599999,15.008419658 -10.938663843,15.007922351 -10.9383009749999,15.007301311 -10.938139172,15.007007448 -10.937823893,15.0067171540001 -10.937233787,15.006055663 -10.9367459969999,15.0054810240001 -10.9366564489999,14.9967404270001 -10.9675286089999,14.997107515 -10.9645955509999,15.004055705 -10.962876562,15.0081278600001 -10.9622036,15.009722056 -10.96157117,15.0112202350001 -10.9613759489999,15.0116826990001 -10.960741104,15.013186596 -10.9607183159999,15.0132405790001 -10.960618616,15.013476763 -10.960194513,15.014481431 -10.9599818039999,15.014985322 -10.959821263,15.015365629 -10.9430788499999,15.0105882080001 -10.943037094,15.0106892470001 -10.942972848,15.0107832360001 -10.942908603,15.010892691 -10.9428384089999,15.0110616330001 -10.942776543,15.011225816</coordinates></LinearRing></outerBoundaryIs></Polygon>
  </Placemark>
  <Placemark id="SE_0001.126">
	<name>101771.0</name>
	<description>17603.0</description>
	<Style><LineStyle><color>ff0000ff</color></LineStyle><PolyStyle><fill>0</fill></PolyStyle></Style>
	<ExtendedData><SchemaData schemaUrl="#SE_0001">
		<SimpleData name="fid">17708.0</SimpleData>
		<SimpleData name="id">01</SimpleData>
		<SimpleData name="objectid">Kayes</SimpleData>
		<SimpleData name="region">17</SimpleData>
		<SimpleData name="lregion">Yelimane</SimpleData>
		<SimpleData name="cercle">1702</SimpleData>
		<SimpleData name="lcercle">Diafounou diongaga</SimpleData>
		<SimpleData name="commune">RU</SimpleData>
		<SimpleData name="lcommune">0001</SimpleData>
		<SimpleData name="type_com">003</SimpleData>
		<SimpleData name="num_se">742.0</SimpleData>
		<SimpleData name="num_dd">1706.0</SimpleData>
		<SimpleData name="pop_se">1702003.0</SimpleData>
		<SimpleData name="idzc">17020001.0</SimpleData>
		<SimpleData name="iddd">Accessible</SimpleData>
		<SimpleData name="idse">SE Sedentaire</SimpleData>
		<SimpleData name="resultat_c">Commune Sedentaire</SimpleData>
		<SimpleData name="statut_se">CAPI</SimpleData>
		<SimpleData name="mode_vie_c">Non</SimpleData>
		<SimpleData name="statut_col">Oui</SimpleData>
		<SimpleData name="emprise">CAPI</SimpleData>
		<SimpleData name="affiche_in">Carto RGPH5 2019-2020</SimpleData>
		<SimpleData name="date_modif">0.0003010801</SimpleData>
	</SchemaData></ExtendedData>
      <Polygon><outerBoundaryIs><LinearRing><coordinates>-10.8803012609999,15.071745591 -10.88031389,15.0717374070001 -10.8804335309999,15.071659862 -10.880555194,15.07158137 -10.881171164,15.0711839680001 -10.8816004409999,15.0709841550001 -10.882890109,15.0706129590001 -10.8838322139999,15.07033461 -10.883937072,15.070303629 -10.884008455,15.0697420770001 -10.884058979,15.0693219290001 -10.8840732799999,15.0692030060001 -10.884072052,15.0691781300001 -10.883970087,15.0671119290001 -10.884373222,15.0658653400001 -10.884447579,15.0650474330001 -10.884744245,15.0617841930001 -10.882965838,15.0586282140001 -10.88201994,15.0569496160001 -10.884289634,15.056933568 -10.884633558,15.05670208 -10.8849108069999,15.05651547 -10.885288486,15.0560760550001 -10.886423301,15.0547557420001 -10.888313437,15.0525566420001 -10.8906847069999,15.0514839250001 -10.8913115569999,15.05120035 -10.892768648,15.0511717790001 -10.8949521329999,15.051128965 -10.8964036039999,15.0526637180001 -10.898216713,15.054527191 -10.8985451189999,15.054864719 -10.901162526,15.057363154 -10.8999727959999,15.058738482 -10.89880686,15.0596902660001 -10.897332322,15.062677529 -10.8974092139999,15.0656911630001 -10.89749633,15.069105506 -10.897509167,15.0696086300001 -10.897588167,15.072704903 -10.897593061,15.0728967150001 -10.8969282149999,15.072978382 -10.8935684159999,15.073597041 -10.89284506,15.073547073 -10.89156794,15.0734066150001 -10.890544607,15.073294069 -10.8893401139999,15.073161601 -10.887885668,15.073289496 -10.8869219869999,15.073396572 -10.885644692,15.0735901420001 -10.885280634,15.073581576 -10.8849194319999,15.073601562 -10.884676917,15.073641062 -10.883882177,15.073593472 -10.883878039,15.072716111 -10.883575735,15.0727638430001 -10.8826049149999,15.073192147 -10.8821547549999,15.073603162 -10.882119573,15.073635284 -10.881948184,15.0737917710001 -10.8814778679999,15.0742211890001 -10.881291453,15.074391394 -10.8812158059999,15.074579768 -10.88107696,15.074423666 -10.880946089,15.07405485 -10.880761681,15.0734599850001 -10.8805415809999,15.072621225 -10.880493992,15.0722583560001 -10.880373982,15.071932616 -10.880327429,15.071806259 -10.8803012609999,15.071745591</coordinates></LinearRing></outerBoundaryIs></Polygon>
  </Placemark>
  <Placemark id="SE_0001.127">
	<name>101808.0</name>
	<description>17640.0</description>
	<Style><LineStyle><color>ff0000ff</color></LineStyle><PolyStyle><fill>0</fill></PolyStyle></Style>
	<ExtendedData><SchemaData schemaUrl="#SE_0001">
		<SimpleData name="fid">17745.0</SimpleData>
		<SimpleData name="id">01</SimpleData>
		<SimpleData name="objectid">Kayes</SimpleData>
		<SimpleData name="region">17</SimpleData>
		<SimpleData name="lregion">Yelimane</SimpleData>
		<SimpleData name="cercle">1703</SimpleData>
		<SimpleData name="lcercle">Diafounou tambacara</SimpleData>
		<SimpleData name="commune">RU</SimpleData>
		<SimpleData name="lcommune">0001</SimpleData>
		<SimpleData name="type_com">001</SimpleData>
		<SimpleData name="num_se">770.0</SimpleData>
		<SimpleData name="num_dd">1705.0</SimpleData>
		<SimpleData name="pop_se">1703001.0</SimpleData>
		<SimpleData name="idzc">17030001.0</SimpleData>
		<SimpleData name="iddd">Accessible</SimpleData>
		<SimpleData name="idse">SE Sedentaire</SimpleData>
		<SimpleData name="resultat_c">Commune Sedentaire</SimpleData>
		<SimpleData name="statut_se">CAPI</SimpleData>
		<SimpleData name="mode_vie_c">Oui</SimpleData>
		<SimpleData name="statut_col">Non</SimpleData>
		<SimpleData name="emprise">CAPI</SimpleData>
		<SimpleData name="affiche_in">Carto RGPH5 2019-2020</SimpleData>
		<SimpleData name="date_modif">0.0011035615</SimpleData>
	</SchemaData></ExtendedData>
      <Polygon><outerBoundaryIs><LinearRing><coordinates>-10.839543883,15.069330301 -10.8395381719999,15.069066181 -10.839543883,15.06888201 -10.839499625,15.068720683 -10.839408254,15.0686450160001 -10.839311172,15.0685579280001 -10.839216945,15.068426582 -10.839102731,15.068242411 -10.838900001,15.067999706 -10.838671572,15.0676799070001 -10.8386438319999,15.0676468460001 -10.838254691,15.0671830750001 -10.838036256,15.066910389 -10.837589394,15.0664049910001 -10.8370297439999,15.065826782 -10.8369954799999,15.0657581350001 -10.837040095,15.0654844970001 -10.83706389,15.064663583 -10.836930045,15.0641103580001 -10.8367753799999,15.063179394 -10.836772406,15.062780834 -10.836712919,15.062296019 -10.8365195879999,15.0617903840001 -10.836411386,15.06139302 -10.836347077,15.0611568520001 -10.836237027,15.0605322440001 -10.8362364139999,15.0605296370001 -10.836097234,15.059937378 -10.8360119119999,15.059548277 -10.835749925,15.0583535160001 -10.835727822,15.05825272 -10.8304860379999,15.031366812 -10.8345467779999,15.031563299 -10.840414761,15.0318472330001 -10.8700357439999,15.033280507 -10.870006829,15.033346399 -10.8645284049999,15.0458306 -10.863363557,15.056970015 -10.863246433,15.058090066 -10.863000526,15.060441666 -10.862388527,15.066294193 -10.8623049199999,15.067093728 -10.857589328,15.0678122940001 -10.846215505,15.0685975160001 -10.8429092439999,15.0691923810001 -10.8422971269999,15.069260791 -10.8415535459999,15.0692756620001 -10.840894465,15.069270338 -10.8405946529999,15.0692846150001 -10.8404376079999,15.069344578 -10.8402762809999,15.069398829 -10.840063557,15.0694559360001 -10.8398094309999,15.069525893 -10.83977413,15.0695352810001 -10.839675229,15.069561584 -10.839613839,15.069557301 -10.8395901769999,15.0695283800001 -10.8395495939999,15.0694787790001 -10.839543883,15.069330301</coordinates></LinearRing></outerBoundaryIs></Polygon>
  </Placemark>
  <Placemark id="SE_0001.128">
	<name>101842.0</name>
	<description>17674.0</description>
	<Style><LineStyle><color>ff0000ff</color></LineStyle><PolyStyle><fill>0</fill></PolyStyle></Style>
	<ExtendedData><SchemaData schemaUrl="#SE_0001">
		<SimpleData name="fid">17779.0</SimpleData>
		<SimpleData name="id">01</SimpleData>
		<SimpleData name="objectid">Kayes</SimpleData>
		<SimpleData name="region">17</SimpleData>
		<SimpleData name="lregion">Yelimane</SimpleData>
		<SimpleData name="cercle">1701</SimpleData>
		<SimpleData name="lcercle">Guidime</SimpleData>
		<SimpleData name="commune">RU</SimpleData>
		<SimpleData name="lcommune">0001</SimpleData>
		<SimpleData name="type_com">001</SimpleData>
		<SimpleData name="num_se">979.0</SimpleData>
		<SimpleData name="num_dd">1701.0</SimpleData>
		<SimpleData name="pop_se">1701001.0</SimpleData>
		<SimpleData name="idzc">17010001.0</SimpleData>
		<SimpleData name="iddd">Accessible</SimpleData>
		<SimpleData name="idse">SE Sedentaire</SimpleData>
		<SimpleData name="resultat_c">Commune Sedentaire</SimpleData>
		<SimpleData name="statut_se">CAPI</SimpleData>
		<SimpleData name="mode_vie_c">Non</SimpleData>
		<SimpleData name="statut_col">Oui</SimpleData>
		<SimpleData name="emprise">CAPI</SimpleData>
		<SimpleData name="affiche_in">Carto RGPH5 2019-2020</SimpleData>
		<SimpleData name="date_modif">3.12947e-05</SimpleData>
	</SchemaData></ExtendedData>
      <Polygon><outerBoundaryIs><LinearRing><coordinates>-10.572155503,15.1187278530001 -10.572256393,15.118483245 -10.572348716,15.1182776590001 -10.572386787,15.1182519610001 -10.572529555,15.118127277 -10.5726485279999,15.117983558 -10.572725813,15.118013825 -10.572834316,15.1180518960001 -10.572999927,15.1181128100001 -10.5731492379999,15.118187049 -10.5732454719999,15.1181988060001 -10.573249088,15.1181496340001 -10.573485885,15.1181635670001 -10.573677141,15.1181527410001 -10.5738011629999,15.1181457210001 -10.574615912,15.1181273890001 -10.5746347159999,15.118553627 -10.5746163069999,15.1186798640001 -10.5747084019999,15.1186736550001 -10.5750772179999,15.1186736550001 -10.575695878,15.1186558090001 -10.5761836679999,15.118646886 -10.577197913,15.1186141690001 -10.57762919,15.1185992970001 -10.5778694529999,15.1185921250001 -10.5779054679999,15.1185910500001 -10.5780277499999,15.1185874 -10.578830818,15.118536836 -10.579190712,15.1185249390001 -10.5793513249999,15.118554682 -10.57937512,15.118626067 -10.5793959229999,15.1188043770001 -10.5793959379999,15.118804525 -10.579434401,15.118945336 -10.579437,15.119072842 -10.579386389,15.119174064 -10.5793085089999,15.119329824 -10.5793085089999,15.119465453 -10.57931409,15.1194719650001 -10.579374554,15.119542505 -10.5793941699999,15.119565391 -10.5794095549999,15.11957539 -10.5794122459999,15.1195771390001 -10.5795231499999,15.119649227 -10.5795369369999,15.1196581900001 -10.5795440759999,15.1200079700001 -10.579437,15.1203791660001 -10.5794088079999,15.1204147760001 -10.5793434189999,15.120497372 -10.5793023209999,15.120549285 -10.579289101,15.1205659840001 -10.5792766719999,15.1205816840001 -10.5791657409999,15.120721809 -10.578783712,15.121146971 -10.578723162,15.121214358 -10.578686234,15.1219282770001 -10.5786845929999,15.121960002 -10.5786803309999,15.1220424090001 -10.578608948,15.122470713 -10.5787228799999,15.1226708610001 -10.578630081,15.123613128 -10.5787335169999,15.1237926200001 -10.5780356249999,15.12381817 -10.577810744,15.123776954 -10.5768105409999,15.1237356620001 -10.576358242,15.1237169890001 -10.5763614009999,15.1227370720001 -10.5762671489999,15.122723825 -10.575137753,15.122690047 -10.5745697429999,15.1226967210001 -10.574285204,15.122464504 -10.5728722869999,15.1220544810001 -10.5722581539999,15.1218695040001 -10.57180726,15.1217336940001 -10.5718319339999,15.121664852 -10.571874764,15.121411439 -10.5719354409999,15.1208582140001 -10.5719639939999,15.1206155090001 -10.571988978,15.120512003 -10.57203563,15.1202198820001 -10.572083219,15.1199319680001 -10.572150306,15.119707745 -10.572125559,15.11969442 -10.5720303809999,15.119656349 -10.571982792,15.1196106630001 -10.571908553,15.1194659920001 -10.5718914199999,15.119410788 -10.571828603,15.1193765240001 -10.5718247959999,15.1193422600001 -10.571847638,15.1191614210001 -10.571892406,15.119145568 -10.5719502269999,15.119154134 -10.5720212539999,15.1191691240001 -10.5720631799999,15.1191847100001 -10.572107914,15.1191989860001 -10.5721136249999,15.119180903 -10.572131709,15.118937246 -10.5721497929999,15.118771635 -10.572155503,15.1187278530001</coordinates></LinearRing></outerBoundaryIs></Polygon>
  </Placemark>
  <Placemark id="SE_0001.129">
	<name>109620.0</name>
	<description>25441.0</description>
	<Style><LineStyle><color>ff0000ff</color></LineStyle><PolyStyle><fill>0</fill></PolyStyle></Style>
	<ExtendedData><SchemaData schemaUrl="#SE_0001">
		<SimpleData name="fid">25606.0</SimpleData>
		<SimpleData name="id">01</SimpleData>
		<SimpleData name="objectid">Kayes</SimpleData>
		<SimpleData name="region">15</SimpleData>
		<SimpleData name="lregion">Kita</SimpleData>
		<SimpleData name="cercle">1526</SimpleData>
		<SimpleData name="lcercle">Sebekoro</SimpleData>
		<SimpleData name="commune">RU</SimpleData>
		<SimpleData name="lcommune">0001</SimpleData>
		<SimpleData name="type_com">001</SimpleData>
		<SimpleData name="num_se">999.0</SimpleData>
		<SimpleData name="num_dd">1518.0</SimpleData>
		<SimpleData name="pop_se">1526001.0</SimpleData>
		<SimpleData name="idzc">15260001.0</SimpleData>
		<SimpleData name="iddd">Accessible</SimpleData>
		<SimpleData name="idse">SE Sedentaire</SimpleData>
		<SimpleData name="resultat_c">Commune Sedentaire</SimpleData>
		<SimpleData name="statut_se">CAPI</SimpleData>
		<SimpleData name="mode_vie_c">Oui</SimpleData>
		<SimpleData name="statut_col">Non</SimpleData>
		<SimpleData name="emprise">CAPI</SimpleData>
		<SimpleData name="affiche_in">Carto RGPH5 2019-2020</SimpleData>
		<SimpleData name="date_modif">0.0002792176</SimpleData>
	</SchemaData></ExtendedData>
      <Polygon><outerBoundaryIs><LinearRing><coordinates>-8.99255107599993,12.9658309870001 -8.99135431399998,12.9737669130001 -8.98608493999996,12.9739624380001 -8.97856584299996,12.9725347620001 -8.97265961299996,12.969150004 -8.97079800499995,12.9680831490001 -8.96663198399995,12.9656956750001 -8.96468510499994,12.965241016 -8.95963718199994,12.964062159 -8.94955473599993,12.961707576 -8.93749274099997,12.958950547 -8.93817832999997,12.955956138 -8.93858519999998,12.954226943 -8.97512007799997,12.9649527130001 -8.97590529999997,12.96523111 -8.97836090399994,12.965645136 -8.97948033499995,12.965722257 -8.98237157699998,12.966868323 -8.98298657599997,12.965866426 -8.98316717699993,12.9657732700001 -8.98365258699994,12.965741861 -8.98449777199994,12.9657932580001 -8.98479330099997,12.965837516 -8.98573128399994,12.9659288870001 -8.98619242399997,12.965981711 -8.98647653199993,12.966043101 -8.98670924299995,12.966073082 -8.98716038899994,12.9661401830001 -8.98764294299997,12.966171592 -8.98782060299993,12.966196382 -8.98803351499993,12.9649963360001 -8.98968248099993,12.965303287 -8.98973958799996,12.9651605190001 -8.99108874199993,12.965324702 -8.99102035599998,12.965666852 -8.99162259199994,12.965625743 -8.99255107599993,12.9658309870001</coordinates></LinearRing></outerBoundaryIs></Polygon>
  </Placemark>
</Folder>
</Document></kml>
